experiment_id,trial_id,case_id,speech_id,order,round,player_id,mbti,initial_role,final_role,chars,labels,mentions,stance_target,stance_direction,stance_strength,judge_criteria_version
e-20260830-010837,e-20260830-010837-t001,e-20260830-010837-t001-c00,e-20260830-010837-t001-c00-s001,1,1,p1,ISTJ,thief,thief,57,question,,,,,v1
e-20260830-010837,e-20260830-010837-t001,e-20260830-010837-t001-c00,e-20260830-010837-t001-c00-s002,2,1,p8,ESTP,werewolf,werewolf,45,question,p7,,,,v1
e-20260830-010837,e-20260830-010837-t001,e-20260830-010837-t001-c00,e-20260830-010837-t001-c00-s003,3,1,p7,ENFJ,werewolf,werewolf,92,claim,p8,p8,defend,1,v1
e-20260830-010837,e-20260830-010837-t001,e-20260830-010837-t001-c00,e-20260830-010837-t001-c00-s004,4,1,p5,ESTP,seer,seer,56,claim,p2,p2,suspect,1,v1
e-20260830-010837,e-20260830-010837-t001,e-20260830-010837-t001-c00,e-20260830-010837-t001-c00-s005,5,2,p7,ENFJ,werewolf,werewolf,71,question,p8,,,,v1
e-20260830-010837,e-20260830-010837-t001,e-20260830-010837-t001-c00,e-20260830-010837-t001-c00-s006,6,2,p8,ESTP,werewolf,werewolf,78,question,p7,,,,v1
e-20260830-010837,e-20260830-010837-t001,e-20260830-010837-t001-c00,e-20260830-010837-t001-c00-s007,7,2,p2,ENFP,villager,villager,63,question|claim,p5,p5,suspect,1,v1
e-20260830-010837,e-20260830-010837-t001,e-20260830-010837-t001-c00,e-20260830-010837-t001-c00-s008,8,2,p5,ESTP,seer,seer,83,claim|intent,p2,p2,suspect,1,v1
e-20260830-010837,e-20260830-010837-t001,e-20260830-010837-t001-c00,e-20260830-010837-t001-c00-s009,9,3,p2,ENFP,villager,villager,115,claim|suspect|intent,p5,p5,suspect,1,v1
e-20260830-010837,e-20260830-010837-t001,e-20260830-010837-t001-c00,e-20260830-010837-t001-c00-s010,10,3,p3,ESFJ,villager,villager,120,claim|question,p1|p2|p5,,,,v1
e-20260830-010837,e-20260830-010837-t001,e-20260830-010837-t001-c00,e-20260830-010837-t001-c00-s011,11,3,p1,ISTJ,thief,thief,103,question,p7|p8,,,,v1
e-20260830-010837,e-20260830-010837-t001,e-20260830-010837-t001-c00,e-20260830-010837-t001-c00-s012,12,4,p3,ESFJ,villager,villager,117,hypothesis,p1,,,,v1
e-20260830-010837,e-20260830-010837-t001,e-20260830-010837-t001-c00,e-20260830-010837-t001-c00-s013,13,4,p1,ISTJ,thief,thief,135,claim|hypothesis,p3,,,,v1
e-20260830-010837,e-20260830-010837-t001,e-20260830-010837-t001-c00,e-20260830-010837-t001-c00-s014,14,4,p8,ESTP,werewolf,werewolf,89,claim|intent,p5,,,,v1
e-20260830-010837,e-20260830-010837-t001,e-20260830-010837-t001-c00,e-20260830-010837-t001-c00-s015,15,5,p8,ESTP,werewolf,werewolf,94,question|agree,p5,,,,v1
e-20260830-010837,e-20260830-010837-t001,e-20260830-010837-t001-c01,e-20260830-010837-t001-c01-s001,1,1,p1,ISTJ,thief,thief,57,question,,,,,v1
e-20260830-010837,e-20260830-010837-t001,e-20260830-010837-t001-c01,e-20260830-010837-t001-c01-s002,2,2,p1,ISTJ,thief,thief,53,question,,,,,v1
e-20260830-010837,e-20260830-010837-t001,e-20260830-010837-t001-c02,e-20260830-010837-t001-c02-s001,1,1,p1,ISFJ,thief,thief,64,claim,,,,,v1
e-20260830-010837,e-20260830-010837-t001,e-20260830-010837-t001-c02,e-20260830-010837-t001-c02-s002,2,1,p2,ISFJ,villager,villager,63,other,,,,,v1
e-20260830-010837,e-20260830-010837-t001,e-20260830-010837-t001-c02,e-20260830-010837-t001-c02-s003,3,1,p8,ISFJ,werewolf,werewolf,82,claim,,,,,v1
e-20260830-010837,e-20260830-010837-t001,e-20260830-010837-t001-c02,e-20260830-010837-t001-c02-s004,4,1,p7,ISFJ,werewolf,werewolf,124,claim|suspect|question,p8,p8,suspect,1,v1
e-20260830-010837,e-20260830-010837-t001,e-20260830-010837-t001-c02,e-20260830-010837-t001-c02-s005,5,1,p4,ISFJ,villager,villager,92,suspect,p8,p8,suspect,2,v1
e-20260830-010837,e-20260830-010837-t001,e-20260830-010837-t001-c02,e-20260830-010837-t001-c02-s006,6,1,p5,ISFJ,seer,seer,84,claim|question|suspect,p8,p8,suspect,1,v1
e-20260830-010837,e-20260830-010837-t001,e-20260830-010837-t001-c02,e-20260830-010837-t001-c02-s007,7,1,p3,ISFJ,villager,villager,91,question|suspect,p8,p8,suspect,1,v1
e-20260830-010837,e-20260830-010837-t001,e-20260830-010837-t001-c02,e-20260830-010837-t001-c02-s008,8,2,p7,ISFJ,werewolf,werewolf,85,claim|suspect,p8,p8,suspect,3,v1
e-20260830-010837,e-20260830-010837-t001,e-20260830-010837-t001-c02,e-20260830-010837-t001-c02-s009,9,2,p3,ISFJ,villager,villager,125,rebut|defend|hypothesis,p7|p8,p8,defend,2,v1
e-20260830-010837,e-20260830-010837-t001,e-20260830-010837-t001-c02,e-20260830-010837-t001-c02-s010,10,2,p8,ISFJ,werewolf,werewolf,150,agree|question|claim,p7|p3|p8|p5,,,,v1
e-20260830-010837,e-20260830-010837-t001,e-20260830-010837-t001-c02,e-20260830-010837-t001-c02-s011,11,2,p4,ISFJ,villager,villager,127,agree|suspect|question,p7|p8,p8,suspect,2,v1
e-20260830-010837,e-20260830-010837-t001,e-20260830-010837-t001-c02,e-20260830-010837-t001-c02-s012,12,2,p1,ISFJ,thief,thief,47,claim,p4,,,,v1
e-20260830-010837,e-20260830-010837-t001,e-20260830-010837-t001-c02,e-20260830-010837-t001-c02-s013,13,2,p5,ISFJ,seer,seer,100,agree|suspect|question,p7|p8,p8,suspect,2,v1
e-20260830-010837,e-20260830-010837-t001,e-20260830-010837-t001-c03,e-20260830-010837-t001-c03-s001,1,1,p1,INFJ,thief,thief,56,other|intent,,,,,v1
e-20260830-010837,e-20260830-010837-t001,e-20260830-010837-t001-c03,e-20260830-010837-t001-c03-s002,2,1,p7,INFJ,werewolf,werewolf,73,claim|intent,,,,,v1
e-20260830-010837,e-20260830-010837-t001,e-20260830-010837-t001-c03,e-20260830-010837-t001-c03-s003,3,2,p7,INFJ,werewolf,werewolf,73,claim|intent,p8,,,,v1
e-20260830-010837,e-20260830-010837-t001,e-20260830-010837-t001-c03,e-20260830-010837-t001-c03-s004,4,2,p8,INFJ,werewolf,werewolf,80,claim|agree,p7,,,,v1
e-20260830-010837,e-20260830-010837-t001,e-20260830-010837-t001-c03,e-20260830-010837-t001-c03-s005,5,2,p2,INFJ,villager,villager,89,question|intent,,,,,v1
e-20260830-010837,e-20260830-010837-t001,e-20260830-010837-t001-c03,e-20260830-010837-t001-c03-s006,6,2,p1,INFJ,thief,thief,76,claim|defend|intent,p2,p2,defend,2,v1
e-20260830-010837,e-20260830-010837-t001,e-20260830-010837-t001-c03,e-20260830-010837-t001-c03-s007,7,2,p5,INFJ,seer,seer,98,claim|defend|question,p2,p2,defend,2,v1
e-20260830-010837,e-20260830-010837-t001,e-20260830-010837-t001-c03,e-20260830-010837-t001-c03-s008,8,3,p8,INFJ,werewolf,werewolf,99,claim|intent,p7|p1|p2,,,,v1
e-20260830-010837,e-20260830-010837-t001,e-20260830-010837-t001-c03,e-20260830-010837-t001-c03-s009,9,3,p5,INFJ,seer,seer,86,question,p2,,,,v1
e-20260830-010837,e-20260830-010837-t001,e-20260830-010837-t001-c03,e-20260830-010837-t001-c03-s010,10,4,p2,INFJ,villager,villager,180,claim,p5,,,,v1
e-20260830-010837,e-20260830-010837-t001,e-20260830-010837-t001-c03,e-20260830-010837-t001-c03-s011,11,4,p7,INFJ,werewolf,werewolf,60,agree|question,p5|p2,,,,v1
e-20260830-010837,e-20260830-010837-t001,e-20260830-010837-t001-c03,e-20260830-010837-t001-c03-s012,12,5,p7,INFJ,werewolf,werewolf,87,agree|question,p2,,,,v1
e-20260830-010837,e-20260830-010837-t001,e-20260830-010837-t001-c03,e-20260830-010837-t001-c03-s013,13,5,p6,INFJ,villager,villager,102,agree|question,p2,,,,v1
e-20260830-010837,e-20260830-010837-t001,e-20260830-010837-t001-c03,e-20260830-010837-t001-c03-s014,14,5,p1,INFJ,thief,thief,108,question,p2,,,,v1
e-20260830-010837,e-20260830-010837-t001,e-20260830-010837-t001-c03,e-20260830-010837-t001-c03-s015,15,5,p2,INFJ,villager,villager,187,claim|hypothesis,p1,,,,v1
e-20260830-010837,e-20260830-010837-t001,e-20260830-010837-t001-c04,e-20260830-010837-t001-c04-s001,1,1,p1,INTJ,thief,thief,74,intent,,,,,v1
e-20260830-010837,e-20260830-010837-t001,e-20260830-010837-t001-c04,e-20260830-010837-t001-c04-s002,2,1,p7,INTJ,werewolf,werewolf,80,intent|suspect,p8,p8,suspect,1,v1
e-20260830-010837,e-20260830-010837-t001,e-20260830-010837-t001-c04,e-20260830-010837-t001-c04-s003,3,1,p5,INTJ,seer,seer,85,claim|defend|intent,p2,p2,defend,3,v1
e-20260830-010837,e-20260830-010837-t001,e-20260830-010837-t001-c04,e-20260830-010837-t001-c04-s004,4,2,p7,INTJ,werewolf,werewolf,84,claim|intent|defend,p8,p8,defend,2,v1
e-20260830-010837,e-20260830-010837-t001,e-20260830-010837-t001-c04,e-20260830-010837-t001-c04-s005,5,2,p8,INTJ,werewolf,werewolf,96,claim|intent|rebut|suspect,p7,p7,suspect,1,v1
e-20260830-010837,e-20260830-010837-t001,e-20260830-010837-t001-c04,e-20260830-010837-t001-c04-s006,6,2,p5,INTJ,seer,seer,101,claim|defend|suspect,p2|p8,p2,defend,3,v1
e-20260830-010837,e-20260830-010837-t001,e-20260830-010837-t001-c04,e-20260830-010837-t001-c04-s007,7,3,p8,INTJ,werewolf,werewolf,99,intent|suspect|hypothesis,p7,p7,suspect,1,v1
e-20260830-010837,e-20260830-010837-t001,e-20260830-010837-t001-c04,e-20260830-010837-t001-c04-s008,8,3,p1,INTJ,thief,thief,71,defend|intent,p5,p5,defend,2,v1
e-20260830-010837,e-20260830-010837-t001,e-20260830-010837-t001-c04,e-20260830-010837-t001-c04-s009,9,4,p1,INTJ,thief,thief,115,claim|intent,p5,p5,defend,1,v1
e-20260830-010837,e-20260830-010837-t001,e-20260830-010837-t001-c04,e-20260830-010837-t001-c04-s010,10,4,p7,INTJ,werewolf,werewolf,115,agree|intent,p5,p5,defend,1,v1
e-20260830-010837,e-20260830-010837-t001,e-20260830-010837-t001-c04,e-20260830-010837-t001-c04-s011,11,4,p5,INTJ,seer,seer,123,claim|rebut,p7,,,,v1
e-20260830-010837,e-20260830-010837-t001,e-20260830-010837-t001-c04,e-20260830-010837-t001-c04-s012,12,5,p7,INTJ,werewolf,werewolf,89,agree|intent,p5,,,,v1
e-20260830-010837,e-20260830-010837-t001,e-20260830-010837-t001-c04,e-20260830-010837-t001-c04-s013,13,5,p5,INTJ,seer,seer,181,rebut|intent,p7,,,,v1
e-20260830-010837,e-20260830-010837-t001,e-20260830-010837-t001-c04,e-20260830-010837-t001-c04-s014,14,6,p1,INTJ,thief,thief,154,claim|agree|intent,p5,,,,v1
e-20260830-010837,e-20260830-010837-t001,e-20260830-010837-t001-c05,e-20260830-010837-t001-c05-s001,1,1,p1,ISTP,thief,thief,38,claim|suspect|intent,p2,p2,suspect,2,v1
e-20260830-010837,e-20260830-010837-t001,e-20260830-010837-t001-c05,e-20260830-010837-t001-c05-s002,2,1,p7,ISTP,werewolf,werewolf,70,claim|intent,,,,,v1
e-20260830-010837,e-20260830-010837-t001,e-20260830-010837-t001-c05,e-20260830-010837-t001-c05-s003,3,1,p5,ISTP,seer,seer,57,claim|defend|intent|agree,p2,p2,defend,2,v1
e-20260830-010837,e-20260830-010837-t001,e-20260830-010837-t001-c05,e-20260830-010837-t001-c05-s004,4,2,p8,ISTP,werewolf,werewolf,58,question|suspect,p1|p5,p5,suspect,1,v1
e-20260830-010837,e-20260830-010837-t001,e-20260830-010837-t001-c05,e-20260830-010837-t001-c05-s005,5,2,p4,ISTP,villager,villager,55,claim|defend|intent|agree,p2,p2,defend,2,v1
e-20260830-010837,e-20260830-010837-t001,e-20260830-010837-t001-c05,e-20260830-010837-t001-c05-s006,6,2,p2,ISTP,villager,villager,110,claim|question|intent,,,,,v1
e-20260830-010837,e-20260830-010837-t001,e-20260830-010837-t001-c05,e-20260830-010837-t001-c05-s007,7,2,p1,ISTP,thief,thief,67,claim|defend|intent|agree,p2,p2,defend,2,v1
e-20260830-010837,e-20260830-010837-t001,e-20260830-010837-t001-c05,e-20260830-010837-t001-c05-s008,8,2,p5,ISTP,seer,seer,81,claim|defend|intent|agree,p2,p2,defend,2,v1
e-20260830-010837,e-20260830-010837-t001,e-20260830-010837-t001-c05,e-20260830-010837-t001-c05-s009,9,3,p2,ISTP,villager,villager,87,claim|intent,p2,,,,v1
e-20260830-010837,e-20260830-010837-t001,e-20260830-010837-t001-c05,e-20260830-010837-t001-c05-s010,10,3,p8,ISTP,werewolf,werewolf,96,question,p2,,,,v1
e-20260830-010837,e-20260830-010837-t001,e-20260830-010837-t001-c05,e-20260830-010837-t001-c05-s011,11,3,p7,ISTP,werewolf,werewolf,70,question,p2,,,,v1
e-20260830-010837,e-20260830-010837-t001,e-20260830-010837-t001-c05,e-20260830-010837-t001-c05-s012,12,4,p1,ISTP,thief,thief,56,intent|suspect,p2,p2,suspect,1,v1
e-20260830-010837,e-20260830-010837-t001,e-20260830-010837-t001-c05,e-20260830-010837-t001-c05-s013,13,4,p7,ISTP,werewolf,werewolf,108,question,p2,,,,v1
e-20260830-010837,e-20260830-010837-t001,e-20260830-010837-t001-c05,e-20260830-010837-t001-c05-s014,14,4,p5,ISTP,seer,seer,105,question,p2,,,,v1
e-20260830-010837,e-20260830-010837-t001,e-20260830-010837-t001-c05,e-20260830-010837-t001-c05-s015,15,5,p1,ISTP,thief,thief,75,intent|suspect,p2,p2,suspect,1,v1
e-20260830-010837,e-20260830-010837-t001,e-20260830-010837-t001-c05,e-20260830-010837-t001-c05-s016,16,5,p5,ISTP,seer,seer,75,intent|suspect,p2,p2,suspect,1,v1
e-20260830-010837,e-20260830-010837-t001,e-20260830-010837-t001-c05,e-20260830-010837-t001-c05-s017,17,6,p2,ISTP,villager,villager,119,claim|intent,p2,,,,v1
e-20260830-010837,e-20260830-010837-t001,e-20260830-010837-t001-c06,e-20260830-010837-t001-c06-s001,1,1,p1,ISFP,thief,thief,68,claim|defend|intent,p2,p2,defend,2,v1
e-20260830-010837,e-20260830-010837-t001,e-20260830-010837-t001-c06,e-20260830-010837-t001-c06-s002,2,1,p2,ISFP,villager,villager,67,intent,,,,,v1
e-20260830-010837,e-20260830-010837-t001,e-20260830-010837-t001-c06,e-20260830-010837-t001-c06-s003,3,1,p6,ISFP,villager,villager,64,intent,,,,,v1
e-20260830-010837,e-20260830-010837-t001,e-20260830-010837-t001-c06,e-20260830-010837-t001-c06-s004,4,1,p8,ISFP,werewolf,werewolf,62,claim|suspect|intent,p7,p7,suspect,3,v1
e-20260830-010837,e-20260830-010837-t001,e-20260830-010837-t001-c06,e-20260830-010837-t001-c06-s005,5,1,p7,ISFP,werewolf,werewolf,65,claim|suspect|intent,p8,p8,suspect,3,v1
e-20260830-010837,e-20260830-010837-t001,e-20260830-010837-t001-c06,e-20260830-010837-t001-c06-s006,6,1,p5,ISFP,seer,seer,69,claim|defend|intent,p2,p2,defend,2,v1
e-20260830-010837,e-20260830-010837-t001,e-20260830-010837-t001-c06,e-20260830-010837-t001-c06-s007,7,2,p7,ISFP,werewolf,werewolf,67,claim|suspect|intent,p8,p8,suspect,3,v1
e-20260830-010837,e-20260830-010837-t001,e-20260830-010837-t001-c06,e-20260830-010837-t001-c06-s008,8,2,p8,ISFP,werewolf,werewolf,92,claim|suspect|intent,p7,p7,suspect,3,v1
e-20260830-010837,e-20260830-010837-t001,e-20260830-010837-t001-c06,e-20260830-010837-t001-c06-s009,9,2,p1,ISFP,thief,thief,91,claim|defend|intent,p2,p2,defend,2,v1
e-20260830-010837,e-20260830-010837-t001,e-20260830-010837-t001-c06,e-20260830-010837-t001-c06-s010,10,2,p5,ISFP,seer,seer,108,claim|defend|intent,p2,p2,defend,2,v1
e-20260830-010837,e-20260830-010837-t001,e-20260830-010837-t001-c07,e-20260830-010837-t001-c07-s001,1,1,p1,INFP,thief,thief,73,claim|intent,,,,,v1
e-20260830-010837,e-20260830-010837-t001,e-20260830-010837-t001-c07,e-20260830-010837-t001-c07-s002,2,1,p2,INFP,villager,villager,72,intent,,,,,v1
e-20260830-010837,e-20260830-010837-t001,e-20260830-010837-t001-c07,e-20260830-010837-t001-c07-s003,3,1,p6,INFP,villager,villager,78,intent,,,,,v1
e-20260830-010837,e-20260830-010837-t001,e-20260830-010837-t001-c07,e-20260830-010837-t001-c07-s004,4,1,p8,INFP,werewolf,werewolf,66,claim|intent,p7,p7,defend,2,v1
e-20260830-010837,e-20260830-010837-t001,e-20260830-010837-t001-c07,e-20260830-010837-t001-c07-s005,5,1,p7,INFP,werewolf,werewolf,87,claim|intent,p8,p8,defend,2,v1
e-20260830-010837,e-20260830-010837-t001,e-20260830-010837-t001-c07,e-20260830-010837-t001-c07-s006,6,1,p4,INFP,villager,villager,73,intent,,,,,v1
e-20260830-010837,e-20260830-010837-t001,e-20260830-010837-t001-c07,e-20260830-010837-t001-c07-s007,7,1,p5,INFP,seer,seer,99,claim|intent,,,,,v1
e-20260830-010837,e-20260830-010837-t001,e-20260830-010837-t001-c07,e-20260830-010837-t001-c07-s008,8,1,p3,INFP,villager,villager,63,intent,,,,,v1
e-20260830-010837,e-20260830-010837-t001,e-20260830-010837-t001-c07,e-20260830-010837-t001-c07-s009,9,2,p7,INFP,werewolf,werewolf,95,claim|question|agree,p8,p8,defend,1,v1
e-20260830-010837,e-20260830-010837-t001,e-20260830-010837-t001-c07,e-20260830-010837-t001-c07-s010,10,2,p3,INFP,villager,villager,123,agree|question,p8,p8,defend,1,v1
e-20260830-010837,e-20260830-010837-t001,e-20260830-010837-t001-c07,e-20260830-010837-t001-c07-s011,11,2,p8,INFP,werewolf,werewolf,90,claim|intent,p7,p7,defend,1,v1
e-20260830-010837,e-20260830-010837-t001,e-20260830-010837-t001-c07,e-20260830-010837-t001-c07-s012,12,2,p4,INFP,villager,villager,112,agree|intent,p2|p8|p7,,,,v1
e-20260830-010837,e-20260830-010837-t001,e-20260830-010837-t001-c07,e-20260830-010837-t001-c07-s013,13,2,p2,INFP,villager,villager,113,agree|intent,p8|p7,,,,v1
e-20260830-010837,e-20260830-010837-t001,e-20260830-010837-t001-c07,e-20260830-010837-t001-c07-s014,14,2,p1,INFP,thief,thief,106,agree|intent,p8|p7,,,,v1
e-20260830-010837,e-20260830-010837-t001,e-20260830-010837-t001-c07,e-20260830-010837-t001-c07-s015,15,2,p5,INFP,seer,seer,111,agree|hypothesis|intent,p8|p7,p7,suspect,1,v1
e-20260830-010837,e-20260830-010837-t001,e-20260830-010837-t001-c08,e-20260830-010837-t001-c08-s001,1,1,p1,INTP,thief,thief,64,claim,,,,,v1
e-20260830-010837,e-20260830-010837-t001,e-20260830-010837-t001-c08,e-20260830-010837-t001-c08-s002,2,1,p2,INTP,villager,villager,72,other,,,,,v1
e-20260830-010837,e-20260830-010837-t001,e-20260830-010837-t001-c08,e-20260830-010837-t001-c08-s003,3,1,p8,INTP,werewolf,werewolf,61,claim,,,,,v1
e-20260830-010837,e-20260830-010837-t001,e-20260830-010837-t001-c08,e-20260830-010837-t001-c08-s004,4,1,p7,INTP,werewolf,werewolf,85,claim|intent,,,,,v1
e-20260830-010837,e-20260830-010837-t001,e-20260830-010837-t001-c08,e-20260830-010837-t001-c08-s005,5,1,p5,INTP,seer,seer,61,claim,,,,,v1
e-20260830-010837,e-20260830-010837-t001,e-20260830-010837-t001-c08,e-20260830-010837-t001-c08-s006,6,1,p3,INTP,villager,villager,64,suspect,p1,p1,suspect,1,v1
e-20260830-010837,e-20260830-010837-t001,e-20260830-010837-t001-c08,e-20260830-010837-t001-c08-s007,7,2,p7,INTP,werewolf,werewolf,81,claim|suspect|intent,p8|p1,p1,suspect,2,v1
e-20260830-010837,e-20260830-010837-t001,e-20260830-010837-t001-c08,e-20260830-010837-t001-c08-s008,8,2,p8,INTP,werewolf,werewolf,85,claim|suspect|intent,p7|p1,p1,suspect,2,v1
e-20260830-010837,e-20260830-010837-t001,e-20260830-010837-t001-c08,e-20260830-010837-t001-c08-s009,9,2,p1,INTP,thief,thief,80,claim|question,p2,,,,v1
e-20260830-010837,e-20260830-010837-t001,e-20260830-010837-t001-c08,e-20260830-010837-t001-c08-s010,10,2,p5,INTP,seer,seer,36,question,p2,,,,v1
e-20260830-010837,e-20260830-010837-t001,e-20260830-010837-t001-c09,e-20260830-010837-t001-c09-s001,1,1,p1,ESTP,thief,thief,68,question,p2,,,,v1
e-20260830-010837,e-20260830-010837-t001,e-20260830-010837-t001-c09,e-20260830-010837-t001-c09-s002,2,1,p2,ESTP,villager,villager,90,claim|intent,,,,,v1
e-20260830-010837,e-20260830-010837-t001,e-20260830-010837-t001-c09,e-20260830-010837-t001-c09-s003,3,1,p6,ESTP,villager,villager,79,claim|question,,,,,v1
e-20260830-010837,e-20260830-010837-t001,e-20260830-010837-t001-c09,e-20260830-010837-t001-c09-s004,4,1,p8,ESTP,werewolf,werewolf,64,claim|intent,,,,,v1
e-20260830-010837,e-20260830-010837-t001,e-20260830-010837-t001-c09,e-20260830-010837-t001-c09-s005,5,1,p7,ESTP,werewolf,werewolf,85,claim|intent|question,p8,,,,v1
e-20260830-010837,e-20260830-010837-t001,e-20260830-010837-t001-c09,e-20260830-010837-t001-c09-s006,6,1,p4,ESTP,villager,villager,85,claim|question,,,,,v1
e-20260830-010837,e-20260830-010837-t001,e-20260830-010837-t001-c09,e-20260830-010837-t001-c09-s007,7,1,p5,ESTP,seer,seer,120,agree|intent,p2,p2,defend,1,v1
e-20260830-010837,e-20260830-010837-t001,e-20260830-010837-t001-c09,e-20260830-010837-t001-c09-s008,8,1,p3,ESTP,villager,villager,100,claim,,,,,v1
e-20260830-010837,e-20260830-010837-t001,e-20260830-010837-t001-c09,e-20260830-010837-t001-c09-s009,9,2,p7,ESTP,werewolf,werewolf,66,intent|question,p8,,,,v1
e-20260830-010837,e-20260830-010837-t001,e-20260830-010837-t001-c09,e-20260830-010837-t001-c09-s010,10,2,p3,ESTP,villager,villager,47,question,p8,,,,v1
e-20260830-010837,e-20260830-010837-t001,e-20260830-010837-t001-c09,e-20260830-010837-t001-c09-s011,11,2,p8,ESTP,werewolf,werewolf,74,agree|question,p7,,,,v1
e-20260830-010837,e-20260830-010837-t001,e-20260830-010837-t001-c09,e-20260830-010837-t001-c09-s012,12,2,p4,ESTP,villager,villager,60,question,p8,,,,v1
e-20260830-010837,e-20260830-010837-t001,e-20260830-010837-t001-c09,e-20260830-010837-t001-c09-s013,13,2,p2,ESTP,villager,villager,60,question,p8,,,,v1
e-20260830-010837,e-20260830-010837-t001,e-20260830-010837-t001-c09,e-20260830-010837-t001-c09-s014,14,2,p1,ESTP,thief,thief,64,claim|defend|hypothesis,p8|p2,p2,defend,2,v1
e-20260830-010837,e-20260830-010837-t001,e-20260830-010837-t001-c09,e-20260830-010837-t001-c09-s015,15,2,p5,ESTP,seer,seer,105,agree|suspect|question|rebut,p1|p2|p8,p8,suspect,2,v1
e-20260830-010837,e-20260830-010837-t001,e-20260830-010837-t001-c10,e-20260830-010837-t001-c10-s001,1,1,p1,ESFP,thief,thief,66,question|intent,,,,,v1
e-20260830-010837,e-20260830-010837-t001,e-20260830-010837-t001-c10,e-20260830-010837-t001-c10-s002,2,1,p2,ESFP,villager,villager,81,claim|intent,,,,,v1
e-20260830-010837,e-20260830-010837-t001,e-20260830-010837-t001-c10,e-20260830-010837-t001-c10-s003,3,1,p6,ESFP,villager,villager,95,claim|intent,,,,,v1
e-20260830-010837,e-20260830-010837-t001,e-20260830-010837-t001-c10,e-20260830-010837-t001-c10-s004,4,1,p8,ESFP,werewolf,werewolf,104,claim|intent,p7,p7,defend,2,v1
e-20260830-010837,e-20260830-010837-t001,e-20260830-010837-t001-c10,e-20260830-010837-t001-c10-s005,5,1,p7,ESFP,werewolf,werewolf,75,claim|intent,p8,p8,defend,2,v1
e-20260830-010837,e-20260830-010837-t001,e-20260830-010837-t001-c10,e-20260830-010837-t001-c10-s006,6,1,p4,ESFP,villager,villager,74,question|intent,,,,,v1
e-20260830-010837,e-20260830-010837-t001,e-20260830-010837-t001-c10,e-20260830-010837-t001-c10-s007,7,1,p5,ESFP,seer,seer,73,claim|intent,,,,,v1
e-20260830-010837,e-20260830-010837-t001,e-20260830-010837-t001-c10,e-20260830-010837-t001-c10-s008,8,1,p3,ESFP,villager,villager,97,question,p1|p2|p4|p5|p6|p7|p8,,,,v1
e-20260830-010837,e-20260830-010837-t001,e-20260830-010837-t001-c10,e-20260830-010837-t001-c10-s009,9,2,p7,ESFP,werewolf,werewolf,127,question,p8|p5,,,,v1
e-20260830-010837,e-20260830-010837-t001,e-20260830-010837-t001-c10,e-20260830-010837-t001-c10-s010,10,2,p3,ESFP,villager,villager,84,question,,,,,v1
e-20260830-010837,e-20260830-010837-t001,e-20260830-010837-t001-c10,e-20260830-010837-t001-c10-s011,11,2,p8,ESFP,werewolf,werewolf,131,claim|question,p7,,,,v1
e-20260830-010837,e-20260830-010837-t001,e-20260830-010837-t001-c10,e-20260830-010837-t001-c10-s012,12,2,p4,ESFP,villager,villager,110,question|intent,p5|p8,,,,v1
e-20260830-010837,e-20260830-010837-t001,e-20260830-010837-t001-c10,e-20260830-010837-t001-c10-s013,13,2,p2,ESFP,villager,villager,125,question,p5|p8|p1|p3|p4|p6|p7,,,,v1
e-20260830-010837,e-20260830-010837-t001,e-20260830-010837-t001-c10,e-20260830-010837-t001-c10-s014,14,2,p1,ESFP,thief,thief,86,question|claim,p2|p5,p2,suspect,1,v1
e-20260830-010837,e-20260830-010837-t001,e-20260830-010837-t001-c10,e-20260830-010837-t001-c10-s015,15,2,p6,ESFP,villager,villager,100,agree|hypothesis|question,p1|p2,p2,suspect,1,v1
e-20260830-010837,e-20260830-010837-t001,e-20260830-010837-t001-c11,e-20260830-010837-t001-c11-s001,1,1,p1,ENFP,thief,thief,76,claim|intent,,,,,v1
e-20260830-010837,e-20260830-010837-t001,e-20260830-010837-t001-c11,e-20260830-010837-t001-c11-s002,2,1,p2,ENFP,villager,villager,91,intent,,,,,v1
e-20260830-010837,e-20260830-010837-t001,e-20260830-010837-t001-c11,e-20260830-010837-t001-c11-s003,3,1,p6,ENFP,villager,villager,110,claim|intent,,,,,v1
e-20260830-010837,e-20260830-010837-t001,e-20260830-010837-t001-c11,e-20260830-010837-t001-c11-s004,4,1,p8,ENFP,werewolf,werewolf,85,intent,,,,,v1
e-20260830-010837,e-20260830-010837-t001,e-20260830-010837-t001-c11,e-20260830-010837-t001-c11-s005,5,1,p7,ENFP,werewolf,werewolf,69,claim|suspect|intent,p8,p8,suspect,3,v1
e-20260830-010837,e-20260830-010837-t001,e-20260830-010837-t001-c11,e-20260830-010837-t001-c11-s006,6,1,p4,ENFP,villager,villager,87,intent,,,,,v1
e-20260830-010837,e-20260830-010837-t001,e-20260830-010837-t001-c11,e-20260830-010837-t001-c11-s007,7,1,p5,ENFP,seer,seer,87,intent,,,,,v1
e-20260830-010837,e-20260830-010837-t001,e-20260830-010837-t001-c11,e-20260830-010837-t001-c11-s008,8,1,p3,ENFP,villager,villager,82,intent,,,,,v1
e-20260830-010837,e-20260830-010837-t001,e-20260830-010837-t001-c11,e-20260830-010837-t001-c11-s009,9,2,p7,ENFP,werewolf,werewolf,75,claim|suspect|intent,p8,p8,suspect,3,v1
e-20260830-010837,e-20260830-010837-t001,e-20260830-010837-t001-c11,e-20260830-010837-t001-c11-s010,10,2,p3,ENFP,villager,villager,124,intent|hypothesis,,,,,v1
e-20260830-010837,e-20260830-010837-t001,e-20260830-010837-t001-c11,e-20260830-010837-t001-c11-s011,11,2,p8,ENFP,werewolf,werewolf,86,agree|intent,p7,,,,v1
e-20260830-010837,e-20260830-010837-t001,e-20260830-010837-t001-c11,e-20260830-010837-t001-c11-s012,12,2,p4,ENFP,villager,villager,124,intent|hypothesis,,,,,v1
e-20260830-010837,e-20260830-010837-t001,e-20260830-010837-t001-c11,e-20260830-010837-t001-c11-s013,13,2,p1,ENFP,thief,thief,120,claim|intent,,,,,v1
e-20260830-010837,e-20260830-010837-t001,e-20260830-010837-t001-c12,e-20260830-010837-t001-c12-s001,1,1,p1,ENTP,thief,thief,88,claim,p2,,,,v1
e-20260830-010837,e-20260830-010837-t001,e-20260830-010837-t001-c12,e-20260830-010837-t001-c12-s002,2,1,p2,ENTP,villager,villager,108,question|other,,,,,v1
e-20260830-010837,e-20260830-010837-t001,e-20260830-010837-t001-c12,e-20260830-010837-t001-c12-s003,3,1,p6,ENTP,villager,villager,86,other,,,,,v1
e-20260830-010837,e-20260830-010837-t001,e-20260830-010837-t001-c12,e-20260830-010837-t001-c12-s004,4,1,p8,ENTP,werewolf,werewolf,73,claim,,,,,v1
e-20260830-010837,e-20260830-010837-t001,e-20260830-010837-t001-c12,e-20260830-010837-t001-c12-s005,5,1,p7,ENTP,werewolf,werewolf,73,claim,,,,,v1
e-20260830-010837,e-20260830-010837-t001,e-20260830-010837-t001-c12,e-20260830-010837-t001-c12-s006,6,1,p4,ENTP,villager,villager,98,other,,,,,v1
e-20260830-010837,e-20260830-010837-t001,e-20260830-010837-t001-c12,e-20260830-010837-t001-c12-s007,7,1,p5,ENTP,seer,seer,99,claim,,,,,v1
e-20260830-010837,e-20260830-010837-t001,e-20260830-010837-t001-c12,e-20260830-010837-t001-c12-s008,8,1,p3,ENTP,villager,villager,107,suspect,p1,p1,suspect,1,v1
e-20260830-010837,e-20260830-010837-t001,e-20260830-010837-t001-c12,e-20260830-010837-t001-c12-s009,9,2,p7,ENTP,werewolf,werewolf,99,question,p2,,,,v1
e-20260830-010837,e-20260830-010837-t001,e-20260830-010837-t001-c12,e-20260830-010837-t001-c12-s010,10,2,p3,ENTP,villager,villager,98,suspect|hypothesis,p7|p2,p2,suspect,2,v1
e-20260830-010837,e-20260830-010837-t001,e-20260830-010837-t001-c12,e-20260830-010837-t001-c12-s011,11,2,p8,ENTP,werewolf,werewolf,94,claim|suspect,p7,p7,suspect,2,v1
e-20260830-010837,e-20260830-010837-t001,e-20260830-010837-t001-c12,e-20260830-010837-t001-c12-s012,12,2,p4,ENTP,villager,villager,107,other,p2|p5,,,,v1
e-20260830-010837,e-20260830-010837-t001,e-20260830-010837-t001-c12,e-20260830-010837-t001-c12-s013,13,2,p2,ENTP,villager,villager,150,claim|suspect,p1,p1,suspect,2,v1
e-20260830-010837,e-20260830-010837-t001,e-20260830-010837-t001-c12,e-20260830-010837-t001-c12-s014,14,2,p1,ENTP,thief,thief,99,claim|intent,p2,,,,v1
e-20260830-010837,e-20260830-010837-t001,e-20260830-010837-t001-c13,e-20260830-010837-t001-c13-s001,1,1,p1,ESTJ,thief,thief,75,question,,,,,v1
e-20260830-010837,e-20260830-010837-t001,e-20260830-010837-t001-c13,e-20260830-010837-t001-c13-s002,2,2,p1,ESTJ,thief,thief,109,other,,,,,v1
e-20260830-010837,e-20260830-010837-t001,e-20260830-010837-t001-c14,e-20260830-010837-t001-c14-s001,1,1,p1,ESFJ,thief,thief,64,claim,,,,,v1
e-20260830-010837,e-20260830-010837-t001,e-20260830-010837-t001-c14,e-20260830-010837-t001-c14-s002,2,1,p2,ESFJ,villager,villager,72,other,,,,,v1
e-20260830-010837,e-20260830-010837-t001,e-20260830-010837-t001-c14,e-20260830-010837-t001-c14-s003,3,1,p6,ESFJ,villager,villager,111,other,p1|p7,,,,v1
e-20260830-010837,e-20260830-010837-t001,e-20260830-010837-t001-c14,e-20260830-010837-t001-c14-s004,4,1,p8,ESFJ,werewolf,werewolf,90,claim,,,,,v1
e-20260830-010837,e-20260830-010837-t001,e-20260830-010837-t001-c14,e-20260830-010837-t001-c14-s005,5,1,p7,ESFJ,werewolf,werewolf,101,claim,p1|p5,,,,v1
e-20260830-010837,e-20260830-010837-t001,e-20260830-010837-t001-c14,e-20260830-010837-t001-c14-s006,6,1,p5,ESFJ,seer,seer,95,claim,p2|p6|p7,,,,v1
e-20260830-010837,e-20260830-010837-t001,e-20260830-010837-t001-c14,e-20260830-010837-t001-c14-s007,7,1,p3,ESFJ,villager,villager,58,other,,,,,v1
e-20260830-010837,e-20260830-010837-t001,e-20260830-010837-t001-c14,e-20260830-010837-t001-c14-s008,8,2,p7,ESFJ,werewolf,werewolf,87,claim,p8,,,,v1
e-20260830-010837,e-20260830-010837-t001,e-20260830-010837-t001-c14,e-20260830-010837-t001-c14-s009,9,2,p3,ESFJ,villager,villager,58,other,,,,,v1
e-20260830-010837,e-20260830-010837-t001,e-20260830-010837-t001-c14,e-20260830-010837-t001-c14-s010,10,2,p8,ESFJ,werewolf,werewolf,89,intent,p7,,,,v1
e-20260830-010837,e-20260830-010837-t001,e-20260830-010837-t001-c14,e-20260830-010837-t001-c14-s011,11,2,p1,ESFJ,thief,thief,75,claim,p2,,,,v1
e-20260830-010837,e-20260830-010837-t001,e-20260830-010837-t001-c14,e-20260830-010837-t001-c14-s012,12,2,p5,ESFJ,seer,seer,106,claim,p2,,,,v1
e-20260830-010837,e-20260830-010837-t001,e-20260830-010837-t001-c15,e-20260830-010837-t001-c15-s001,1,1,p1,ENFJ,thief,thief,64,claim,,,,,v1
e-20260830-010837,e-20260830-010837-t001,e-20260830-010837-t001-c15,e-20260830-010837-t001-c15-s002,2,1,p2,ENFJ,villager,villager,60,other,,,,,v1
e-20260830-010837,e-20260830-010837-t001,e-20260830-010837-t001-c15,e-20260830-010837-t001-c15-s003,3,1,p8,ENFJ,werewolf,werewolf,63,claim,,,,,v1
e-20260830-010837,e-20260830-010837-t001,e-20260830-010837-t001-c15,e-20260830-010837-t001-c15-s004,4,1,p7,ENFJ,werewolf,werewolf,57,claim|question,p8,,,,v1
e-20260830-010837,e-20260830-010837-t001,e-20260830-010837-t001-c15,e-20260830-010837-t001-c15-s005,5,2,p7,ENFJ,werewolf,werewolf,65,claim|question|intent,p8,,,,v1
e-20260830-010837,e-20260830-010837-t001,e-20260830-010837-t001-c15,e-20260830-010837-t001-c15-s006,6,2,p8,ENFJ,werewolf,werewolf,98,claim|hypothesis,p7,,,,v1
e-20260830-010837,e-20260830-010837-t001,e-20260830-010837-t001-c15,e-20260830-010837-t001-c15-s007,7,2,p2,ENFJ,villager,villager,97,hypothesis|question,p7|p8,,,,v1
e-20260830-010837,e-20260830-010837-t001,e-20260830-010837-t001-c15,e-20260830-010837-t001-c15-s008,8,2,p1,ENFJ,thief,thief,131,hypothesis|agree|intent,p7|p8,,,,v1
e-20260830-010837,e-20260830-010837-t001,e-20260830-010837-t001-c15,e-20260830-010837-t001-c15-s009,9,2,p6,ENFJ,villager,villager,113,agree|suspect|hypothesis|intent,p8|p7,p8,suspect,2,v1
e-20260830-010837,e-20260830-010837-t001,e-20260830-010837-t001-c15,e-20260830-010837-t001-c15-s010,10,3,p6,ENFJ,villager,villager,96,question|hypothesis,p8|p7,p8,suspect,1,v1
e-20260830-010837,e-20260830-010837-t001,e-20260830-010837-t001-c15,e-20260830-010837-t001-c15-s011,11,3,p5,ENFJ,seer,seer,121,agree|suspect|hypothesis|intent,p6|p7|p8,p7,suspect,2,v1
e-20260830-010837,e-20260830-010837-t001,e-20260830-010837-t001-c15,e-20260830-010837-t001-c15-s012,12,4,p3,ENFJ,villager,villager,73,agree|suspect|question,p5|p7|p8,p7,suspect,2,v1
e-20260830-010837,e-20260830-010837-t001,e-20260830-010837-t001-c15,e-20260830-010837-t001-c15-s013,13,4,p1,ENFJ,thief,thief,101,suspect|intent,p7|p8,p7,suspect,2,v1
e-20260830-010837,e-20260830-010837-t001,e-20260830-010837-t001-c15,e-20260830-010837-t001-c15-s014,14,4,p8,ENFJ,werewolf,werewolf,48,question,p7,p7,suspect,1,v1
e-20260830-010837,e-20260830-010837-t001,e-20260830-010837-t001-c15,e-20260830-010837-t001-c15-s015,15,4,p5,ENFJ,seer,seer,97,defend,p7|p2,p7,defend,2,v1
e-20260830-010837,e-20260830-010837-t001,e-20260830-010837-t001-c16,e-20260830-010837-t001-c16-s001,1,1,p1,ENTJ,thief,thief,45,question,,,,,v1
e-20260830-010837,e-20260830-010837-t001,e-20260830-010837-t001-c16,e-20260830-010837-t001-c16-s002,2,2,p1,ENTJ,thief,thief,86,question,,,,,v1
e-20260830-010837,e-20260830-010837-t002,e-20260830-010837-t002-c00,e-20260830-010837-t002-c00-s001,1,1,p4,ISFJ,thief,thief,85,claim|question,p1,p1,defend,2,v1
e-20260830-010837,e-20260830-010837-t002,e-20260830-010837-t002-c00,e-20260830-010837-t002-c00-s002,2,1,p2,ENFP,villager,villager,74,claim|question,,,,,v1
e-20260830-010837,e-20260830-010837-t002,e-20260830-010837-t002-c00,e-20260830-010837-t002-c00-s003,3,1,p7,ISFJ,seer,seer,85,claim|defend|question,p3,p3,defend,2,v1
e-20260830-010837,e-20260830-010837-t002,e-20260830-010837-t002-c00,e-20260830-010837-t002-c00-s004,4,1,p5,ESTJ,werewolf,werewolf,50,question,,,,,v1
e-20260830-010837,e-20260830-010837-t002,e-20260830-010837-t002-c00,e-20260830-010837-t002-c00-s005,5,1,p8,ENTJ,werewolf,werewolf,63,claim|intent|question,,,,,v1
e-20260830-010837,e-20260830-010837-t002,e-20260830-010837-t002-c00,e-20260830-010837-t002-c00-s006,6,2,p8,ENTJ,werewolf,werewolf,71,claim|intent|question,p5,p5,defend,2,v1
e-20260830-010837,e-20260830-010837-t002,e-20260830-010837-t002-c00,e-20260830-010837-t002-c00-s007,7,2,p4,ISFJ,thief,thief,86,claim|suspect|defend|question,p1|p7|p8,p8,suspect,3,v1
e-20260830-010837,e-20260830-010837-t002,e-20260830-010837-t002-c00,e-20260830-010837-t002-c00-s008,8,2,p5,ESTJ,werewolf,werewolf,62,claim|intent,p8,p8,defend,2,v1
e-20260830-010837,e-20260830-010837-t002,e-20260830-010837-t002-c00,e-20260830-010837-t002-c00-s009,9,2,p2,ENFP,villager,villager,79,question|other,p7|p8,,,,v1
e-20260830-010837,e-20260830-010837-t002,e-20260830-010837-t002-c01,e-20260830-010837-t002-c01-s001,1,1,p4,ISTJ,thief,thief,60,intent|hypothesis,,,,,v1
e-20260830-010837,e-20260830-010837-t002,e-20260830-010837-t002-c01,e-20260830-010837-t002-c01-s002,2,1,p5,ISTJ,werewolf,werewolf,89,intent|other,,,,,v1
e-20260830-010837,e-20260830-010837-t002,e-20260830-010837-t002-c01,e-20260830-010837-t002-c01-s003,3,1,p8,ISTJ,werewolf,werewolf,67,intent|other,,,,,v1
e-20260830-010837,e-20260830-010837-t002,e-20260830-010837-t002-c01,e-20260830-010837-t002-c01-s004,4,1,p1,ISTJ,villager,villager,77,question,,,,,v1
e-20260830-010837,e-20260830-010837-t002,e-20260830-010837-t002-c01,e-20260830-010837-t002-c01-s005,5,2,p1,ISTJ,villager,villager,93,intent,,,,,v1
e-20260830-010837,e-20260830-010837-t002,e-20260830-010837-t002-c01,e-20260830-010837-t002-c01-s006,6,2,p8,ISTJ,werewolf,werewolf,69,claim|intent,,,,,v1
e-20260830-010837,e-20260830-010837-t002,e-20260830-010837-t002-c01,e-20260830-010837-t002-c01-s007,7,2,p4,ISTJ,thief,thief,97,intent,p1|p8,,,,v1
e-20260830-010837,e-20260830-010837-t002,e-20260830-010837-t002-c01,e-20260830-010837-t002-c01-s008,8,2,p5,ISTJ,werewolf,werewolf,107,claim|intent,,,,,v1
e-20260830-010837,e-20260830-010837-t002,e-20260830-010837-t002-c01,e-20260830-010837-t002-c01-s009,9,2,p7,ISTJ,seer,seer,61,claim|defend,p3,p3,defend,3,v1
e-20260830-010837,e-20260830-010837-t002,e-20260830-010837-t002-c01,e-20260830-010837-t002-c01-s010,10,3,p3,ISTJ,villager,villager,69,other,,,,,v1
e-20260830-010837,e-20260830-010837-t002,e-20260830-010837-t002-c01,e-20260830-010837-t002-c01-s011,11,3,p7,ISTJ,seer,seer,63,claim|defend,p3,p3,defend,2,v1
e-20260830-010837,e-20260830-010837-t002,e-20260830-010837-t002-c01,e-20260830-010837-t002-c01-s012,12,4,p5,ISTJ,werewolf,werewolf,113,question|hypothesis,,,,,v1
e-20260830-010837,e-20260830-010837-t002,e-20260830-010837-t002-c01,e-20260830-010837-t002-c01-s013,13,4,p4,ISTJ,thief,thief,133,question,p3|p7,,,,v1
e-20260830-010837,e-20260830-010837-t002,e-20260830-010837-t002-c01,e-20260830-010837-t002-c01-s014,14,4,p3,ISTJ,villager,villager,127,agree|claim|question,p7,p7,defend,2,v1
e-20260830-010837,e-20260830-010837-t002,e-20260830-010837-t002-c01,e-20260830-010837-t002-c01-s015,15,5,p7,ISTJ,seer,seer,120,agree|question,p3|p1|p2,p3,defend,1,v1
e-20260830-010837,e-20260830-010837-t002,e-20260830-010837-t002-c01,e-20260830-010837-t002-c01-s016,16,5,p1,ISTJ,villager,villager,121,suspect|rebut|intent,p7|p3,p7,suspect,2,v1
e-20260830-010837,e-20260830-010837-t002,e-20260830-010837-t002-c01,e-20260830-010837-t002-c01-s017,17,5,p4,ISTJ,thief,thief,105,question|suspect,p1|p7,p1,suspect,1,v1
e-20260830-010837,e-20260830-010837-t002,e-20260830-010837-t002-c01,e-20260830-010837-t002-c01-s018,18,5,p2,ISTJ,villager,villager,105,question|suspect,p1|p7,p1,suspect,1,v1
e-20260830-010837,e-20260830-010837-t002,e-20260830-010837-t002-c01,e-20260830-010837-t002-c01-s019,19,6,p7,ISTJ,seer,seer,121,question|suspect,p1|p2,p2,suspect,1,v1
e-20260830-010837,e-20260830-010837-t002,e-20260830-010837-t002-c01,e-20260830-010837-t002-c01-s020,20,6,p3,ISTJ,villager,villager,162,agree|question|suspect,p7|p1|p2,p2,suspect,1,v1
e-20260830-010837,e-20260830-010837-t002,e-20260830-010837-t002-c01,e-20260830-010837-t002-c01-s021,21,6,p8,ISTJ,werewolf,werewolf,120,question,p1|p2|p4|p5|p7,,,,v1
e-20260830-010837,e-20260830-010837-t002,e-20260830-010837-t002-c01,e-20260830-010837-t002-c01-s022,22,6,p6,ISTJ,villager,villager,123,agree|question|suspect,p8|p1|p2|p7,p2,suspect,1,v1
e-20260830-010837,e-20260830-010837-t002,e-20260830-010837-t002-c01,e-20260830-010837-t002-c01-s023,23,6,p1,ISTJ,villager,villager,163,agree|question|suspect,p7|p3|p1|p2,p2,suspect,1,v1
e-20260830-010837,e-20260830-010837-t002,e-20260830-010837-t002-c02,e-20260830-010837-t002-c02-s001,1,1,p4,ISFJ,thief,thief,85,claim|question,p1,p1,defend,2,v1
e-20260830-010837,e-20260830-010837-t002,e-20260830-010837-t002-c02,e-20260830-010837-t002-c02-s002,2,1,p2,ISFJ,villager,villager,52,other,,,,,v1
e-20260830-010837,e-20260830-010837-t002,e-20260830-010837-t002-c02,e-20260830-010837-t002-c02-s003,3,1,p7,ISFJ,seer,seer,64,claim|question,p3,p3,defend,2,v1
e-20260830-010837,e-20260830-010837-t002,e-20260830-010837-t002-c02,e-20260830-010837-t002-c02-s004,4,1,p5,ISFJ,werewolf,werewolf,67,claim|question,,,,,v1
e-20260830-010837,e-20260830-010837-t002,e-20260830-010837-t002-c02,e-20260830-010837-t002-c02-s005,5,1,p8,ISFJ,werewolf,werewolf,64,claim|question,,,,,v1
e-20260830-010837,e-20260830-010837-t002,e-20260830-010837-t002-c02,e-20260830-010837-t002-c02-s006,6,2,p8,ISFJ,werewolf,werewolf,83,claim|suspect|question|intent,p5,p5,suspect,3,v1
e-20260830-010837,e-20260830-010837-t002,e-20260830-010837-t002-c02,e-20260830-010837-t002-c02-s007,7,2,p4,ISFJ,thief,thief,77,claim|defend|suspect|question,p1|p5,p5,suspect,3,v1
e-20260830-010837,e-20260830-010837-t002,e-20260830-010837-t002-c02,e-20260830-010837-t002-c02-s008,8,2,p5,ISFJ,werewolf,werewolf,60,claim|suspect|intent,p8,p8,suspect,3,v1
e-20260830-010837,e-20260830-010837-t002,e-20260830-010837-t002-c03,e-20260830-010837-t002-c03-s001,1,1,p4,INFJ,thief,thief,51,claim|intent,p1,p1,defend,2,v1
e-20260830-010837,e-20260830-010837-t002,e-20260830-010837-t002-c03,e-20260830-010837-t002-c03-s002,2,1,p5,INFJ,werewolf,werewolf,72,claim|intent|hypothesis,p8|p1,p8,defend,2,v1
e-20260830-010837,e-20260830-010837-t002,e-20260830-010837-t002-c03,e-20260830-010837-t002-c03-s003,3,1,p8,INFJ,werewolf,werewolf,70,claim|intent|hypothesis,p5|p1,p1,suspect,1,v1
e-20260830-010837,e-20260830-010837-t002,e-20260830-010837-t002-c03,e-20260830-010837-t002-c03-s004,4,2,p8,INFJ,werewolf,werewolf,79,claim|intent,p1|p5,p5,defend,2,v1
e-20260830-010837,e-20260830-010837-t002,e-20260830-010837-t002-c03,e-20260830-010837-t002-c03-s005,5,2,p3,INFJ,villager,villager,48,question,p8|p1,,,,v1
e-20260830-010837,e-20260830-010837-t002,e-20260830-010837-t002-c03,e-20260830-010837-t002-c03-s006,6,2,p4,INFJ,thief,thief,117,claim|intent,p1,,,,v1
e-20260830-010837,e-20260830-010837-t002,e-20260830-010837-t002-c03,e-20260830-010837-t002-c03-s007,7,2,p5,INFJ,werewolf,werewolf,165,claim|intent|hypothesis,p1,,,,v1
e-20260830-010837,e-20260830-010837-t002,e-20260830-010837-t002-c03,e-20260830-010837-t002-c03-s008,8,2,p2,INFJ,villager,villager,119,claim|intent,p1,p1,defend,2,v1
e-20260830-010837,e-20260830-010837-t002,e-20260830-010837-t002-c03,e-20260830-010837-t002-c03-s009,9,2,p7,INFJ,seer,seer,88,intent,p1,p1,suspect,1,v1
e-20260830-010837,e-20260830-010837-t002,e-20260830-010837-t002-c03,e-20260830-010837-t002-c03-s010,10,3,p7,INFJ,seer,seer,95,claim|intent,p1|p2,p2,suspect,1,v1
e-20260830-010837,e-20260830-010837-t002,e-20260830-010837-t002-c03,e-20260830-010837-t002-c03-s011,11,3,p2,INFJ,villager,villager,99,claim|intent,p1|p5|p6,p6,suspect,1,v1
e-20260830-010837,e-20260830-010837-t002,e-20260830-010837-t002-c03,e-20260830-010837-t002-c03-s012,12,4,p5,INFJ,werewolf,werewolf,78,agree|intent,p2,p2,suspect,1,v1
e-20260830-010837,e-20260830-010837-t002,e-20260830-010837-t002-c03,e-20260830-010837-t002-c03-s013,13,4,p4,INFJ,thief,thief,62,agree|intent,p2,p2,suspect,1,v1
e-20260830-010837,e-20260830-010837-t002,e-20260830-010837-t002-c03,e-20260830-010837-t002-c03-s014,14,4,p8,INFJ,werewolf,werewolf,109,agree|intent,p1|p2,p2,suspect,1,v1
e-20260830-010837,e-20260830-010837-t002,e-20260830-010837-t002-c04,e-20260830-010837-t002-c04-s001,1,1,p4,INTJ,thief,thief,44,claim|intent,p1,p1,defend,2,v1
e-20260830-010837,e-20260830-010837-t002,e-20260830-010837-t002-c04,e-20260830-010837-t002-c04-s002,2,1,p5,INTJ,werewolf,werewolf,56,intent|hypothesis,p8,p8,defend,1,v1
e-20260830-010837,e-20260830-010837-t002,e-20260830-010837-t002-c04,e-20260830-010837-t002-c04-s003,3,1,p8,INTJ,werewolf,werewolf,53,question|hypothesis,p5,p5,suspect,1,v1
e-20260830-010837,e-20260830-010837-t002,e-20260830-010837-t002-c04,e-20260830-010837-t002-c04-s004,4,2,p8,INTJ,werewolf,werewolf,100,claim|question|hypothesis|intent,p5,p5,suspect,1,v1
e-20260830-010837,e-20260830-010837-t002,e-20260830-010837-t002-c04,e-20260830-010837-t002-c04-s005,5,2,p5,INTJ,werewolf,werewolf,71,question|hypothesis,p8,p8,suspect,1,v1
e-20260830-010837,e-20260830-010837-t002,e-20260830-010837-t002-c05,e-20260830-010837-t002-c05-s001,1,1,p4,ISTP,thief,thief,75,claim|hypothesis|suspect,p1|p7,p7,suspect,1,v1
e-20260830-010837,e-20260830-010837-t002,e-20260830-010837-t002-c05,e-20260830-010837-t002-c05-s002,2,1,p5,ISTP,werewolf,werewolf,66,claim|intent|suspect,p1|p6,p6,suspect,1,v1
e-20260830-010837,e-20260830-010837-t002,e-20260830-010837-t002-c05,e-20260830-010837-t002-c05-s003,3,1,p8,ISTP,werewolf,werewolf,92,agree|intent|suspect,p5|p6|p1,p6,suspect,1,v1
e-20260830-010837,e-20260830-010837-t002,e-20260830-010837-t002-c05,e-20260830-010837-t002-c05-s004,4,2,p8,ISTP,werewolf,werewolf,80,intent|suspect,p6,p6,suspect,1,v1
e-20260830-010837,e-20260830-010837-t002,e-20260830-010837-t002-c05,e-20260830-010837-t002-c05-s005,5,2,p4,ISTP,thief,thief,82,intent|claim|suspect,p6|p1,p6,suspect,1,v1
e-20260830-010837,e-20260830-010837-t002,e-20260830-010837-t002-c05,e-20260830-010837-t002-c05-s006,6,2,p7,ISTP,seer,seer,96,agree|question|suspect,p8|p6|p3,p6,suspect,1,v1
e-20260830-010837,e-20260830-010837-t002,e-20260830-010837-t002-c05,e-20260830-010837-t002-c05-s007,7,3,p7,ISTP,seer,seer,73,question,p6|p3,p3,defend,1,v1
e-20260830-010837,e-20260830-010837-t002,e-20260830-010837-t002-c05,e-20260830-010837-t002-c05-s008,8,4,p5,ISTP,werewolf,werewolf,40,question|suspect,p6,p6,suspect,1,v1
e-20260830-010837,e-20260830-010837-t002,e-20260830-010837-t002-c05,e-20260830-010837-t002-c05-s009,9,4,p4,ISTP,thief,thief,83,question,p6|p3,,,,v1
e-20260830-010837,e-20260830-010837-t002,e-20260830-010837-t002-c05,e-20260830-010837-t002-c05-s010,10,5,p7,ISTP,seer,seer,83,question,p6|p1,,,,v1
e-20260830-010837,e-20260830-010837-t002,e-20260830-010837-t002-c05,e-20260830-010837-t002-c05-s011,11,5,p8,ISTP,werewolf,werewolf,64,question,p6|p3,,,,v1
e-20260830-010837,e-20260830-010837-t002,e-20260830-010837-t002-c05,e-20260830-010837-t002-c05-s012,12,5,p4,ISTP,thief,thief,72,intent,p6,,,,v1
e-20260830-010837,e-20260830-010837-t002,e-20260830-010837-t002-c05,e-20260830-010837-t002-c05-s013,13,6,p7,ISTP,seer,seer,64,question,p6|p1,,,,v1
e-20260830-010837,e-20260830-010837-t002,e-20260830-010837-t002-c06,e-20260830-010837-t002-c06-s001,1,1,p4,ISFP,thief,thief,61,claim|intent,p1,p1,defend,1,v1
e-20260830-010837,e-20260830-010837-t002,e-20260830-010837-t002-c06,e-20260830-010837-t002-c06-s002,2,1,p7,ISFP,seer,seer,70,claim|intent,p3|p4,p3,defend,1,v1
e-20260830-010837,e-20260830-010837-t002,e-20260830-010837-t002-c06,e-20260830-010837-t002-c06-s003,3,1,p5,ISFP,werewolf,werewolf,83,claim|intent|question,p8,p8,defend,1,v1
e-20260830-010837,e-20260830-010837-t002,e-20260830-010837-t002-c06,e-20260830-010837-t002-c06-s004,4,1,p8,ISFP,werewolf,werewolf,102,agree|claim|question,p5|p4,p4,suspect,1,v1
e-20260830-010837,e-20260830-010837-t002,e-20260830-010837-t002-c06,e-20260830-010837-t002-c06-s005,5,1,p1,ISFP,villager,villager,78,question|intent,p4,p4,suspect,1,v1
e-20260830-010837,e-20260830-010837-t002,e-20260830-010837-t002-c06,e-20260830-010837-t002-c06-s006,6,2,p1,ISFP,villager,villager,80,question,p4,p4,suspect,1,v1
e-20260830-010837,e-20260830-010837-t002,e-20260830-010837-t002-c06,e-20260830-010837-t002-c06-s007,7,2,p8,ISFP,werewolf,werewolf,131,rebut|question|hypothesis,p4|p1,p4,suspect,1,v1
e-20260830-010837,e-20260830-010837-t002,e-20260830-010837-t002-c06,e-20260830-010837-t002-c06-s008,8,2,p4,ISFP,thief,thief,71,agree|intent,p8,,,,v1
e-20260830-010837,e-20260830-010837-t002,e-20260830-010837-t002-c06,e-20260830-010837-t002-c06-s009,9,2,p5,ISFP,werewolf,werewolf,103,agree|question|intent,p4,,,,v1
e-20260830-010837,e-20260830-010837-t002,e-20260830-010837-t002-c06,e-20260830-010837-t002-c06-s010,10,3,p7,ISFP,seer,seer,115,agree|suspect|intent,p5|p8|p4|p3,p3,suspect,1,v1
e-20260830-010837,e-20260830-010837-t002,e-20260830-010837-t002-c06,e-20260830-010837-t002-c06-s011,11,4,p5,ISFP,werewolf,werewolf,88,agree|suspect|intent,p7|p3,p3,suspect,1,v1
e-20260830-010837,e-20260830-010837-t002,e-20260830-010837-t002-c06,e-20260830-010837-t002-c06-s012,12,4,p7,ISFP,seer,seer,67,claim|intent,p3,p3,defend,2,v1
e-20260830-010837,e-20260830-010837-t002,e-20260830-010837-t002-c06,e-20260830-010837-t002-c06-s013,13,4,p4,ISFP,thief,thief,122,claim|hypothesis|intent,p3|p1|p2,p2,defend,2,v1
e-20260830-010837,e-20260830-010837-t002,e-20260830-010837-t002-c06,e-20260830-010837-t002-c06-s014,14,5,p4,ISFP,thief,thief,64,agree|claim|intent,p3|p1|p2,p2,defend,2,v1
e-20260830-010837,e-20260830-010837-t002,e-20260830-010837-t002-c06,e-20260830-010837-t002-c06-s015,15,6,p5,ISFP,werewolf,werewolf,59,claim|question,p3|p1|p2,p3,defend,2,v1
e-20260830-010837,e-20260830-010837-t002,e-20260830-010837-t002-c06,e-20260830-010837-t002-c06-s016,16,6,p7,ISFP,seer,seer,80,defend|suspect,p5|p1|p2|p3,p3,suspect,1,v1
e-20260830-010837,e-20260830-010837-t002,e-20260830-010837-t002-c07,e-20260830-010837-t002-c07-s001,1,1,p6,INFP,villager,villager,88,question,,,,,v1
e-20260830-010837,e-20260830-010837-t002,e-20260830-010837-t002-c07,e-20260830-010837-t002-c07-s002,2,1,p4,INFP,thief,thief,81,claim|intent,,,,,v1
e-20260830-010837,e-20260830-010837-t002,e-20260830-010837-t002-c07,e-20260830-010837-t002-c07-s003,3,1,p2,INFP,villager,villager,75,question,,,,,v1
e-20260830-010837,e-20260830-010837-t002,e-20260830-010837-t002-c07,e-20260830-010837-t002-c07-s004,4,1,p7,INFP,seer,seer,110,claim|intent|question,,,,,v1
e-20260830-010837,e-20260830-010837-t002,e-20260830-010837-t002-c07,e-20260830-010837-t002-c07-s005,5,1,p3,INFP,villager,villager,81,agree,p4,p4,defend,1,v1
e-20260830-010837,e-20260830-010837-t002,e-20260830-010837-t002-c07,e-20260830-010837-t002-c07-s006,6,1,p5,INFP,werewolf,werewolf,113,claim|intent,p4|p7,,,,v1
e-20260830-010837,e-20260830-010837-t002,e-20260830-010837-t002-c07,e-20260830-010837-t002-c07-s007,7,1,p8,INFP,werewolf,werewolf,114,question,,,,,v1
e-20260830-010837,e-20260830-010837-t002,e-20260830-010837-t002-c07,e-20260830-010837-t002-c07-s008,8,1,p1,INFP,villager,villager,82,intent|question,,,,,v1
e-20260830-010837,e-20260830-010837-t002,e-20260830-010837-t002-c07,e-20260830-010837-t002-c07-s009,9,2,p8,INFP,werewolf,werewolf,66,defend,p4,p4,defend,2,v1
e-20260830-010837,e-20260830-010837-t002,e-20260830-010837-t002-c07,e-20260830-010837-t002-c07-s010,10,2,p6,INFP,villager,villager,90,hypothesis,,,,,v1
e-20260830-010837,e-20260830-010837-t002,e-20260830-010837-t002-c07,e-20260830-010837-t002-c07-s011,11,2,p3,INFP,villager,villager,101,question,,,,,v1
e-20260830-010837,e-20260830-010837-t002,e-20260830-010837-t002-c07,e-20260830-010837-t002-c07-s012,12,2,p4,INFP,thief,thief,85,question|hypothesis,,,,,v1
e-20260830-010837,e-20260830-010837-t002,e-20260830-010837-t002-c07,e-20260830-010837-t002-c07-s013,13,2,p5,INFP,werewolf,werewolf,93,hypothesis,p8,,,,v1
e-20260830-010837,e-20260830-010837-t002,e-20260830-010837-t002-c07,e-20260830-010837-t002-c07-s014,14,2,p7,INFP,seer,seer,98,claim|question|defend,p3,p3,defend,3,v1
e-20260830-010837,e-20260830-010837-t002,e-20260830-010837-t002-c08,e-20260830-010837-t002-c08-s001,1,1,p6,INTP,villager,villager,69,question,,,,,v1
e-20260830-010837,e-20260830-010837-t002,e-20260830-010837-t002-c08,e-20260830-010837-t002-c08-s002,2,1,p4,INTP,thief,thief,45,claim|intent,,,,,v1
e-20260830-010837,e-20260830-010837-t002,e-20260830-010837-t002-c08,e-20260830-010837-t002-c08-s003,3,1,p2,INTP,villager,villager,60,intent,,,,,v1
e-20260830-010837,e-20260830-010837-t002,e-20260830-010837-t002-c08,e-20260830-010837-t002-c08-s004,4,1,p7,INTP,seer,seer,60,claim|intent,,,,,v1
e-20260830-010837,e-20260830-010837-t002,e-20260830-010837-t002-c08,e-20260830-010837-t002-c08-s005,5,1,p3,INTP,villager,villager,60,intent,,,,,v1
e-20260830-010837,e-20260830-010837-t002,e-20260830-010837-t002-c08,e-20260830-010837-t002-c08-s006,6,1,p5,INTP,werewolf,werewolf,73,claim|intent,,,,,v1
e-20260830-010837,e-20260830-010837-t002,e-20260830-010837-t002-c08,e-20260830-010837-t002-c08-s007,7,1,p8,INTP,werewolf,werewolf,67,claim|suspect,p5,p5,suspect,3,v1
e-20260830-010837,e-20260830-010837-t002,e-20260830-010837-t002-c08,e-20260830-010837-t002-c08-s008,8,2,p8,INTP,werewolf,werewolf,93,agree|claim|question|intent,p5,p5,defend,2,v1
e-20260830-010837,e-20260830-010837-t002,e-20260830-010837-t002-c08,e-20260830-010837-t002-c08-s009,9,2,p6,INTP,villager,villager,64,question,,,,,v1
e-20260830-010837,e-20260830-010837-t002,e-20260830-010837-t002-c08,e-20260830-010837-t002-c08-s010,10,2,p3,INTP,villager,villager,71,question,,,,,v1
e-20260830-010837,e-20260830-010837-t002,e-20260830-010837-t002-c08,e-20260830-010837-t002-c08-s011,11,2,p4,INTP,thief,thief,60,intent,,,,,v1
e-20260830-010837,e-20260830-010837-t002,e-20260830-010837-t002-c08,e-20260830-010837-t002-c08-s012,12,2,p5,INTP,werewolf,werewolf,68,claim|defend,p8,p8,defend,2,v1
e-20260830-010837,e-20260830-010837-t002,e-20260830-010837-t002-c08,e-20260830-010837-t002-c08-s013,13,2,p7,INTP,seer,seer,81,claim|question,p3|p2|p4,,,,v1
e-20260830-010837,e-20260830-010837-t002,e-20260830-010837-t002-c09,e-20260830-010837-t002-c09-s001,1,1,p6,ESTP,villager,villager,92,claim|intent,,,,,v1
e-20260830-010837,e-20260830-010837-t002,e-20260830-010837-t002-c09,e-20260830-010837-t002-c09-s002,2,1,p4,ESTP,thief,thief,63,claim|intent,,,,,v1
e-20260830-010837,e-20260830-010837-t002,e-20260830-010837-t002-c09,e-20260830-010837-t002-c09-s003,3,1,p2,ESTP,villager,villager,83,intent|question,,,,,v1
e-20260830-010837,e-20260830-010837-t002,e-20260830-010837-t002-c09,e-20260830-010837-t002-c09-s004,4,1,p7,ESTP,seer,seer,63,claim|intent,,,,,v1
e-20260830-010837,e-20260830-010837-t002,e-20260830-010837-t002-c09,e-20260830-010837-t002-c09-s005,5,1,p3,ESTP,villager,villager,109,question|intent,p4,,,,v1
e-20260830-010837,e-20260830-010837-t002,e-20260830-010837-t002-c09,e-20260830-010837-t002-c09-s006,6,1,p5,ESTP,werewolf,werewolf,82,intent,p4,,,,v1
e-20260830-010837,e-20260830-010837-t002,e-20260830-010837-t002-c09,e-20260830-010837-t002-c09-s007,7,1,p8,ESTP,werewolf,werewolf,85,claim|intent|question,p5,,,,v1
e-20260830-010837,e-20260830-010837-t002,e-20260830-010837-t002-c09,e-20260830-010837-t002-c09-s008,8,1,p1,ESTP,villager,villager,70,intent,p4|p7,,,,v1
e-20260830-010837,e-20260830-010837-t002,e-20260830-010837-t002-c09,e-20260830-010837-t002-c09-s009,9,2,p1,ESTP,villager,villager,82,question|hypothesis|suspect,p4,p4,suspect,1,v1
e-20260830-010837,e-20260830-010837-t002,e-20260830-010837-t002-c09,e-20260830-010837-t002-c09-s010,10,2,p8,ESTP,werewolf,werewolf,125,question|intent,p5,,,,v1
e-20260830-010837,e-20260830-010837-t002,e-20260830-010837-t002-c09,e-20260830-010837-t002-c09-s011,11,2,p6,ESTP,villager,villager,79,question,p4,,,,v1
e-20260830-010837,e-20260830-010837-t002,e-20260830-010837-t002-c09,e-20260830-010837-t002-c09-s012,12,2,p3,ESTP,villager,villager,126,claim,,,,,v1
e-20260830-010837,e-20260830-010837-t002,e-20260830-010837-t002-c09,e-20260830-010837-t002-c09-s013,13,2,p4,ESTP,thief,thief,72,agree|question,p1|p3,,,,v1
e-20260830-010837,e-20260830-010837-t002,e-20260830-010837-t002-c09,e-20260830-010837-t002-c09-s014,14,2,p5,ESTP,werewolf,werewolf,118,agree|suspect,p4|p3|p1,p1,suspect,2,v1
e-20260830-010837,e-20260830-010837-t002,e-20260830-010837-t002-c09,e-20260830-010837-t002-c09-s015,15,2,p2,ESTP,villager,villager,167,agree|rebut|intent,p5|p1|p4,p4,suspect,1,v1
e-20260830-010837,e-20260830-010837-t002,e-20260830-010837-t002-c10,e-20260830-010837-t002-c10-s001,1,1,p6,ESFP,villager,villager,97,question|intent,,,,,v1
e-20260830-010837,e-20260830-010837-t002,e-20260830-010837-t002-c10,e-20260830-010837-t002-c10-s002,2,1,p4,ESFP,thief,thief,99,other,,,,,v1
e-20260830-010837,e-20260830-010837-t002,e-20260830-010837-t002-c10,e-20260830-010837-t002-c10-s003,3,1,p2,ESFP,villager,villager,117,other,,,,,v1
e-20260830-010837,e-20260830-010837-t002,e-20260830-010837-t002-c10,e-20260830-010837-t002-c10-s004,4,1,p7,ESFP,seer,seer,101,claim|defend,p3,p3,defend,3,v1
e-20260830-010837,e-20260830-010837-t002,e-20260830-010837-t002-c10,e-20260830-010837-t002-c10-s005,5,1,p3,ESFP,villager,villager,100,other,,,,,v1
e-20260830-010837,e-20260830-010837-t002,e-20260830-010837-t002-c10,e-20260830-010837-t002-c10-s006,6,1,p5,ESFP,werewolf,werewolf,124,question,,,,,v1
e-20260830-010837,e-20260830-010837-t002,e-20260830-010837-t002-c10,e-20260830-010837-t002-c10-s007,7,1,p8,ESFP,werewolf,werewolf,128,suspect,p5|p3,p3,suspect,1,v1
e-20260830-010837,e-20260830-010837-t002,e-20260830-010837-t002-c10,e-20260830-010837-t002-c10-s008,8,1,p1,ESFP,villager,villager,104,other,,,,,v1
e-20260830-010837,e-20260830-010837-t002,e-20260830-010837-t002-c10,e-20260830-010837-t002-c10-s009,9,2,p1,ESFP,villager,villager,110,question,,,,,v1
e-20260830-010837,e-20260830-010837-t002,e-20260830-010837-t002-c10,e-20260830-010837-t002-c10-s010,10,2,p8,ESFP,werewolf,werewolf,83,question,p5|p3,,,,v1
e-20260830-010837,e-20260830-010837-t002,e-20260830-010837-t002-c10,e-20260830-010837-t002-c10-s011,11,2,p6,ESFP,villager,villager,113,other,p8,,,,v1
e-20260830-010837,e-20260830-010837-t002,e-20260830-010837-t002-c10,e-20260830-010837-t002-c10-s012,12,2,p3,ESFP,villager,villager,81,question,p6,,,,v1
e-20260830-010837,e-20260830-010837-t002,e-20260830-010837-t002-c10,e-20260830-010837-t002-c10-s013,13,2,p4,ESFP,thief,thief,118,question|agree,p3|p6,,,,v1
e-20260830-010837,e-20260830-010837-t002,e-20260830-010837-t002-c10,e-20260830-010837-t002-c10-s014,14,2,p5,ESFP,werewolf,werewolf,143,question|other,p3|p6,,,,v1
e-20260830-010837,e-20260830-010837-t002,e-20260830-010837-t002-c11,e-20260830-010837-t002-c11-s001,1,1,p6,ENFP,villager,villager,79,question,,,,,v1
e-20260830-010837,e-20260830-010837-t002,e-20260830-010837-t002-c11,e-20260830-010837-t002-c11-s002,2,1,p4,ENFP,thief,thief,68,question,,,,,v1
e-20260830-010837,e-20260830-010837-t002,e-20260830-010837-t002-c11,e-20260830-010837-t002-c11-s003,3,1,p2,ENFP,villager,villager,64,question,,,,,v1
e-20260830-010837,e-20260830-010837-t002,e-20260830-010837-t002-c11,e-20260830-010837-t002-c11-s004,4,1,p7,ENFP,seer,seer,109,claim|question,,,,,v1
e-20260830-010837,e-20260830-010837-t002,e-20260830-010837-t002-c11,e-20260830-010837-t002-c11-s005,5,1,p3,ENFP,villager,villager,45,question,,,,,v1
e-20260830-010837,e-20260830-010837-t002,e-20260830-010837-t002-c11,e-20260830-010837-t002-c11-s006,6,1,p5,ENFP,werewolf,werewolf,119,claim|question|intent,,,,,v1
e-20260830-010837,e-20260830-010837-t002,e-20260830-010837-t002-c11,e-20260830-010837-t002-c11-s007,7,1,p8,ENFP,werewolf,werewolf,76,question|suspect,p5,p5,suspect,2,v1
e-20260830-010837,e-20260830-010837-t002,e-20260830-010837-t002-c11,e-20260830-010837-t002-c11-s008,8,1,p1,ENFP,villager,villager,91,question|suspect|intent,p5|p8,p8,suspect,2,v1
e-20260830-010837,e-20260830-010837-t002,e-20260830-010837-t002-c11,e-20260830-010837-t002-c11-s009,9,2,p1,ENFP,villager,villager,92,suspect,p5|p8,p8,suspect,2,v1
e-20260830-010837,e-20260830-010837-t002,e-20260830-010837-t002-c11,e-20260830-010837-t002-c11-s010,10,2,p8,ENFP,werewolf,werewolf,115,suspect,p5|p1,p1,suspect,2,v1
e-20260830-010837,e-20260830-010837-t002,e-20260830-010837-t002-c11,e-20260830-010837-t002-c11-s011,11,2,p6,ENFP,villager,villager,100,suspect,p5|p8,p8,suspect,2,v1
e-20260830-010837,e-20260830-010837-t002,e-20260830-010837-t002-c11,e-20260830-010837-t002-c11-s012,12,2,p3,ENFP,villager,villager,98,suspect,p5|p8,p8,suspect,2,v1
e-20260830-010837,e-20260830-010837-t002,e-20260830-010837-t002-c11,e-20260830-010837-t002-c11-s013,13,2,p4,ENFP,thief,thief,98,suspect,p5|p8,p8,suspect,2,v1
e-20260830-010837,e-20260830-010837-t002,e-20260830-010837-t002-c11,e-20260830-010837-t002-c11-s014,14,3,p5,ENFP,werewolf,werewolf,86,claim,p8,,,,v1
e-20260830-010837,e-20260830-010837-t002,e-20260830-010837-t002-c11,e-20260830-010837-t002-c11-s015,15,4,p5,ENFP,werewolf,werewolf,79,suspect|claim,p1|p2|p8,p2,suspect,1,v1
e-20260830-010837,e-20260830-010837-t002,e-20260830-010837-t002-c11,e-20260830-010837-t002-c11-s016,16,4,p6,ENFP,villager,villager,113,suspect|claim|hypothesis,p5|p1|p2|p8,p8,suspect,2,v1
e-20260830-010837,e-20260830-010837-t002,e-20260830-010837-t002-c11,e-20260830-010837-t002-c11-s017,17,5,p6,ENFP,villager,villager,103,suspect|claim|agree|hypothesis|intent,p5|p1|p2|p8,p8,suspect,2,v1
e-20260830-010837,e-20260830-010837-t002,e-20260830-010837-t002-c12,e-20260830-010837-t002-c12-s001,1,1,p4,ENTP,thief,thief,83,question|other,,,,,v1
e-20260830-010837,e-20260830-010837-t002,e-20260830-010837-t002-c12,e-20260830-010837-t002-c12-s002,2,1,p2,ENTP,villager,villager,98,other,,,,,v1
e-20260830-010837,e-20260830-010837-t002,e-20260830-010837-t002-c12,e-20260830-010837-t002-c12-s003,3,1,p7,ENTP,seer,seer,112,claim|other,,,,,v1
e-20260830-010837,e-20260830-010837-t002,e-20260830-010837-t002-c12,e-20260830-010837-t002-c12-s004,4,1,p3,ENTP,villager,villager,98,other|intent,,,,,v1
e-20260830-010837,e-20260830-010837-t002,e-20260830-010837-t002-c12,e-20260830-010837-t002-c12-s005,5,1,p5,ENTP,werewolf,werewolf,90,claim|intent,,,,,v1
e-20260830-010837,e-20260830-010837-t002,e-20260830-010837-t002-c12,e-20260830-010837-t002-c12-s006,6,1,p8,ENTP,werewolf,werewolf,95,claim|intent,p5,,,,v1
e-20260830-010837,e-20260830-010837-t002,e-20260830-010837-t002-c12,e-20260830-010837-t002-c12-s007,7,1,p1,ENTP,villager,villager,88,question,,,,,v1
e-20260830-010837,e-20260830-010837-t002,e-20260830-010837-t002-c12,e-20260830-010837-t002-c12-s008,8,2,p1,ENTP,villager,villager,122,agree|intent,p7,p7,defend,1,v1
e-20260830-010837,e-20260830-010837-t002,e-20260830-010837-t002-c12,e-20260830-010837-t002-c12-s009,9,2,p8,ENTP,werewolf,werewolf,117,question|claim,p1,,,,v1
e-20260830-010837,e-20260830-010837-t002,e-20260830-010837-t002-c12,e-20260830-010837-t002-c12-s010,10,2,p6,ENTP,villager,villager,97,agree|intent,p1,,,,v1
e-20260830-010837,e-20260830-010837-t002,e-20260830-010837-t002-c12,e-20260830-010837-t002-c12-s011,11,2,p3,ENTP,villager,villager,142,question,p7|p8|p1,,,,v1
e-20260830-010837,e-20260830-010837-t002,e-20260830-010837-t002-c12,e-20260830-010837-t002-c12-s012,12,2,p4,ENTP,thief,thief,125,question|hypothesis,p7|p8|p1,,,,v1
e-20260830-010837,e-20260830-010837-t002,e-20260830-010837-t002-c12,e-20260830-010837-t002-c12-s013,13,2,p5,ENTP,werewolf,werewolf,131,question|intent,p1|p7|p8,,,,v1
e-20260830-010837,e-20260830-010837-t002,e-20260830-010837-t002-c12,e-20260830-010837-t002-c12-s014,14,2,p2,ENTP,villager,villager,118,question,p7|p8,,,,v1
e-20260830-010837,e-20260830-010837-t002,e-20260830-010837-t002-c13,e-20260830-010837-t002-c13-s001,1,1,p6,ESTJ,villager,villager,80,question,,,,,v1
e-20260830-010837,e-20260830-010837-t002,e-20260830-010837-t002-c13,e-20260830-010837-t002-c13-s002,2,1,p4,ESTJ,thief,thief,71,claim|defend,p1,p1,defend,2,v1
e-20260830-010837,e-20260830-010837-t002,e-20260830-010837-t002-c13,e-20260830-010837-t002-c13-s003,3,1,p2,ESTJ,villager,villager,89,question,,,,,v1
e-20260830-010837,e-20260830-010837-t002,e-20260830-010837-t002-c13,e-20260830-010837-t002-c13-s004,4,1,p7,ESTJ,seer,seer,84,claim|defend,p3,p3,defend,2,v1
e-20260830-010837,e-20260830-010837-t002,e-20260830-010837-t002-c13,e-20260830-010837-t002-c13-s005,5,1,p3,ESTJ,villager,villager,104,other,,,,,v1
e-20260830-010837,e-20260830-010837-t002,e-20260830-010837-t002-c13,e-20260830-010837-t002-c13-s006,6,1,p5,ESTJ,werewolf,werewolf,116,claim|suspect,p8,p8,suspect,3,v1
e-20260830-010837,e-20260830-010837-t002,e-20260830-010837-t002-c13,e-20260830-010837-t002-c13-s007,7,1,p8,ESTJ,werewolf,werewolf,112,claim|intent,,,,,v1
e-20260830-010837,e-20260830-010837-t002,e-20260830-010837-t002-c13,e-20260830-010837-t002-c13-s008,8,1,p1,ESTJ,villager,villager,92,other,,,,,v1
e-20260830-010837,e-20260830-010837-t002,e-20260830-010837-t002-c13,e-20260830-010837-t002-c13-s009,9,2,p1,ESTJ,villager,villager,101,intent|other,,,,,v1
e-20260830-010837,e-20260830-010837-t002,e-20260830-010837-t002-c13,e-20260830-010837-t002-c13-s010,10,2,p8,ESTJ,werewolf,werewolf,100,claim|intent,,,,,v1
e-20260830-010837,e-20260830-010837-t002,e-20260830-010837-t002-c13,e-20260830-010837-t002-c13-s011,11,2,p6,ESTJ,villager,villager,101,claim|suspect|intent,p8,p8,suspect,3,v1
e-20260830-010837,e-20260830-010837-t002,e-20260830-010837-t002-c13,e-20260830-010837-t002-c13-s012,12,2,p4,ESTJ,thief,thief,91,claim|suspect|intent,p8,p8,suspect,3,v1
e-20260830-010837,e-20260830-010837-t002,e-20260830-010837-t002-c13,e-20260830-010837-t002-c13-s013,13,2,p7,ESTJ,seer,seer,83,claim|suspect|defend,p3|p8,p8,suspect,3,v1
e-20260830-010837,e-20260830-010837-t002,e-20260830-010837-t002-c14,e-20260830-010837-t002-c14-s001,1,1,p6,ESFJ,villager,villager,84,question,,,,,v1
e-20260830-010837,e-20260830-010837-t002,e-20260830-010837-t002-c14,e-20260830-010837-t002-c14-s002,2,1,p4,ESFJ,thief,thief,67,claim|intent,,,,,v1
e-20260830-010837,e-20260830-010837-t002,e-20260830-010837-t002-c14,e-20260830-010837-t002-c14-s003,3,1,p2,ESFJ,villager,villager,63,other,,,,,v1
e-20260830-010837,e-20260830-010837-t002,e-20260830-010837-t002-c14,e-20260830-010837-t002-c14-s004,4,1,p7,ESFJ,seer,seer,59,claim|defend,p3,p3,defend,3,v1
e-20260830-010837,e-20260830-010837-t002,e-20260830-010837-t002-c14,e-20260830-010837-t002-c14-s005,5,1,p3,ESFJ,villager,villager,83,intent,,,,,v1
e-20260830-010837,e-20260830-010837-t002,e-20260830-010837-t002-c14,e-20260830-010837-t002-c14-s006,6,1,p5,ESFJ,werewolf,werewolf,74,claim|intent,p8,,,,v1
e-20260830-010837,e-20260830-010837-t002,e-20260830-010837-t002-c14,e-20260830-010837-t002-c14-s007,7,1,p8,ESFJ,werewolf,werewolf,76,claim|intent,p5,,,,v1
e-20260830-010837,e-20260830-010837-t002,e-20260830-010837-t002-c14,e-20260830-010837-t002-c14-s008,8,1,p1,ESFJ,villager,villager,83,other,,,,,v1
e-20260830-010837,e-20260830-010837-t002,e-20260830-010837-t002-c14,e-20260830-010837-t002-c14-s009,9,2,p1,ESFJ,villager,villager,111,intent|hypothesis,,,,,v1
e-20260830-010837,e-20260830-010837-t002,e-20260830-010837-t002-c14,e-20260830-010837-t002-c14-s010,10,2,p8,ESFJ,werewolf,werewolf,100,intent,p5,p5,defend,1,v1
e-20260830-010837,e-20260830-010837-t002,e-20260830-010837-t002-c14,e-20260830-010837-t002-c14-s011,11,2,p6,ESFJ,villager,villager,97,question|intent,,,,,v1
e-20260830-010837,e-20260830-010837-t002,e-20260830-010837-t002-c14,e-20260830-010837-t002-c14-s012,12,2,p4,ESFJ,thief,thief,66,claim|suspect|intent,p7,p7,suspect,1,v1
e-20260830-010837,e-20260830-010837-t002,e-20260830-010837-t002-c14,e-20260830-010837-t002-c14-s013,13,2,p5,ESFJ,werewolf,werewolf,90,claim|defend|intent,p8|p3,p3,defend,3,v1
e-20260830-010837,e-20260830-010837-t002,e-20260830-010837-t002-c14,e-20260830-010837-t002-c14-s014,14,2,p7,ESFJ,seer,seer,100,question|agree|intent,p5|p3|p8,p3,defend,1,v1
e-20260830-010837,e-20260830-010837-t002,e-20260830-010837-t002-c15,e-20260830-010837-t002-c15-s001,1,1,p6,ENFJ,villager,villager,89,intent|question,,,,,v1
e-20260830-010837,e-20260830-010837-t002,e-20260830-010837-t002-c15,e-20260830-010837-t002-c15-s002,2,1,p4,ENFJ,thief,thief,121,claim|question,p1,,,,v1
e-20260830-010837,e-20260830-010837-t002,e-20260830-010837-t002-c15,e-20260830-010837-t002-c15-s003,3,1,p2,ENFJ,villager,villager,109,question|other,,,,,v1
e-20260830-010837,e-20260830-010837-t002,e-20260830-010837-t002-c15,e-20260830-010837-t002-c15-s004,4,1,p7,ENFJ,seer,seer,106,claim|defend,p3,p3,defend,1,v1
e-20260830-010837,e-20260830-010837-t002,e-20260830-010837-t002-c15,e-20260830-010837-t002-c15-s005,5,1,p3,ENFJ,villager,villager,87,intent,,,,,v1
e-20260830-010837,e-20260830-010837-t002,e-20260830-010837-t002-c15,e-20260830-010837-t002-c15-s006,6,1,p5,ENFJ,werewolf,werewolf,129,claim|intent,p8|p1,p8,defend,1,v1
e-20260830-010837,e-20260830-010837-t002,e-20260830-010837-t002-c15,e-20260830-010837-t002-c15-s007,7,1,p8,ENFJ,werewolf,werewolf,120,claim|hypothesis|intent,p1,,,,v1
e-20260830-010837,e-20260830-010837-t002,e-20260830-010837-t002-c15,e-20260830-010837-t002-c15-s008,8,2,p1,ENFJ,villager,villager,132,agree|suspect,p2|p4|p5|p8,p8,suspect,2,v1
e-20260830-010837,e-20260830-010837-t002,e-20260830-010837-t002-c15,e-20260830-010837-t002-c15-s009,9,2,p8,ENFJ,werewolf,werewolf,83,hypothesis,p1,,,,v1
e-20260830-010837,e-20260830-010837-t002,e-20260830-010837-t002-c15,e-20260830-010837-t002-c15-s010,10,2,p6,ENFJ,villager,villager,136,agree|question,p8|p5|p2|p3,,,,v1
e-20260830-010837,e-20260830-010837-t002,e-20260830-010837-t002-c15,e-20260830-010837-t002-c15-s011,11,2,p3,ENFJ,villager,villager,114,question,p6|p2|p3,,,,v1
e-20260830-010837,e-20260830-010837-t002,e-20260830-010837-t002-c15,e-20260830-010837-t002-c15-s012,12,2,p4,ENFJ,thief,thief,132,agree|hypothesis|question,p2|p5|p8,,,,v1
e-20260830-010837,e-20260830-010837-t002,e-20260830-010837-t002-c15,e-20260830-010837-t002-c15-s013,13,2,p5,ENFJ,werewolf,werewolf,102,other,p2,,,,v1
e-20260830-010837,e-20260830-010837-t002,e-20260830-010837-t002-c16,e-20260830-010837-t002-c16-s001,1,1,p6,ENTJ,villager,villager,51,question,,,,,v1
e-20260830-010837,e-20260830-010837-t002,e-20260830-010837-t002-c16,e-20260830-010837-t002-c16-s002,2,1,p5,ENTJ,werewolf,werewolf,78,claim|intent,p8,,,,v1
e-20260830-010837,e-20260830-010837-t002,e-20260830-010837-t002-c16,e-20260830-010837-t002-c16-s003,3,1,p8,ENTJ,werewolf,werewolf,89,intent,,,,,v1
e-20260830-010837,e-20260830-010837-t002,e-20260830-010837-t002-c16,e-20260830-010837-t002-c16-s004,4,1,p1,ENTJ,villager,villager,63,intent,,,,,v1
e-20260830-010837,e-20260830-010837-t002,e-20260830-010837-t002-c16,e-20260830-010837-t002-c16-s005,5,2,p8,ENTJ,werewolf,werewolf,91,intent|hypothesis,p5|p1|p6,,,,v1
e-20260830-010837,e-20260830-010837-t002,e-20260830-010837-t002-c16,e-20260830-010837-t002-c16-s006,6,2,p6,ENTJ,villager,villager,81,intent,,,,,v1
e-20260830-010837,e-20260830-010837-t002,e-20260830-010837-t002-c16,e-20260830-010837-t002-c16-s007,7,2,p5,ENTJ,werewolf,werewolf,66,intent,,,,,v1
e-20260830-010837,e-20260830-010837-t003,e-20260830-010837-t003-c00,e-20260830-010837-t003-c00-s001,1,1,p7,ESTP,villager,villager,45,question|intent,,,,,v1
e-20260830-010837,e-20260830-010837-t003,e-20260830-010837-t003-c00,e-20260830-010837-t003-c00-s002,2,1,p2,ESFJ,villager,villager,28,other,,,,,v1
e-20260830-010837,e-20260830-010837-t003,e-20260830-010837-t003-c00,e-20260830-010837-t003-c00-s003,3,1,p5,ENFJ,werewolf,werewolf,75,agree|question|intent,p7,,,,v1
e-20260830-010837,e-20260830-010837-t003,e-20260830-010837-t003-c00,e-20260830-010837-t003-c00-s004,4,1,p3,ESTP,thief,thief,72,claim|intent,,,,,v1
e-20260830-010837,e-20260830-010837-t003,e-20260830-010837-t003-c00,e-20260830-010837-t003-c00-s005,5,1,p1,INTJ,seer,seer,80,claim|question|intent,p5,,,,v1
e-20260830-010837,e-20260830-010837-t003,e-20260830-010837-t003-c00,e-20260830-010837-t003-c00-s006,6,1,p8,ESTJ,villager,villager,68,other,,,,,v1
e-20260830-010837,e-20260830-010837-t003,e-20260830-010837-t003-c00,e-20260830-010837-t003-c00-s007,7,1,p4,ENFJ,werewolf,werewolf,61,intent,,,,,v1
e-20260830-010837,e-20260830-010837-t003,e-20260830-010837-t003-c00,e-20260830-010837-t003-c00-s008,8,2,p8,ESTJ,villager,villager,70,other,,,,,v1
e-20260830-010837,e-20260830-010837-t003,e-20260830-010837-t003-c00,e-20260830-010837-t003-c00-s009,9,2,p1,INTJ,seer,seer,94,claim|suspect,p5|p3,p5,suspect,3,v1
e-20260830-010837,e-20260830-010837-t003,e-20260830-010837-t003-c00,e-20260830-010837-t003-c00-s010,10,2,p5,ENFJ,werewolf,werewolf,115,question,p1|p3|p4|p6|p7|p8,,,,v1
e-20260830-010837,e-20260830-010837-t003,e-20260830-010837-t003-c00,e-20260830-010837-t003-c00-s011,11,2,p7,ESTP,villager,villager,91,intent,p1|p2|p3|p4|p5|p6|p8,,,,v1
e-20260830-010837,e-20260830-010837-t003,e-20260830-010837-t003-c00,e-20260830-010837-t003-c00-s012,12,2,p4,ENFJ,werewolf,werewolf,95,question,p7|p8|p1|p2|p3|p5,,,,v1
e-20260830-010837,e-20260830-010837-t003,e-20260830-010837-t003-c00,e-20260830-010837-t003-c00-s013,13,2,p2,ESFJ,villager,villager,107,question,p7|p8|p1|p4|p3|p5,,,,v1
e-20260830-010837,e-20260830-010837-t003,e-20260830-010837-t003-c00,e-20260830-010837-t003-c00-s014,14,2,p3,ESTP,thief,thief,76,claim|question,p1|p5|p7|p8,,,,v1
e-20260830-010837,e-20260830-010837-t003,e-20260830-010837-t003-c01,e-20260830-010837-t003-c01-s001,1,1,p2,ISTJ,villager,villager,68,question,,,,,v1
e-20260830-010837,e-20260830-010837-t003,e-20260830-010837-t003-c01,e-20260830-010837-t003-c01-s002,2,1,p5,ISTJ,werewolf,werewolf,113,intent,,,,,v1
e-20260830-010837,e-20260830-010837-t003,e-20260830-010837-t003-c01,e-20260830-010837-t003-c01-s003,3,1,p3,ISTJ,thief,thief,89,claim|intent,,,,,v1
e-20260830-010837,e-20260830-010837-t003,e-20260830-010837-t003-c01,e-20260830-010837-t003-c01-s004,4,1,p1,ISTJ,seer,seer,86,claim|suspect,p5,p5,suspect,3,v1
e-20260830-010837,e-20260830-010837-t003,e-20260830-010837-t003-c01,e-20260830-010837-t003-c01-s005,5,1,p4,ISTJ,werewolf,werewolf,73,question,,,,,v1
e-20260830-010837,e-20260830-010837-t003,e-20260830-010837-t003-c01,e-20260830-010837-t003-c01-s006,6,2,p1,ISTJ,seer,seer,84,question|suspect,p5,p5,suspect,2,v1
e-20260830-010837,e-20260830-010837-t003,e-20260830-010837-t003-c01,e-20260830-010837-t003-c01-s007,7,2,p5,ISTJ,werewolf,werewolf,94,claim|suspect|intent,p4,p4,suspect,3,v1
e-20260830-010837,e-20260830-010837-t003,e-20260830-010837-t003-c01,e-20260830-010837-t003-c01-s008,8,2,p6,ISTJ,villager,villager,82,question,,,,,v1
e-20260830-010837,e-20260830-010837-t003,e-20260830-010837-t003-c01,e-20260830-010837-t003-c01-s009,9,2,p7,ISTJ,villager,villager,62,other,,,,,v1
e-20260830-010837,e-20260830-010837-t003,e-20260830-010837-t003-c01,e-20260830-010837-t003-c01-s010,10,2,p4,ISTJ,werewolf,werewolf,58,question,,,,,v1
e-20260830-010837,e-20260830-010837-t003,e-20260830-010837-t003-c01,e-20260830-010837-t003-c01-s011,11,2,p2,ISTJ,villager,villager,102,question,,,,,v1
e-20260830-010837,e-20260830-010837-t003,e-20260830-010837-t003-c01,e-20260830-010837-t003-c01-s012,12,2,p3,ISTJ,thief,thief,61,question,p1|p5,,,,v1
e-20260830-010837,e-20260830-010837-t003,e-20260830-010837-t003-c01,e-20260830-010837-t003-c01-s013,13,3,p8,ISTJ,villager,villager,115,question,p1,,,,v1
e-20260830-010837,e-20260830-010837-t003,e-20260830-010837-t003-c01,e-20260830-010837-t003-c01-s014,14,4,p8,ISTJ,villager,villager,119,question,p1,,,,v1
e-20260830-010837,e-20260830-010837-t003,e-20260830-010837-t003-c01,e-20260830-010837-t003-c01-s015,15,4,p5,ISTJ,werewolf,werewolf,61,question,p1|p5,,,,v1
e-20260830-010837,e-20260830-010837-t003,e-20260830-010837-t003-c01,e-20260830-010837-t003-c01-s016,16,4,p1,ISTJ,seer,seer,104,claim|intent|suspect,p5|p4,p5,suspect,2,v1
e-20260830-010837,e-20260830-010837-t003,e-20260830-010837-t003-c01,e-20260830-010837-t003-c01-s017,17,4,p2,ISTJ,villager,villager,107,agree|suspect|intent|question,p1|p5,p5,suspect,2,v1
e-20260830-010837,e-20260830-010837-t003,e-20260830-010837-t003-c01,e-20260830-010837-t003-c01-s018,18,4,p4,ISTJ,werewolf,werewolf,101,question,p1|p5,,,,v1
e-20260830-010837,e-20260830-010837-t003,e-20260830-010837-t003-c01,e-20260830-010837-t003-c01-s019,19,4,p6,ISTJ,villager,villager,99,question,p1|p5|p4,,,,v1
e-20260830-010837,e-20260830-010837-t003,e-20260830-010837-t003-c01,e-20260830-010837-t003-c01-s020,20,5,p2,ISTJ,villager,villager,126,question,p1|p4|p5,,,,v1
e-20260830-010837,e-20260830-010837-t003,e-20260830-010837-t003-c02,e-20260830-010837-t003-c02-s001,1,1,p5,ISFJ,werewolf,werewolf,68,intent,,,,,v1
e-20260830-010837,e-20260830-010837-t003,e-20260830-010837-t003-c02,e-20260830-010837-t003-c02-s002,2,1,p3,ISFJ,thief,thief,61,claim|intent,,,,,v1
e-20260830-010837,e-20260830-010837-t003,e-20260830-010837-t003-c02,e-20260830-010837-t003-c02-s003,3,1,p1,ISFJ,seer,seer,63,claim|suspect,p5,p5,suspect,3,v1
e-20260830-010837,e-20260830-010837-t003,e-20260830-010837-t003-c02,e-20260830-010837-t003-c02-s004,4,1,p4,ISFJ,werewolf,werewolf,78,claim|intent|hypothesis,p5|p3|p1,,,,v1
e-20260830-010837,e-20260830-010837-t003,e-20260830-010837-t003-c02,e-20260830-010837-t003-c02-s005,5,2,p1,ISFJ,seer,seer,76,suspect|intent,p5,p5,suspect,3,v1
e-20260830-010837,e-20260830-010837-t003,e-20260830-010837-t003-c02,e-20260830-010837-t003-c02-s006,6,2,p5,ISFJ,werewolf,werewolf,99,claim|rebut|defend|intent,p4|p5,,,,v1
e-20260830-010837,e-20260830-010837-t003,e-20260830-010837-t003-c02,e-20260830-010837-t003-c02-s007,7,2,p4,ISFJ,werewolf,werewolf,93,claim|defend|intent|agree,p5,p5,defend,2,v1
e-20260830-010837,e-20260830-010837-t003,e-20260830-010837-t003-c02,e-20260830-010837-t003-c02-s008,8,2,p3,ISFJ,thief,thief,92,claim|intent,,,,,v1
e-20260830-010837,e-20260830-010837-t003,e-20260830-010837-t003-c02,e-20260830-010837-t003-c02-s009,9,3,p8,ISFJ,villager,villager,68,suspect,p5|p4,p4,suspect,1,v1
e-20260830-010837,e-20260830-010837-t003,e-20260830-010837-t003-c02,e-20260830-010837-t003-c02-s010,10,4,p3,ISFJ,thief,thief,85,claim|intent,,,,,v1
e-20260830-010837,e-20260830-010837-t003,e-20260830-010837-t003-c02,e-20260830-010837-t003-c02-s011,11,4,p5,ISFJ,werewolf,werewolf,67,claim|intent|suspect,p4,p4,suspect,3,v1
e-20260830-010837,e-20260830-010837-t003,e-20260830-010837-t003-c02,e-20260830-010837-t003-c02-s012,12,4,p4,ISFJ,werewolf,werewolf,104,claim|intent|defend,p5|p3,p5,defend,2,v1
e-20260830-010837,e-20260830-010837-t003,e-20260830-010837-t003-c02,e-20260830-010837-t003-c02-s013,13,5,p1,ISFJ,seer,seer,120,suspect|claim|hypothesis|intent,p5|p4|p3,p3,suspect,2,v1
e-20260830-010837,e-20260830-010837-t003,e-20260830-010837-t003-c02,e-20260830-010837-t003-c02-s014,14,5,p3,ISFJ,thief,thief,100,claim|suspect|intent,p1,p1,suspect,3,v1
e-20260830-010837,e-20260830-010837-t003,e-20260830-010837-t003-c03,e-20260830-010837-t003-c03-s001,1,1,p5,INFJ,werewolf,werewolf,54,suspect|hypothesis,p1|p2|p3,p3,suspect,1,v1
e-20260830-010837,e-20260830-010837-t003,e-20260830-010837-t003-c03,e-20260830-010837-t003-c03-s002,2,1,p3,INFJ,thief,thief,79,claim,,,,,v1
e-20260830-010837,e-20260830-010837-t003,e-20260830-010837-t003-c03,e-20260830-010837-t003-c03-s003,3,1,p1,INFJ,seer,seer,80,claim|suspect,p5,p5,suspect,3,v1
e-20260830-010837,e-20260830-010837-t003,e-20260830-010837-t003-c03,e-20260830-010837-t003-c03-s004,4,1,p4,INFJ,werewolf,werewolf,80,claim,,,,,v1
e-20260830-010837,e-20260830-010837-t003,e-20260830-010837-t003-c03,e-20260830-010837-t003-c03-s005,5,2,p1,INFJ,seer,seer,102,claim|suspect|hypothesis|question,p5,p5,suspect,3,v1
e-20260830-010837,e-20260830-010837-t003,e-20260830-010837-t003-c03,e-20260830-010837-t003-c03-s006,6,2,p5,INFJ,werewolf,werewolf,111,claim|suspect|question,p3|p1,p1,suspect,1,v1
e-20260830-010837,e-20260830-010837-t003,e-20260830-010837-t003-c03,e-20260830-010837-t003-c03-s007,7,2,p4,INFJ,werewolf,werewolf,111,claim|suspect|question,p3,p3,suspect,2,v1
e-20260830-010837,e-20260830-010837-t003,e-20260830-010837-t003-c03,e-20260830-010837-t003-c03-s008,8,2,p3,INFJ,thief,thief,102,claim|intent|hypothesis,,,,,v1
e-20260830-010837,e-20260830-010837-t003,e-20260830-010837-t003-c04,e-20260830-010837-t003-c04-s001,1,1,p5,INTJ,werewolf,werewolf,53,question|intent,,,,,v1
e-20260830-010837,e-20260830-010837-t003,e-20260830-010837-t003-c04,e-20260830-010837-t003-c04-s002,2,1,p3,INTJ,thief,thief,44,other,,,,,v1
e-20260830-010837,e-20260830-010837-t003,e-20260830-010837-t003-c04,e-20260830-010837-t003-c04-s003,3,1,p1,INTJ,seer,seer,45,claim|suspect|question,p5,p5,suspect,3,v1
e-20260830-010837,e-20260830-010837-t003,e-20260830-010837-t003-c04,e-20260830-010837-t003-c04-s004,4,1,p4,INTJ,werewolf,werewolf,65,agree|claim|intent,p5,,,,v1
e-20260830-010837,e-20260830-010837-t003,e-20260830-010837-t003-c04,e-20260830-010837-t003-c04-s005,5,2,p1,INTJ,seer,seer,67,claim|suspect|intent,p5,p5,suspect,3,v1
e-20260830-010837,e-20260830-010837-t003,e-20260830-010837-t003-c04,e-20260830-010837-t003-c04-s006,6,2,p5,INTJ,werewolf,werewolf,124,claim|intent,p1|p3|p4|p6|p7|p8,,,,v1
e-20260830-010837,e-20260830-010837-t003,e-20260830-010837-t003-c04,e-20260830-010837-t003-c04-s007,7,2,p4,INTJ,werewolf,werewolf,92,other|intent,,,,,v1
e-20260830-010837,e-20260830-010837-t003,e-20260830-010837-t003-c05,e-20260830-010837-t003-c05-s001,1,1,p5,ISTP,werewolf,werewolf,56,claim|intent,,,,,v1
e-20260830-010837,e-20260830-010837-t003,e-20260830-010837-t003-c05,e-20260830-010837-t003-c05-s002,2,1,p1,ISTP,seer,seer,72,claim|question,,,,,v1
e-20260830-010837,e-20260830-010837-t003,e-20260830-010837-t003-c05,e-20260830-010837-t003-c05-s003,3,1,p4,ISTP,werewolf,werewolf,66,intent,p1,,,,v1
e-20260830-010837,e-20260830-010837-t003,e-20260830-010837-t003-c05,e-20260830-010837-t003-c05-s004,4,2,p1,ISTP,seer,seer,76,suspect|question,p5,p5,suspect,2,v1
e-20260830-010837,e-20260830-010837-t003,e-20260830-010837-t003-c05,e-20260830-010837-t003-c05-s005,5,2,p5,ISTP,werewolf,werewolf,86,suspect|rebut|intent,p1,p1,suspect,2,v1
e-20260830-010837,e-20260830-010837-t003,e-20260830-010837-t003-c05,e-20260830-010837-t003-c05-s006,6,2,p4,ISTP,werewolf,werewolf,117,agree|rebut|hypothesis|intent,p1|p5,p5,suspect,1,v1
e-20260830-010837,e-20260830-010837-t003,e-20260830-010837-t003-c06,e-20260830-010837-t003-c06-s001,1,1,p5,ISFP,werewolf,werewolf,72,claim|defend|intent,p4,p4,defend,3,v1
e-20260830-010837,e-20260830-010837-t003,e-20260830-010837-t003-c06,e-20260830-010837-t003-c06-s002,2,1,p4,ISFP,werewolf,werewolf,81,agree|claim,p5,p5,suspect,2,v1
e-20260830-010837,e-20260830-010837-t003,e-20260830-010837-t003-c06,e-20260830-010837-t003-c06-s003,3,2,p1,ISFP,seer,seer,120,suspect|defend|agree|intent,p5|p4,p5,suspect,3,v1
e-20260830-010837,e-20260830-010837-t003,e-20260830-010837-t003-c06,e-20260830-010837-t003-c06-s004,4,2,p5,ISFP,werewolf,werewolf,96,agree|defend|hypothesis|intent|question,p1|p4|p3,p4,defend,2,v1
e-20260830-010837,e-20260830-010837-t003,e-20260830-010837-t003-c06,e-20260830-010837-t003-c06-s005,5,2,p4,ISFP,werewolf,werewolf,79,intent|question,p2,,,,v1
e-20260830-010837,e-20260830-010837-t003,e-20260830-010837-t003-c06,e-20260830-010837-t003-c06-s006,6,2,p3,ISFP,thief,thief,56,question,p2,,,,v1
e-20260830-010837,e-20260830-010837-t003,e-20260830-010837-t003-c06,e-20260830-010837-t003-c06-s007,7,3,p1,ISFP,seer,seer,46,question,p2,,,,v1
e-20260830-010837,e-20260830-010837-t003,e-20260830-010837-t003-c06,e-20260830-010837-t003-c06-s008,8,3,p3,ISFP,thief,thief,79,question,p2,,,,v1
e-20260830-010837,e-20260830-010837-t003,e-20260830-010837-t003-c06,e-20260830-010837-t003-c06-s009,9,4,p5,ISFP,werewolf,werewolf,89,rebut|question,p2|p3,,,,v1
e-20260830-010837,e-20260830-010837-t003,e-20260830-010837-t003-c06,e-20260830-010837-t003-c06-s010,10,4,p2,ISFP,villager,villager,113,intent|question,p3|p4|p5|p1,,,,v1
e-20260830-010837,e-20260830-010837-t003,e-20260830-010837-t003-c06,e-20260830-010837-t003-c06-s011,11,4,p4,ISFP,werewolf,werewolf,73,agree|question,p2|p1,,,,v1
e-20260830-010837,e-20260830-010837-t003,e-20260830-010837-t003-c06,e-20260830-010837-t003-c06-s012,12,4,p6,ISFP,villager,villager,116,agree|intent,p2|p1,,,,v1
e-20260830-010837,e-20260830-010837-t003,e-20260830-010837-t003-c06,e-20260830-010837-t003-c06-s013,13,5,p7,ISFP,villager,villager,74,agree|question,p6|p1,,,,v1
e-20260830-010837,e-20260830-010837-t003,e-20260830-010837-t003-c06,e-20260830-010837-t003-c06-s014,14,5,p6,ISFP,villager,villager,114,hypothesis|question,p1,,,,v1
e-20260830-010837,e-20260830-010837-t003,e-20260830-010837-t003-c06,e-20260830-010837-t003-c06-s015,15,5,p2,ISFP,villager,villager,143,agree|intent,p6,,,,v1
e-20260830-010837,e-20260830-010837-t003,e-20260830-010837-t003-c06,e-20260830-010837-t003-c06-s016,16,5,p1,ISFP,seer,seer,67,agree|question,p2|p6,,,,v1
e-20260830-010837,e-20260830-010837-t003,e-20260830-010837-t003-c06,e-20260830-010837-t003-c06-s017,17,5,p3,ISFP,thief,thief,103,agree|suspect,p2|p6,p6,suspect,1,v1
e-20260830-010837,e-20260830-010837-t003,e-20260830-010837-t003-c06,e-20260830-010837-t003-c06-s018,18,5,p5,ISFP,werewolf,werewolf,91,agree|suspect|intent,p6|p3,p3,suspect,1,v1
e-20260830-010837,e-20260830-010837-t003,e-20260830-010837-t003-c06,e-20260830-010837-t003-c06-s019,19,6,p3,ISFP,thief,thief,25,question,p6,,,,v1
e-20260830-010837,e-20260830-010837-t003,e-20260830-010837-t003-c06,e-20260830-010837-t003-c06-s020,20,6,p7,ISFP,villager,villager,66,suspect,p3,p3,suspect,2,v1
e-20260830-010837,e-20260830-010837-t003,e-20260830-010837-t003-c06,e-20260830-010837-t003-c06-s021,21,6,p1,ISFP,seer,seer,66,suspect,p3,p3,suspect,2,v1
e-20260830-010837,e-20260830-010837-t003,e-20260830-010837-t003-c06,e-20260830-010837-t003-c06-s022,22,6,p8,ISFP,villager,villager,52,suspect,p7|p3,p3,suspect,2,v1
e-20260830-010837,e-20260830-010837-t003,e-20260830-010837-t003-c07,e-20260830-010837-t003-c07-s001,1,1,p7,INFP,villager,villager,59,question,,,,,v1
e-20260830-010837,e-20260830-010837-t003,e-20260830-010837-t003-c07,e-20260830-010837-t003-c07-s002,2,1,p6,INFP,villager,villager,64,other,,,,,v1
e-20260830-010837,e-20260830-010837-t003,e-20260830-010837-t003-c07,e-20260830-010837-t003-c07-s003,3,1,p2,INFP,villager,villager,43,other,,,,,v1
e-20260830-010837,e-20260830-010837-t003,e-20260830-010837-t003-c07,e-20260830-010837-t003-c07-s004,4,1,p5,INFP,werewolf,werewolf,76,intent,,,,,v1
e-20260830-010837,e-20260830-010837-t003,e-20260830-010837-t003-c07,e-20260830-010837-t003-c07-s005,5,1,p3,INFP,thief,thief,76,claim,,,,,v1
e-20260830-010837,e-20260830-010837-t003,e-20260830-010837-t003-c07,e-20260830-010837-t003-c07-s006,6,1,p1,INFP,seer,seer,56,claim|intent,,,,,v1
e-20260830-010837,e-20260830-010837-t003,e-20260830-010837-t003-c07,e-20260830-010837-t003-c07-s007,7,1,p8,INFP,villager,villager,77,other,,,,,v1
e-20260830-010837,e-20260830-010837-t003,e-20260830-010837-t003-c07,e-20260830-010837-t003-c07-s008,8,1,p4,INFP,werewolf,werewolf,84,intent,,,,,v1
e-20260830-010837,e-20260830-010837-t003,e-20260830-010837-t003-c07,e-20260830-010837-t003-c07-s009,9,2,p1,INFP,seer,seer,90,claim|suspect|intent,p5,p5,suspect,3,v1
e-20260830-010837,e-20260830-010837-t003,e-20260830-010837-t003-c07,e-20260830-010837-t003-c07-s010,10,2,p5,INFP,werewolf,werewolf,91,agree|intent,p1,,,,v1
e-20260830-010837,e-20260830-010837-t003,e-20260830-010837-t003-c07,e-20260830-010837-t003-c07-s011,11,2,p7,INFP,villager,villager,65,intent,,,,,v1
e-20260830-010837,e-20260830-010837-t003,e-20260830-010837-t003-c07,e-20260830-010837-t003-c07-s012,12,2,p4,INFP,werewolf,werewolf,78,suspect|intent,p5,p5,suspect,2,v1
e-20260830-010837,e-20260830-010837-t003,e-20260830-010837-t003-c07,e-20260830-010837-t003-c07-s013,13,2,p2,INFP,villager,villager,84,suspect|intent,p5,p5,suspect,2,v1
e-20260830-010837,e-20260830-010837-t003,e-20260830-010837-t003-c07,e-20260830-010837-t003-c07-s014,14,2,p3,INFP,thief,thief,89,agree|suspect|intent,p4|p5,p5,suspect,2,v1
e-20260830-010837,e-20260830-010837-t003,e-20260830-010837-t003-c08,e-20260830-010837-t003-c08-s001,1,1,p6,INTP,villager,villager,93,claim|intent,,,,,v1
e-20260830-010837,e-20260830-010837-t003,e-20260830-010837-t003-c08,e-20260830-010837-t003-c08-s002,2,1,p2,INTP,villager,villager,73,intent|question,,,,,v1
e-20260830-010837,e-20260830-010837-t003,e-20260830-010837-t003-c08,e-20260830-010837-t003-c08-s003,3,1,p5,INTP,werewolf,werewolf,59,intent,,,,,v1
e-20260830-010837,e-20260830-010837-t003,e-20260830-010837-t003-c08,e-20260830-010837-t003-c08-s004,4,1,p3,INTP,thief,thief,66,claim|intent,,,,,v1
e-20260830-010837,e-20260830-010837-t003,e-20260830-010837-t003-c08,e-20260830-010837-t003-c08-s005,5,1,p1,INTP,seer,seer,61,claim|suspect|question,p5,p5,suspect,3,v1
e-20260830-010837,e-20260830-010837-t003,e-20260830-010837-t003-c08,e-20260830-010837-t003-c08-s006,6,1,p4,INTP,werewolf,werewolf,101,rebut|defend|intent,p5|p1,p5,defend,1,v1
e-20260830-010837,e-20260830-010837-t003,e-20260830-010837-t003-c08,e-20260830-010837-t003-c08-s007,7,2,p1,INTP,seer,seer,94,claim|suspect|intent,p5,p5,suspect,2,v1
e-20260830-010837,e-20260830-010837-t003,e-20260830-010837-t003-c08,e-20260830-010837-t003-c08-s008,8,2,p5,INTP,werewolf,werewolf,106,claim|defend|suspect,p1|p4,p4,suspect,2,v1
e-20260830-010837,e-20260830-010837-t003,e-20260830-010837-t003-c08,e-20260830-010837-t003-c08-s009,9,2,p6,INTP,villager,villager,75,question,p1|p5,,,,v1
e-20260830-010837,e-20260830-010837-t003,e-20260830-010837-t003-c08,e-20260830-010837-t003-c08-s010,10,2,p4,INTP,werewolf,werewolf,91,intent,p1|p5|p3|p6,,,,v1
e-20260830-010837,e-20260830-010837-t003,e-20260830-010837-t003-c08,e-20260830-010837-t003-c08-s011,11,2,p2,INTP,villager,villager,75,question,p1|p5,,,,v1
e-20260830-010837,e-20260830-010837-t003,e-20260830-010837-t003-c08,e-20260830-010837-t003-c08-s012,12,2,p3,INTP,thief,thief,90,suspect|agree,p1|p5,p5,suspect,1,v1
e-20260830-010837,e-20260830-010837-t003,e-20260830-010837-t003-c09,e-20260830-010837-t003-c09-s001,1,1,p7,ESTP,villager,villager,77,hypothesis,p5|p6,p6,suspect,1,v1
e-20260830-010837,e-20260830-010837-t003,e-20260830-010837-t003-c09,e-20260830-010837-t003-c09-s002,2,1,p6,ESTP,villager,villager,64,question,,,,,v1
e-20260830-010837,e-20260830-010837-t003,e-20260830-010837-t003-c09,e-20260830-010837-t003-c09-s003,3,1,p2,ESTP,villager,villager,86,question,,,,,v1
e-20260830-010837,e-20260830-010837-t003,e-20260830-010837-t003-c09,e-20260830-010837-t003-c09-s004,4,1,p5,ESTP,werewolf,werewolf,77,question,,,,,v1
e-20260830-010837,e-20260830-010837-t003,e-20260830-010837-t003-c09,e-20260830-010837-t003-c09-s005,5,1,p3,ESTP,thief,thief,113,claim|question,,,,,v1
e-20260830-010837,e-20260830-010837-t003,e-20260830-010837-t003-c09,e-20260830-010837-t003-c09-s006,6,1,p1,ESTP,seer,seer,78,claim|suspect|intent,p5,p5,suspect,3,v1
e-20260830-010837,e-20260830-010837-t003,e-20260830-010837-t003-c09,e-20260830-010837-t003-c09-s007,7,1,p8,ESTP,villager,villager,83,question,,,,,v1
e-20260830-010837,e-20260830-010837-t003,e-20260830-010837-t003-c09,e-20260830-010837-t003-c09-s008,8,1,p4,ESTP,werewolf,werewolf,105,claim|suspect|agree,p1|p5,p5,suspect,2,v1
e-20260830-010837,e-20260830-010837-t003,e-20260830-010837-t003-c09,e-20260830-010837-t003-c09-s009,9,2,p8,ESTP,villager,villager,67,other,,,,,v1
e-20260830-010837,e-20260830-010837-t003,e-20260830-010837-t003-c09,e-20260830-010837-t003-c09-s010,10,2,p1,ESTP,seer,seer,71,suspect|claim|intent,p5,p5,suspect,3,v1
e-20260830-010837,e-20260830-010837-t003,e-20260830-010837-t003-c09,e-20260830-010837-t003-c09-s011,11,2,p5,ESTP,werewolf,werewolf,83,question|defend,p1,,,,v1
e-20260830-010837,e-20260830-010837-t003,e-20260830-010837-t003-c09,e-20260830-010837-t003-c09-s012,12,2,p6,ESTP,villager,villager,59,question,p5|p1,,,,v1
e-20260830-010837,e-20260830-010837-t003,e-20260830-010837-t003-c09,e-20260830-010837-t003-c09-s013,13,2,p7,ESTP,villager,villager,106,question|suspect,p5|p1,p1,suspect,1,v1
e-20260830-010837,e-20260830-010837-t003,e-20260830-010837-t003-c09,e-20260830-010837-t003-c09-s014,14,2,p4,ESTP,werewolf,werewolf,112,claim|question|defend,p1|p5,p5,defend,2,v1
e-20260830-010837,e-20260830-010837-t003,e-20260830-010837-t003-c09,e-20260830-010837-t003-c09-s015,15,2,p3,ESTP,thief,thief,130,claim|defend,p1|p5,,,,v1
e-20260830-010837,e-20260830-010837-t003,e-20260830-010837-t003-c10,e-20260830-010837-t003-c10-s001,1,1,p7,ESFP,villager,villager,99,question,,,,,v1
e-20260830-010837,e-20260830-010837-t003,e-20260830-010837-t003-c10,e-20260830-010837-t003-c10-s002,2,1,p6,ESFP,villager,villager,81,intent,,,,,v1
e-20260830-010837,e-20260830-010837-t003,e-20260830-010837-t003-c10,e-20260830-010837-t003-c10-s003,3,1,p2,ESFP,villager,villager,81,question,,,,,v1
e-20260830-010837,e-20260830-010837-t003,e-20260830-010837-t003-c10,e-20260830-010837-t003-c10-s004,4,1,p5,ESFP,werewolf,werewolf,113,intent,p4|p6,,,,v1
e-20260830-010837,e-20260830-010837-t003,e-20260830-010837-t003-c10,e-20260830-010837-t003-c10-s005,5,1,p3,ESFP,thief,thief,79,intent,,,,,v1
e-20260830-010837,e-20260830-010837-t003,e-20260830-010837-t003-c10,e-20260830-010837-t003-c10-s006,6,1,p1,ESFP,seer,seer,90,intent,,,,,v1
e-20260830-010837,e-20260830-010837-t003,e-20260830-010837-t003-c10,e-20260830-010837-t003-c10-s007,7,1,p8,ESFP,villager,villager,69,intent,,,,,v1
e-20260830-010837,e-20260830-010837-t003,e-20260830-010837-t003-c10,e-20260830-010837-t003-c10-s008,8,1,p4,ESFP,werewolf,werewolf,84,question,,,,,v1
e-20260830-010837,e-20260830-010837-t003,e-20260830-010837-t003-c10,e-20260830-010837-t003-c10-s009,9,2,p8,ESFP,villager,villager,75,other,,,,,v1
e-20260830-010837,e-20260830-010837-t003,e-20260830-010837-t003-c10,e-20260830-010837-t003-c10-s010,10,2,p1,ESFP,seer,seer,83,claim|suspect|intent,p5,p5,suspect,3,v1
e-20260830-010837,e-20260830-010837-t003,e-20260830-010837-t003-c10,e-20260830-010837-t003-c10-s011,11,2,p5,ESFP,werewolf,werewolf,96,rebut|defend|intent,p1,,,,v1
e-20260830-010837,e-20260830-010837-t003,e-20260830-010837-t003-c10,e-20260830-010837-t003-c10-s012,12,2,p6,ESFP,villager,villager,76,question,p1,,,,v1
e-20260830-010837,e-20260830-010837-t003,e-20260830-010837-t003-c10,e-20260830-010837-t003-c10-s013,13,2,p7,ESFP,villager,villager,74,other,p6,,,,v1
e-20260830-010837,e-20260830-010837-t003,e-20260830-010837-t003-c10,e-20260830-010837-t003-c10-s014,14,2,p4,ESFP,werewolf,werewolf,167,suspect|hypothesis,p7,p7,suspect,1,v1
e-20260830-010837,e-20260830-010837-t003,e-20260830-010837-t003-c10,e-20260830-010837-t003-c10-s015,15,2,p2,ESFP,villager,villager,78,agree|intent,p4,,,,v1
e-20260830-010837,e-20260830-010837-t003,e-20260830-010837-t003-c10,e-20260830-010837-t003-c10-s016,16,2,p3,ESFP,thief,thief,105,agree|intent,p2|p4,,,,v1
e-20260830-010837,e-20260830-010837-t003,e-20260830-010837-t003-c10,e-20260830-010837-t003-c10-s017,17,4,p7,ESFP,villager,villager,94,intent,,,,,v1
e-20260830-010837,e-20260830-010837-t003,e-20260830-010837-t003-c10,e-20260830-010837-t003-c10-s018,18,4,p5,ESFP,werewolf,werewolf,104,defend|rebut|suspect|intent,p1,p1,suspect,1,v1
e-20260830-010837,e-20260830-010837-t003,e-20260830-010837-t003-c10,e-20260830-010837-t003-c10-s019,19,4,p1,ESFP,seer,seer,91,agree|suspect|intent,p5,p5,suspect,1,v1
e-20260830-010837,e-20260830-010837-t003,e-20260830-010837-t003-c10,e-20260830-010837-t003-c10-s020,20,4,p4,ESFP,werewolf,werewolf,68,question,p1|p5,p1,suspect,1,v1
e-20260830-010837,e-20260830-010837-t003,e-20260830-010837-t003-c10,e-20260830-010837-t003-c10-s021,21,5,p7,ESFP,villager,villager,112,intent|other,p4,,,,v1
e-20260830-010837,e-20260830-010837-t003,e-20260830-010837-t003-c10,e-20260830-010837-t003-c10-s022,22,5,p4,ESFP,werewolf,werewolf,68,question,p1|p5,p1,suspect,1,v1
e-20260830-010837,e-20260830-010837-t003,e-20260830-010837-t003-c10,e-20260830-010837-t003-c10-s023,23,5,p5,ESFP,werewolf,werewolf,136,defend|other,p1,,,,v1
e-20260830-010837,e-20260830-010837-t003,e-20260830-010837-t003-c11,e-20260830-010837-t003-c11-s001,1,1,p7,ENFP,villager,villager,67,claim|question,,,,,v1
e-20260830-010837,e-20260830-010837-t003,e-20260830-010837-t003-c11,e-20260830-010837-t003-c11-s002,2,1,p6,ENFP,villager,villager,74,claim|question,,,,,v1
e-20260830-010837,e-20260830-010837-t003,e-20260830-010837-t003-c11,e-20260830-010837-t003-c11-s003,3,1,p2,ENFP,villager,villager,69,question|intent,,,,,v1
e-20260830-010837,e-20260830-010837-t003,e-20260830-010837-t003-c11,e-20260830-010837-t003-c11-s004,4,1,p5,ENFP,werewolf,werewolf,83,question|intent,,,,,v1
e-20260830-010837,e-20260830-010837-t003,e-20260830-010837-t003-c11,e-20260830-010837-t003-c11-s005,5,1,p3,ENFP,thief,thief,101,claim|question|intent,,,,,v1
e-20260830-010837,e-20260830-010837-t003,e-20260830-010837-t003-c11,e-20260830-010837-t003-c11-s006,6,1,p1,ENFP,seer,seer,78,claim|suspect|question,p5,p5,suspect,3,v1
e-20260830-010837,e-20260830-010837-t003,e-20260830-010837-t003-c11,e-20260830-010837-t003-c11-s007,7,1,p8,ENFP,villager,villager,83,question|other,,,,,v1
e-20260830-010837,e-20260830-010837-t003,e-20260830-010837-t003-c11,e-20260830-010837-t003-c11-s008,8,1,p4,ENFP,werewolf,werewolf,73,question,,,,,v1
e-20260830-010837,e-20260830-010837-t003,e-20260830-010837-t003-c11,e-20260830-010837-t003-c11-s009,9,2,p8,ENFP,villager,villager,77,question,,,,,v1
e-20260830-010837,e-20260830-010837-t003,e-20260830-010837-t003-c11,e-20260830-010837-t003-c11-s010,10,2,p1,ENFP,seer,seer,103,claim|question|suspect|hypothesis,p5|p3,p5,suspect,3,v1
e-20260830-010837,e-20260830-010837-t003,e-20260830-010837-t003-c11,e-20260830-010837-t003-c11-s011,11,2,p5,ENFP,werewolf,werewolf,94,intent,p1,,,,v1
e-20260830-010837,e-20260830-010837-t003,e-20260830-010837-t003-c11,e-20260830-010837-t003-c11-s012,12,2,p6,ENFP,villager,villager,64,question,p1,,,,v1
e-20260830-010837,e-20260830-010837-t003,e-20260830-010837-t003-c11,e-20260830-010837-t003-c11-s013,13,2,p7,ENFP,villager,villager,80,intent,p3,,,,v1
e-20260830-010837,e-20260830-010837-t003,e-20260830-010837-t003-c11,e-20260830-010837-t003-c11-s014,14,2,p4,ENFP,werewolf,werewolf,108,claim|question|intent,,,,,v1
e-20260830-010837,e-20260830-010837-t003,e-20260830-010837-t003-c11,e-20260830-010837-t003-c11-s015,15,2,p3,ENFP,thief,thief,111,claim|question,p1|p5,,,,v1
e-20260830-010837,e-20260830-010837-t003,e-20260830-010837-t003-c11,e-20260830-010837-t003-c11-s016,16,3,p2,ENFP,villager,villager,86,question,p3|p5,,,,v1
e-20260830-010837,e-20260830-010837-t003,e-20260830-010837-t003-c11,e-20260830-010837-t003-c11-s017,17,4,p7,ENFP,villager,villager,94,question,p3|p5,p5,suspect,1,v1
e-20260830-010837,e-20260830-010837-t003,e-20260830-010837-t003-c11,e-20260830-010837-t003-c11-s018,18,4,p5,ENFP,werewolf,werewolf,94,question,p3|p5,,,,v1
e-20260830-010837,e-20260830-010837-t003,e-20260830-010837-t003-c11,e-20260830-010837-t003-c11-s019,19,4,p1,ENFP,seer,seer,148,claim|suspect,p3|p5,p5,suspect,2,v1
e-20260830-010837,e-20260830-010837-t003,e-20260830-010837-t003-c11,e-20260830-010837-t003-c11-s020,20,4,p2,ENFP,villager,villager,85,question,p1|p5,p5,suspect,1,v1
e-20260830-010837,e-20260830-010837-t003,e-20260830-010837-t003-c11,e-20260830-010837-t003-c11-s021,21,4,p4,ENFP,werewolf,werewolf,110,question,p1|p5,p5,suspect,1,v1
e-20260830-010837,e-20260830-010837-t003,e-20260830-010837-t003-c11,e-20260830-010837-t003-c11-s022,22,4,p6,ENFP,villager,villager,108,question,p1|p5,p5,suspect,1,v1
e-20260830-010837,e-20260830-010837-t003,e-20260830-010837-t003-c11,e-20260830-010837-t003-c11-s023,23,5,p7,ENFP,villager,villager,107,question,p1|p5,p5,suspect,1,v1
e-20260830-010837,e-20260830-010837-t003,e-20260830-010837-t003-c11,e-20260830-010837-t003-c11-s024,24,5,p3,ENFP,thief,thief,107,question,p1|p5,p5,suspect,1,v1
e-20260830-010837,e-20260830-010837-t003,e-20260830-010837-t003-c12,e-20260830-010837-t003-c12-s001,1,1,p2,ENTP,villager,villager,89,claim|question|intent,,,,,v1
e-20260830-010837,e-20260830-010837-t003,e-20260830-010837-t003-c12,e-20260830-010837-t003-c12-s002,2,1,p5,ENTP,werewolf,werewolf,44,question,,,,,v1
e-20260830-010837,e-20260830-010837-t003,e-20260830-010837-t003-c12,e-20260830-010837-t003-c12-s003,3,1,p3,ENTP,thief,thief,60,claim,,,,,v1
e-20260830-010837,e-20260830-010837-t003,e-20260830-010837-t003-c12,e-20260830-010837-t003-c12-s004,4,1,p1,ENTP,seer,seer,110,claim|question,p2|p5|p3,,,,v1
e-20260830-010837,e-20260830-010837-t003,e-20260830-010837-t003-c12,e-20260830-010837-t003-c12-s005,5,1,p8,ENTP,villager,villager,90,claim|question,,,,,v1
e-20260830-010837,e-20260830-010837-t003,e-20260830-010837-t003-c12,e-20260830-010837-t003-c12-s006,6,1,p4,ENTP,werewolf,werewolf,98,claim|question,,,,,v1
e-20260830-010837,e-20260830-010837-t003,e-20260830-010837-t003-c12,e-20260830-010837-t003-c12-s007,7,2,p8,ENTP,villager,villager,58,question,p1|p6,,,,v1
e-20260830-010837,e-20260830-010837-t003,e-20260830-010837-t003-c12,e-20260830-010837-t003-c12-s008,8,2,p1,ENTP,seer,seer,107,claim|suspect|hypothesis|intent,p1|p5,p5,suspect,3,v1
e-20260830-010837,e-20260830-010837-t003,e-20260830-010837-t003-c12,e-20260830-010837-t003-c12-s009,9,2,p5,ENTP,werewolf,werewolf,160,question,p1,,,,v1
e-20260830-010837,e-20260830-010837-t003,e-20260830-010837-t003-c12,e-20260830-010837-t003-c12-s010,10,2,p6,ENTP,villager,villager,134,question|intent,p3|p4|p7,,,,v1
e-20260830-010837,e-20260830-010837-t003,e-20260830-010837-t003-c12,e-20260830-010837-t003-c12-s011,11,2,p7,ENTP,villager,villager,102,question|other,,,,,v1
e-20260830-010837,e-20260830-010837-t003,e-20260830-010837-t003-c12,e-20260830-010837-t003-c12-s012,12,2,p4,ENTP,werewolf,werewolf,108,suspect|question,p5,p5,suspect,3,v1
e-20260830-010837,e-20260830-010837-t003,e-20260830-010837-t003-c12,e-20260830-010837-t003-c12-s013,13,2,p2,ENTP,villager,villager,140,agree|question|suspect,p1|p5,p5,suspect,2,v1
e-20260830-010837,e-20260830-010837-t003,e-20260830-010837-t003-c12,e-20260830-010837-t003-c12-s014,14,2,p3,ENTP,thief,thief,142,question,p1,,,,v1
e-20260830-010837,e-20260830-010837-t003,e-20260830-010837-t003-c12,e-20260830-010837-t003-c12-s015,15,3,p6,ENTP,villager,villager,137,question|claim|suspect,p1|p5,p5,suspect,2,v1
e-20260830-010837,e-20260830-010837-t003,e-20260830-010837-t003-c12,e-20260830-010837-t003-c12-s016,16,3,p7,ENTP,villager,villager,158,claim|other,p1|p6,,,,v1
e-20260830-010837,e-20260830-010837-t003,e-20260830-010837-t003-c12,e-20260830-010837-t003-c12-s017,17,4,p8,ENTP,villager,villager,113,agree|claim,p1|p6|p7,,,,v1
e-20260830-010837,e-20260830-010837-t003,e-20260830-010837-t003-c12,e-20260830-010837-t003-c12-s018,18,4,p2,ENTP,villager,villager,121,question|agree,p1|p7,,,,v1
e-20260830-010837,e-20260830-010837-t003,e-20260830-010837-t003-c12,e-20260830-010837-t003-c12-s019,19,5,p7,ENTP,villager,villager,200,claim|hypothesis,p1|p2,,,,v1
e-20260830-010837,e-20260830-010837-t003,e-20260830-010837-t003-c12,e-20260830-010837-t003-c12-s020,20,5,p6,ENTP,villager,villager,168,question|agree,p1|p7,,,,v1
e-20260830-010837,e-20260830-010837-t003,e-20260830-010837-t003-c12,e-20260830-010837-t003-c12-s021,21,5,p2,ENTP,villager,villager,108,question|agree,p6,,,,v1
e-20260830-010837,e-20260830-010837-t003,e-20260830-010837-t003-c12,e-20260830-010837-t003-c12-s022,22,6,p6,ENTP,villager,villager,200,claim|hypothesis,p2,,,,v1
e-20260830-010837,e-20260830-010837-t003,e-20260830-010837-t003-c13,e-20260830-010837-t003-c13-s001,1,1,p7,ESTJ,villager,villager,78,other,,,,,v1
e-20260830-010837,e-20260830-010837-t003,e-20260830-010837-t003-c13,e-20260830-010837-t003-c13-s002,2,1,p5,ESTJ,werewolf,werewolf,63,other,,,,,v1
e-20260830-010837,e-20260830-010837-t003,e-20260830-010837-t003-c13,e-20260830-010837-t003-c13-s003,3,1,p3,ESTJ,thief,thief,50,other,,,,,v1
e-20260830-010837,e-20260830-010837-t003,e-20260830-010837-t003-c13,e-20260830-010837-t003-c13-s004,4,1,p1,ESTJ,seer,seer,80,claim|suspect,p5,p5,suspect,3,v1
e-20260830-010837,e-20260830-010837-t003,e-20260830-010837-t003-c13,e-20260830-010837-t003-c13-s005,5,1,p4,ESTJ,werewolf,werewolf,74,question|suspect,p5|p1,p5,suspect,1,v1
e-20260830-010837,e-20260830-010837-t003,e-20260830-010837-t003-c13,e-20260830-010837-t003-c13-s006,6,2,p8,ESTJ,villager,villager,76,question|suspect,p1|p5,p5,suspect,2,v1
e-20260830-010837,e-20260830-010837-t003,e-20260830-010837-t003-c13,e-20260830-010837-t003-c13-s007,7,2,p1,ESTJ,seer,seer,105,claim|suspect|intent,p5,p5,suspect,2,v1
e-20260830-010837,e-20260830-010837-t003,e-20260830-010837-t003-c13,e-20260830-010837-t003-c13-s008,8,2,p5,ESTJ,werewolf,werewolf,106,defend|rebut,p1|p4,,,,v1
e-20260830-010837,e-20260830-010837-t003,e-20260830-010837-t003-c13,e-20260830-010837-t003-c13-s009,9,2,p4,ESTJ,werewolf,werewolf,75,defend|rebut,p5|p1,p5,defend,2,v1
e-20260830-010837,e-20260830-010837-t003,e-20260830-010837-t003-c14,e-20260830-010837-t003-c14-s001,1,1,p7,ESFJ,villager,villager,48,question,,,,,v1
e-20260830-010837,e-20260830-010837-t003,e-20260830-010837-t003-c14,e-20260830-010837-t003-c14-s002,2,1,p2,ESFJ,villager,villager,45,other,,,,,v1
e-20260830-010837,e-20260830-010837-t003,e-20260830-010837-t003-c14,e-20260830-010837-t003-c14-s003,3,1,p5,ESFJ,werewolf,werewolf,88,claim|question,,,,,v1
e-20260830-010837,e-20260830-010837-t003,e-20260830-010837-t003-c14,e-20260830-010837-t003-c14-s004,4,1,p3,ESFJ,thief,thief,44,intent,,,,,v1
e-20260830-010837,e-20260830-010837-t003,e-20260830-010837-t003-c14,e-20260830-010837-t003-c14-s005,5,1,p1,ESFJ,seer,seer,85,claim|suspect|question,p5,p5,suspect,2,v1
e-20260830-010837,e-20260830-010837-t003,e-20260830-010837-t003-c14,e-20260830-010837-t003-c14-s006,6,1,p8,ESFJ,villager,villager,73,question,,,,,v1
e-20260830-010837,e-20260830-010837-t003,e-20260830-010837-t003-c14,e-20260830-010837-t003-c14-s007,7,1,p4,ESFJ,werewolf,werewolf,79,question|suspect,p5,p5,suspect,1,v1
e-20260830-010837,e-20260830-010837-t003,e-20260830-010837-t003-c14,e-20260830-010837-t003-c14-s008,8,2,p1,ESFJ,seer,seer,112,claim|suspect|hypothesis,p5,p5,suspect,2,v1
e-20260830-010837,e-20260830-010837-t003,e-20260830-010837-t003-c14,e-20260830-010837-t003-c14-s009,9,2,p5,ESFJ,werewolf,werewolf,99,claim,p1,,,,v1
e-20260830-010837,e-20260830-010837-t003,e-20260830-010837-t003-c14,e-20260830-010837-t003-c14-s010,10,2,p6,ESFJ,villager,villager,72,other,,,,,v1
e-20260830-010837,e-20260830-010837-t003,e-20260830-010837-t003-c14,e-20260830-010837-t003-c14-s011,11,2,p4,ESFJ,werewolf,werewolf,76,suspect,p5,p5,suspect,1,v1
e-20260830-010837,e-20260830-010837-t003,e-20260830-010837-t003-c14,e-20260830-010837-t003-c14-s012,12,2,p3,ESFJ,thief,thief,86,suspect,p5,p5,suspect,1,v1
e-20260830-010837,e-20260830-010837-t003,e-20260830-010837-t003-c14,e-20260830-010837-t003-c14-s013,13,3,p6,ESFJ,villager,villager,86,other,,,,,v1
e-20260830-010837,e-20260830-010837-t003,e-20260830-010837-t003-c14,e-20260830-010837-t003-c14-s014,14,3,p7,ESFJ,villager,villager,97,intent,,,,,v1
e-20260830-010837,e-20260830-010837-t003,e-20260830-010837-t003-c14,e-20260830-010837-t003-c14-s015,15,4,p7,ESFJ,villager,villager,79,other,,,,,v1
e-20260830-010837,e-20260830-010837-t003,e-20260830-010837-t003-c14,e-20260830-010837-t003-c14-s016,16,4,p3,ESFJ,thief,thief,95,suspect|rebut,p5,p5,suspect,2,v1
e-20260830-010837,e-20260830-010837-t003,e-20260830-010837-t003-c14,e-20260830-010837-t003-c14-s017,17,4,p5,ESFJ,werewolf,werewolf,142,claim|question,p1|p4,,,,v1
e-20260830-010837,e-20260830-010837-t003,e-20260830-010837-t003-c15,e-20260830-010837-t003-c15-s001,1,1,p7,ENFJ,villager,villager,79,question,,,,,v1
e-20260830-010837,e-20260830-010837-t003,e-20260830-010837-t003-c15,e-20260830-010837-t003-c15-s002,2,1,p2,ENFJ,villager,villager,96,question|intent,,,,,v1
e-20260830-010837,e-20260830-010837-t003,e-20260830-010837-t003-c15,e-20260830-010837-t003-c15-s003,3,1,p5,ENFJ,werewolf,werewolf,124,claim|hypothesis,p4,p4,suspect,1,v1
e-20260830-010837,e-20260830-010837-t003,e-20260830-010837-t003-c15,e-20260830-010837-t003-c15-s004,4,1,p3,ENFJ,thief,thief,106,claim|suspect|hypothesis,p1,p1,suspect,2,v1
e-20260830-010837,e-20260830-010837-t003,e-20260830-010837-t003-c15,e-20260830-010837-t003-c15-s005,5,1,p1,ENFJ,seer,seer,119,claim|suspect|intent,p5|p4,p5,suspect,3,v1
e-20260830-010837,e-20260830-010837-t003,e-20260830-010837-t003-c15,e-20260830-010837-t003-c15-s006,6,1,p8,ENFJ,villager,villager,91,intent,,,,,v1
e-20260830-010837,e-20260830-010837-t003,e-20260830-010837-t003-c15,e-20260830-010837-t003-c15-s007,7,1,p4,ENFJ,werewolf,werewolf,162,claim|suspect|defend|hypothesis,p5,p5,defend,1,v1
e-20260830-010837,e-20260830-010837-t003,e-20260830-010837-t003-c15,e-20260830-010837-t003-c15-s008,8,2,p8,ENFJ,villager,villager,104,agree|defend,p4|p5,p5,defend,1,v1
e-20260830-010837,e-20260830-010837-t003,e-20260830-010837-t003-c15,e-20260830-010837-t003-c15-s009,9,2,p1,ENFJ,seer,seer,112,suspect|claim|hypothesis|intent,p5,p5,suspect,3,v1
e-20260830-010837,e-20260830-010837-t003,e-20260830-010837-t003-c15,e-20260830-010837-t003-c15-s010,10,2,p5,ENFJ,werewolf,werewolf,103,agree|hypothesis|intent,p4|p5,,,,v1
e-20260830-010837,e-20260830-010837-t003,e-20260830-010837-t003-c15,e-20260830-010837-t003-c15-s011,11,2,p6,ENFJ,villager,villager,89,agree|intent,p5|p4,p5,suspect,2,v1
e-20260830-010837,e-20260830-010837-t003,e-20260830-010837-t003-c15,e-20260830-010837-t003-c15-s012,12,2,p7,ENFJ,villager,villager,84,agree|intent,p5|p4,p5,suspect,2,v1
e-20260830-010837,e-20260830-010837-t003,e-20260830-010837-t003-c15,e-20260830-010837-t003-c15-s013,13,2,p3,ENFJ,thief,thief,91,agree|suspect|hypothesis,p1,p1,suspect,2,v1
e-20260830-010837,e-20260830-010837-t003,e-20260830-010837-t003-c16,e-20260830-010837-t003-c16-s001,1,1,p7,ENTJ,villager,villager,79,question,,,,,v1
e-20260830-010837,e-20260830-010837-t003,e-20260830-010837-t003-c16,e-20260830-010837-t003-c16-s002,2,1,p6,ENTJ,villager,villager,71,claim|question,,,,,v1
e-20260830-010837,e-20260830-010837-t003,e-20260830-010837-t003-c16,e-20260830-010837-t003-c16-s003,3,1,p2,ENTJ,villager,villager,70,claim|question,,,,,v1
e-20260830-010837,e-20260830-010837-t003,e-20260830-010837-t003-c16,e-20260830-010837-t003-c16-s004,4,1,p5,ENTJ,werewolf,werewolf,70,claim|question,,,,,v1
e-20260830-010837,e-20260830-010837-t003,e-20260830-010837-t003-c16,e-20260830-010837-t003-c16-s005,5,1,p3,ENTJ,thief,thief,83,claim|question,,,,,v1
e-20260830-010837,e-20260830-010837-t003,e-20260830-010837-t003-c16,e-20260830-010837-t003-c16-s006,6,1,p1,ENTJ,seer,seer,82,claim|suspect,p5,p5,suspect,3,v1
e-20260830-010837,e-20260830-010837-t003,e-20260830-010837-t003-c16,e-20260830-010837-t003-c16-s007,7,1,p8,ENTJ,villager,villager,54,claim|question,,,,,v1
e-20260830-010837,e-20260830-010837-t003,e-20260830-010837-t003-c16,e-20260830-010837-t003-c16-s008,8,1,p4,ENTJ,werewolf,werewolf,87,claim|suspect,p5,p5,suspect,3,v1
e-20260830-010837,e-20260830-010837-t003,e-20260830-010837-t003-c16,e-20260830-010837-t003-c16-s009,9,2,p8,ENTJ,villager,villager,83,suspect|question|intent,p5|p4,p4,suspect,1,v1
e-20260830-010837,e-20260830-010837-t003,e-20260830-010837-t003-c16,e-20260830-010837-t003-c16-s010,10,2,p1,ENTJ,seer,seer,100,claim|suspect|intent,p5,p5,suspect,3,v1
e-20260830-010837,e-20260830-010837-t003,e-20260830-010837-t003-c16,e-20260830-010837-t003-c16-s011,11,2,p5,ENTJ,werewolf,werewolf,118,claim|suspect|intent,p4|p1,p1,suspect,1,v1
e-20260830-010837,e-20260830-010837-t003,e-20260830-010837-t003-c16,e-20260830-010837-t003-c16-s012,12,2,p6,ENTJ,villager,villager,66,suspect|intent,p5|p4,p4,suspect,2,v1
e-20260830-010837,e-20260830-010837-t003,e-20260830-010837-t003-c16,e-20260830-010837-t003-c16-s013,13,2,p7,ENTJ,villager,villager,103,suspect|intent,p5|p4,p4,suspect,2,v1
e-20260830-010837,e-20260830-010837-t003,e-20260830-010837-t003-c16,e-20260830-010837-t003-c16-s014,14,2,p4,ENTJ,werewolf,werewolf,79,suspect|intent,p5,p5,suspect,2,v1
e-20260830-010837,e-20260830-010837-t004,e-20260830-010837-t004-c00,e-20260830-010837-t004-c00-s001,1,1,p3,ISFJ,werewolf,werewolf,78,intent|question,,,,,v1
e-20260830-010837,e-20260830-010837-t004,e-20260830-010837-t004-c00,e-20260830-010837-t004-c00-s002,2,1,p1,ENFJ,villager,villager,99,question,,,,,v1
e-20260830-010837,e-20260830-010837-t004,e-20260830-010837-t004-c00,e-20260830-010837-t004-c00-s003,3,1,p8,ESFP,villager,villager,83,other,,,,,v1
e-20260830-010837,e-20260830-010837-t004,e-20260830-010837-t004-c00,e-20260830-010837-t004-c00-s004,4,1,p7,ESFP,thief,thief,106,question|other,p1|p6,,,,v1
e-20260830-010837,e-20260830-010837-t004,e-20260830-010837-t004-c00,e-20260830-010837-t004-c00-s005,5,1,p4,ESTP,werewolf,werewolf,98,claim|suspect|intent,p3,p3,suspect,3,v1
e-20260830-010837,e-20260830-010837-t004,e-20260830-010837-t004-c00,e-20260830-010837-t004-c00-s006,6,1,p6,ENFP,villager,villager,101,question|intent,p1|p2|p3|p4,,,,v1
e-20260830-010837,e-20260830-010837-t004,e-20260830-010837-t004-c00,e-20260830-010837-t004-c00-s007,7,2,p4,ESTP,werewolf,werewolf,77,claim|suspect|question,p3,p3,suspect,3,v1
e-20260830-010837,e-20260830-010837-t004,e-20260830-010837-t004-c00,e-20260830-010837-t004-c00-s008,8,2,p7,ESFP,thief,thief,103,other,p4,,,,v1
e-20260830-010837,e-20260830-010837-t004,e-20260830-010837-t004-c00,e-20260830-010837-t004-c00-s009,9,2,p5,ISTP,seer,seer,186,claim|agree|intent,p7,,,,v1
e-20260830-010837,e-20260830-010837-t004,e-20260830-010837-t004-c00,e-20260830-010837-t004-c00-s010,10,2,p8,ESFP,villager,villager,129,agree|question,p5,,,,v1
e-20260830-010837,e-20260830-010837-t004,e-20260830-010837-t004-c00,e-20260830-010837-t004-c00-s011,11,2,p3,ISFJ,werewolf,werewolf,151,claim|agree|intent,p5,,,,v1
e-20260830-010837,e-20260830-010837-t004,e-20260830-010837-t004-c00,e-20260830-010837-t004-c00-s012,12,3,p5,ISTP,seer,seer,166,claim|agree|intent,p3,,,,v1
e-20260830-010837,e-20260830-010837-t004,e-20260830-010837-t004-c00,e-20260830-010837-t004-c00-s013,13,4,p7,ESFP,thief,thief,104,claim|agree|intent,p5,,,,v1
e-20260830-010837,e-20260830-010837-t004,e-20260830-010837-t004-c00,e-20260830-010837-t004-c00-s014,14,4,p3,ISFJ,werewolf,werewolf,144,claim|agree|intent,p5,,,,v1
e-20260830-010837,e-20260830-010837-t004,e-20260830-010837-t004-c01,e-20260830-010837-t004-c01-s001,1,1,p3,ISTJ,werewolf,werewolf,97,claim,p4,,,,v1
e-20260830-010837,e-20260830-010837-t004,e-20260830-010837-t004-c01,e-20260830-010837-t004-c01-s002,2,1,p2,ISTJ,villager,villager,70,question|intent,,,,,v1
e-20260830-010837,e-20260830-010837-t004,e-20260830-010837-t004-c01,e-20260830-010837-t004-c01-s003,3,1,p1,ISTJ,villager,villager,64,intent,,,,,v1
e-20260830-010837,e-20260830-010837-t004,e-20260830-010837-t004-c01,e-20260830-010837-t004-c01-s004,4,1,p8,ISTJ,villager,villager,110,intent,,,,,v1
e-20260830-010837,e-20260830-010837-t004,e-20260830-010837-t004-c01,e-20260830-010837-t004-c01-s005,5,1,p5,ISTJ,seer,seer,76,claim|defend,p1,p1,defend,3,v1
e-20260830-010837,e-20260830-010837-t004,e-20260830-010837-t004-c01,e-20260830-010837-t004-c01-s006,6,1,p7,ISTJ,thief,thief,84,claim|question,p1,,,,v1
e-20260830-010837,e-20260830-010837-t004,e-20260830-010837-t004-c01,e-20260830-010837-t004-c01-s007,7,1,p4,ISTJ,werewolf,werewolf,78,claim|question,p3|p5|p1,,,,v1
e-20260830-010837,e-20260830-010837-t004,e-20260830-010837-t004-c01,e-20260830-010837-t004-c01-s008,8,1,p6,ISTJ,villager,villager,83,suspect|hypothesis,p7,p7,suspect,2,v1
e-20260830-010837,e-20260830-010837-t004,e-20260830-010837-t004-c01,e-20260830-010837-t004-c01-s009,9,2,p2,ISTJ,villager,villager,75,question|claim,p5,,,,v1
e-20260830-010837,e-20260830-010837-t004,e-20260830-010837-t004-c01,e-20260830-010837-t004-c01-s010,10,2,p4,ISTJ,werewolf,werewolf,83,question|defend|rebut,p5|p1|p3,p1,defend,2,v1
e-20260830-010837,e-20260830-010837-t004,e-20260830-010837-t004-c01,e-20260830-010837-t004-c01-s011,11,2,p7,ISTJ,thief,thief,83,question|defend|rebut,p2|p1|p3,p1,defend,2,v1
e-20260830-010837,e-20260830-010837-t004,e-20260830-010837-t004-c01,e-20260830-010837-t004-c01-s012,12,2,p5,ISTJ,seer,seer,65,claim|defend,p2|p1|p3|p4,p3,defend,3,v1
e-20260830-010837,e-20260830-010837-t004,e-20260830-010837-t004-c01,e-20260830-010837-t004-c01-s013,13,2,p3,ISTJ,werewolf,werewolf,91,claim|agree|suspect,p5|p1|p3|p4,p1,suspect,1,v1
e-20260830-010837,e-20260830-010837-t004,e-20260830-010837-t004-c02,e-20260830-010837-t004-c02-s001,1,1,p3,ISFJ,werewolf,werewolf,78,intent,,,,,v1
e-20260830-010837,e-20260830-010837-t004,e-20260830-010837-t004-c02,e-20260830-010837-t004-c02-s002,2,1,p5,ISFJ,seer,seer,67,claim|question,p1,,,,v1
e-20260830-010837,e-20260830-010837-t004,e-20260830-010837-t004-c02,e-20260830-010837-t004-c02-s003,3,1,p7,ISFJ,thief,thief,74,other,,,,,v1
e-20260830-010837,e-20260830-010837-t004,e-20260830-010837-t004-c02,e-20260830-010837-t004-c02-s004,4,1,p4,ISFJ,werewolf,werewolf,89,claim|intent,p3,,,,v1
e-20260830-010837,e-20260830-010837-t004,e-20260830-010837-t004-c02,e-20260830-010837-t004-c02-s005,5,1,p6,ISFJ,villager,villager,82,intent,p1|p2|p7,,,,v1
e-20260830-010837,e-20260830-010837-t004,e-20260830-010837-t004-c02,e-20260830-010837-t004-c02-s006,6,2,p1,ISFJ,villager,villager,100,intent,p2|p7,,,,v1
e-20260830-010837,e-20260830-010837-t004,e-20260830-010837-t004-c02,e-20260830-010837-t004-c02-s007,7,2,p4,ISFJ,werewolf,werewolf,82,claim|intent,p3,,,,v1
e-20260830-010837,e-20260830-010837-t004,e-20260830-010837-t004-c02,e-20260830-010837-t004-c02-s008,8,2,p5,ISFJ,seer,seer,130,claim|question,p1,,,,v1
e-20260830-010837,e-20260830-010837-t004,e-20260830-010837-t004-c02,e-20260830-010837-t004-c02-s009,9,2,p3,ISFJ,werewolf,werewolf,117,claim|question,p4|p6|p5,,,,v1
e-20260830-010837,e-20260830-010837-t004,e-20260830-010837-t004-c02,e-20260830-010837-t004-c02-s010,10,3,p1,ISFJ,villager,villager,131,claim|intent,,,,,v1
e-20260830-010837,e-20260830-010837-t004,e-20260830-010837-t004-c02,e-20260830-010837-t004-c02-s011,11,3,p6,ISFJ,villager,villager,95,defend|question,p1|p2,p1,defend,1,v1
e-20260830-010837,e-20260830-010837-t004,e-20260830-010837-t004-c02,e-20260830-010837-t004-c02-s012,12,3,p7,ISFJ,thief,thief,45,question|agree,p6|p2,,,,v1
e-20260830-010837,e-20260830-010837-t004,e-20260830-010837-t004-c02,e-20260830-010837-t004-c02-s013,13,4,p7,ISFJ,thief,thief,61,question|agree,p6|p2,,,,v1
e-20260830-010837,e-20260830-010837-t004,e-20260830-010837-t004-c02,e-20260830-010837-t004-c02-s014,14,4,p6,ISFJ,villager,villager,64,question,p7|p2,,,,v1
e-20260830-010837,e-20260830-010837-t004,e-20260830-010837-t004-c02,e-20260830-010837-t004-c02-s015,15,4,p2,ISFJ,villager,villager,87,claim,p6,,,,v1
e-20260830-010837,e-20260830-010837-t004,e-20260830-010837-t004-c02,e-20260830-010837-t004-c02-s016,16,4,p3,ISFJ,werewolf,werewolf,51,question|suspect,p2,p2,suspect,1,v1
e-20260830-010837,e-20260830-010837-t004,e-20260830-010837-t004-c02,e-20260830-010837-t004-c02-s017,17,4,p5,ISFJ,seer,seer,60,question|suspect,p2,p2,suspect,1,v1
e-20260830-010837,e-20260830-010837-t004,e-20260830-010837-t004-c02,e-20260830-010837-t004-c02-s018,18,5,p1,ISFJ,villager,villager,125,suspect|rebut,p2,p2,suspect,2,v1
e-20260830-010837,e-20260830-010837-t004,e-20260830-010837-t004-c03,e-20260830-010837-t004-c03-s001,1,1,p3,INFJ,werewolf,werewolf,88,claim|question,p1,,,,v1
e-20260830-010837,e-20260830-010837-t004,e-20260830-010837-t004-c03,e-20260830-010837-t004-c03-s002,2,1,p7,INFJ,thief,thief,42,question,p3,,,,v1
e-20260830-010837,e-20260830-010837-t004,e-20260830-010837-t004-c03,e-20260830-010837-t004-c03-s003,3,1,p4,INFJ,werewolf,werewolf,91,rebut|claim,p1,,,,v1
e-20260830-010837,e-20260830-010837-t004,e-20260830-010837-t004-c03,e-20260830-010837-t004-c03-s004,4,2,p4,INFJ,werewolf,werewolf,72,question,p1|p3|p6,,,,v1
e-20260830-010837,e-20260830-010837-t004,e-20260830-010837-t004-c03,e-20260830-010837-t004-c03-s005,5,2,p3,INFJ,werewolf,werewolf,127,claim|agree,p4,,,,v1
e-20260830-010837,e-20260830-010837-t004,e-20260830-010837-t004-c04,e-20260830-010837-t004-c04-s001,1,1,p3,INTJ,werewolf,werewolf,111,claim|intent,,,,,v1
e-20260830-010837,e-20260830-010837-t004,e-20260830-010837-t004-c04,e-20260830-010837-t004-c04-s002,2,1,p7,INTJ,thief,thief,63,other,,,,,v1
e-20260830-010837,e-20260830-010837-t004,e-20260830-010837-t004-c04,e-20260830-010837-t004-c04-s003,3,1,p4,INTJ,werewolf,werewolf,78,claim|intent,,,,,v1
e-20260830-010837,e-20260830-010837-t004,e-20260830-010837-t004-c04,e-20260830-010837-t004-c04-s004,4,2,p4,INTJ,werewolf,werewolf,73,claim|intent|suspect,p3,p3,suspect,1,v1
e-20260830-010837,e-20260830-010837-t004,e-20260830-010837-t004-c04,e-20260830-010837-t004-c04-s005,5,2,p7,INTJ,thief,thief,78,claim|intent,,,,,v1
e-20260830-010837,e-20260830-010837-t004,e-20260830-010837-t004-c04,e-20260830-010837-t004-c04-s006,6,2,p3,INTJ,werewolf,werewolf,78,claim|intent|suspect,p6,p6,suspect,1,v1
e-20260830-010837,e-20260830-010837-t004,e-20260830-010837-t004-c05,e-20260830-010837-t004-c05-s001,1,1,p3,ISTP,werewolf,werewolf,98,claim,p4,,,,v1
e-20260830-010837,e-20260830-010837-t004,e-20260830-010837-t004-c05,e-20260830-010837-t004-c05-s002,2,1,p2,ISTP,villager,villager,101,claim|question,p3|p4,,,,v1
e-20260830-010837,e-20260830-010837-t004,e-20260830-010837-t004-c05,e-20260830-010837-t004-c05-s003,3,1,p1,ISTP,villager,villager,99,agree|intent,p2,,,,v1
e-20260830-010837,e-20260830-010837-t004,e-20260830-010837-t004-c05,e-20260830-010837-t004-c05-s004,4,1,p5,ISTP,seer,seer,34,claim|defend,p1,p1,defend,3,v1
e-20260830-010837,e-20260830-010837-t004,e-20260830-010837-t004-c05,e-20260830-010837-t004-c05-s005,5,1,p7,ISTP,thief,thief,49,question|hypothesis,p5|p1,p1,defend,1,v1
e-20260830-010837,e-20260830-010837-t004,e-20260830-010837-t004-c05,e-20260830-010837-t004-c05-s006,6,1,p4,ISTP,werewolf,werewolf,86,agree|defend|intent,p5|p1,p1,defend,2,v1
e-20260830-010837,e-20260830-010837-t004,e-20260830-010837-t004-c05,e-20260830-010837-t004-c05-s007,7,1,p6,ISTP,villager,villager,109,agree|defend|intent,p1|p5|p4,p1,defend,2,v1
e-20260830-010837,e-20260830-010837-t004,e-20260830-010837-t004-c05,e-20260830-010837-t004-c05-s008,8,2,p1,ISTP,villager,villager,100,question,p5|p6|p2|p3|p7,,,,v1
e-20260830-010837,e-20260830-010837-t004,e-20260830-010837-t004-c05,e-20260830-010837-t004-c05-s009,9,2,p4,ISTP,werewolf,werewolf,88,claim|hypothesis,p2|p3|p7,,,,v1
e-20260830-010837,e-20260830-010837-t004,e-20260830-010837-t004-c05,e-20260830-010837-t004-c05-s010,10,2,p7,ISTP,thief,thief,99,agree|rebut|question,p4|p2|p3|p7,,,,v1
e-20260830-010837,e-20260830-010837-t004,e-20260830-010837-t004-c05,e-20260830-010837-t004-c05-s011,11,2,p5,ISTP,seer,seer,98,agree|hypothesis|intent,p2|p3|p7,,,,v1
e-20260830-010837,e-20260830-010837-t004,e-20260830-010837-t004-c05,e-20260830-010837-t004-c05-s012,12,2,p3,ISTP,werewolf,werewolf,125,agree|hypothesis|question,p4|p2|p3|p7,,,,v1
e-20260830-010837,e-20260830-010837-t004,e-20260830-010837-t004-c06,e-20260830-010837-t004-c06-s001,1,1,p3,ISFP,werewolf,werewolf,73,claim|intent,,,,,v1
e-20260830-010837,e-20260830-010837-t004,e-20260830-010837-t004-c06,e-20260830-010837-t004-c06-s002,2,1,p2,ISFP,villager,villager,67,intent,,,,,v1
e-20260830-010837,e-20260830-010837-t004,e-20260830-010837-t004-c06,e-20260830-010837-t004-c06-s003,3,1,p1,ISFP,villager,villager,84,intent,,,,,v1
e-20260830-010837,e-20260830-010837-t004,e-20260830-010837-t004-c06,e-20260830-010837-t004-c06-s004,4,1,p5,ISFP,seer,seer,79,claim|intent,,,,,v1
e-20260830-010837,e-20260830-010837-t004,e-20260830-010837-t004-c06,e-20260830-010837-t004-c06-s005,5,1,p7,ISFP,thief,thief,99,claim|intent,,,,,v1
e-20260830-010837,e-20260830-010837-t004,e-20260830-010837-t004-c06,e-20260830-010837-t004-c06-s006,6,1,p4,ISFP,werewolf,werewolf,69,claim|intent,p3,p3,defend,1,v1
e-20260830-010837,e-20260830-010837-t004,e-20260830-010837-t004-c06,e-20260830-010837-t004-c06-s007,7,2,p4,ISFP,werewolf,werewolf,79,question,p3,,,,v1
e-20260830-010837,e-20260830-010837-t004,e-20260830-010837-t004-c06,e-20260830-010837-t004-c06-s008,8,2,p7,ISFP,thief,thief,102,intent|suspect,p3,p3,suspect,1,v1
e-20260830-010837,e-20260830-010837-t004,e-20260830-010837-t004-c06,e-20260830-010837-t004-c06-s009,9,2,p5,ISFP,seer,seer,97,question|suspect,p3|p1,p1,suspect,1,v1
e-20260830-010837,e-20260830-010837-t004,e-20260830-010837-t004-c06,e-20260830-010837-t004-c06-s010,10,2,p3,ISFP,werewolf,werewolf,90,question|suspect,p4,p4,suspect,1,v1
e-20260830-010837,e-20260830-010837-t004,e-20260830-010837-t004-c07,e-20260830-010837-t004-c07-s001,1,1,p3,INFP,werewolf,werewolf,68,claim|intent,,,,,v1
e-20260830-010837,e-20260830-010837-t004,e-20260830-010837-t004-c07,e-20260830-010837-t004-c07-s002,2,1,p2,INFP,villager,villager,70,intent,,,,,v1
e-20260830-010837,e-20260830-010837-t004,e-20260830-010837-t004-c07,e-20260830-010837-t004-c07-s003,3,1,p5,INFP,seer,seer,87,claim|intent,,,,,v1
e-20260830-010837,e-20260830-010837-t004,e-20260830-010837-t004-c07,e-20260830-010837-t004-c07-s004,4,1,p7,INFP,thief,thief,72,claim|question|intent,,,,,v1
e-20260830-010837,e-20260830-010837-t004,e-20260830-010837-t004-c07,e-20260830-010837-t004-c07-s005,5,1,p4,INFP,werewolf,werewolf,81,claim|defend|intent,p3,p3,defend,2,v1
e-20260830-010837,e-20260830-010837-t004,e-20260830-010837-t004-c07,e-20260830-010837-t004-c07-s006,6,1,p6,INFP,villager,villager,85,intent|other,,,,,v1
e-20260830-010837,e-20260830-010837-t004,e-20260830-010837-t004-c07,e-20260830-010837-t004-c07-s007,7,2,p2,INFP,villager,villager,82,intent,,,,,v1
e-20260830-010837,e-20260830-010837-t004,e-20260830-010837-t004-c07,e-20260830-010837-t004-c07-s008,8,2,p1,INFP,villager,villager,79,intent,,,,,v1
e-20260830-010837,e-20260830-010837-t004,e-20260830-010837-t004-c07,e-20260830-010837-t004-c07-s009,9,2,p4,INFP,werewolf,werewolf,81,claim|intent,p3,p3,defend,1,v1
e-20260830-010837,e-20260830-010837-t004,e-20260830-010837-t004-c07,e-20260830-010837-t004-c07-s010,10,2,p7,INFP,thief,thief,56,claim,p1,p1,defend,2,v1
e-20260830-010837,e-20260830-010837-t004,e-20260830-010837-t004-c07,e-20260830-010837-t004-c07-s011,11,2,p5,INFP,seer,seer,61,agree,p7|p1,p1,defend,1,v1
e-20260830-010837,e-20260830-010837-t004,e-20260830-010837-t004-c07,e-20260830-010837-t004-c07-s012,12,2,p8,INFP,villager,villager,72,intent,,,,,v1
e-20260830-010837,e-20260830-010837-t004,e-20260830-010837-t004-c07,e-20260830-010837-t004-c07-s013,13,2,p3,INFP,werewolf,werewolf,88,claim|agree|intent,p1,p1,defend,1,v1
e-20260830-010837,e-20260830-010837-t004,e-20260830-010837-t004-c07,e-20260830-010837-t004-c07-s014,14,2,p6,INFP,villager,villager,93,question|intent,,,,,v1
e-20260830-010837,e-20260830-010837-t004,e-20260830-010837-t004-c07,e-20260830-010837-t004-c07-s015,15,3,p8,INFP,villager,villager,79,intent,,,,,v1
e-20260830-010837,e-20260830-010837-t004,e-20260830-010837-t004-c07,e-20260830-010837-t004-c07-s016,16,4,p3,INFP,werewolf,werewolf,81,claim|agree|intent,p1|p4,p4,defend,1,v1
e-20260830-010837,e-20260830-010837-t004,e-20260830-010837-t004-c07,e-20260830-010837-t004-c07-s017,17,4,p5,INFP,seer,seer,103,agree|question,p3|p1,p1,defend,1,v1
e-20260830-010837,e-20260830-010837-t004,e-20260830-010837-t004-c07,e-20260830-010837-t004-c07-s018,18,5,p5,INFP,seer,seer,121,defend|hypothesis,p3|p1,p3,defend,2,v1
e-20260830-010837,e-20260830-010837-t004,e-20260830-010837-t004-c07,e-20260830-010837-t004-c07-s019,19,5,p3,INFP,werewolf,werewolf,111,other,p2|p1,p1,defend,1,v1
e-20260830-010837,e-20260830-010837-t004,e-20260830-010837-t004-c08,e-20260830-010837-t004-c08-s001,1,1,p3,INTP,werewolf,werewolf,87,intent,p6,,,,v1
e-20260830-010837,e-20260830-010837-t004,e-20260830-010837-t004-c08,e-20260830-010837-t004-c08-s002,2,1,p2,INTP,villager,villager,65,other,,,,,v1
e-20260830-010837,e-20260830-010837-t004,e-20260830-010837-t004-c08,e-20260830-010837-t004-c08-s003,3,1,p1,INTP,villager,villager,64,question,,,,,v1
e-20260830-010837,e-20260830-010837-t004,e-20260830-010837-t004-c08,e-20260830-010837-t004-c08-s004,4,1,p8,INTP,villager,villager,59,other,,,,,v1
e-20260830-010837,e-20260830-010837-t004,e-20260830-010837-t004-c08,e-20260830-010837-t004-c08-s005,5,1,p5,INTP,seer,seer,86,claim|question,p1,p1,suspect,1,v1
e-20260830-010837,e-20260830-010837-t004,e-20260830-010837-t004-c08,e-20260830-010837-t004-c08-s006,6,1,p7,INTP,thief,thief,66,claim|question,p1|p5|p6,p6,suspect,1,v1
e-20260830-010837,e-20260830-010837-t004,e-20260830-010837-t004-c08,e-20260830-010837-t004-c08-s007,7,1,p4,INTP,werewolf,werewolf,99,question,p1|p5|p7,p7,suspect,1,v1
e-20260830-010837,e-20260830-010837-t004,e-20260830-010837-t004-c08,e-20260830-010837-t004-c08-s008,8,1,p6,INTP,villager,villager,80,suspect,p1|p5|p7,p7,suspect,1,v1
e-20260830-010837,e-20260830-010837-t004,e-20260830-010837-t004-c08,e-20260830-010837-t004-c08-s009,9,2,p4,INTP,werewolf,werewolf,70,claim|intent,p3,p3,defend,1,v1
e-20260830-010837,e-20260830-010837-t004,e-20260830-010837-t004-c08,e-20260830-010837-t004-c08-s010,10,2,p7,INTP,thief,thief,70,claim|question,p1|p5,p5,suspect,1,v1
e-20260830-010837,e-20260830-010837-t004,e-20260830-010837-t004-c08,e-20260830-010837-t004-c08-s011,11,2,p5,INTP,seer,seer,58,claim|intent,p1,p1,defend,2,v1
e-20260830-010837,e-20260830-010837-t004,e-20260830-010837-t004-c08,e-20260830-010837-t004-c08-s012,12,2,p3,INTP,werewolf,werewolf,87,claim,p1|p4|p5,p4,defend,2,v1
e-20260830-010837,e-20260830-010837-t004,e-20260830-010837-t004-c09,e-20260830-010837-t004-c09-s001,1,1,p3,ESTP,werewolf,werewolf,78,claim|intent|question,p4,,,,v1
e-20260830-010837,e-20260830-010837-t004,e-20260830-010837-t004-c09,e-20260830-010837-t004-c09-s002,2,1,p2,ESTP,villager,villager,58,claim|intent,,,,,v1
e-20260830-010837,e-20260830-010837-t004,e-20260830-010837-t004-c09,e-20260830-010837-t004-c09-s003,3,1,p1,ESTP,villager,villager,56,claim|intent|question,,,,,v1
e-20260830-010837,e-20260830-010837-t004,e-20260830-010837-t004-c09,e-20260830-010837-t004-c09-s004,4,1,p8,ESTP,villager,villager,48,claim|question,,,,,v1
e-20260830-010837,e-20260830-010837-t004,e-20260830-010837-t004-c09,e-20260830-010837-t004-c09-s005,5,1,p5,ESTP,seer,seer,65,claim|question,p1,p1,suspect,1,v1
e-20260830-010837,e-20260830-010837-t004,e-20260830-010837-t004-c09,e-20260830-010837-t004-c09-s006,6,1,p7,ESTP,thief,thief,91,claim|question,,,,,v1
e-20260830-010837,e-20260830-010837-t004,e-20260830-010837-t004-c09,e-20260830-010837-t004-c09-s007,7,1,p4,ESTP,werewolf,werewolf,88,claim|intent,p3,,,,v1
e-20260830-010837,e-20260830-010837-t004,e-20260830-010837-t004-c09,e-20260830-010837-t004-c09-s008,8,1,p6,ESTP,villager,villager,62,claim|question,p1,,,,v1
e-20260830-010837,e-20260830-010837-t004,e-20260830-010837-t004-c09,e-20260830-010837-t004-c09-s009,9,2,p2,ESTP,villager,villager,86,question,p7,,,,v1
e-20260830-010837,e-20260830-010837-t004,e-20260830-010837-t004-c09,e-20260830-010837-t004-c09-s010,10,2,p1,ESTP,villager,villager,116,suspect|hypothesis,p5,p5,suspect,1,v1
e-20260830-010837,e-20260830-010837-t004,e-20260830-010837-t004-c09,e-20260830-010837-t004-c09-s011,11,2,p4,ESTP,werewolf,werewolf,100,agree|intent,p3,p3,defend,1,v1
e-20260830-010837,e-20260830-010837-t004,e-20260830-010837-t004-c09,e-20260830-010837-t004-c09-s012,12,2,p7,ESTP,thief,thief,97,agree|suspect,p5,p5,suspect,2,v1
e-20260830-010837,e-20260830-010837-t004,e-20260830-010837-t004-c09,e-20260830-010837-t004-c09-s013,13,2,p5,ESTP,seer,seer,105,claim|question|intent,p7|p1,p1,defend,2,v1
e-20260830-010837,e-20260830-010837-t004,e-20260830-010837-t004-c09,e-20260830-010837-t004-c09-s014,14,2,p8,ESTP,villager,villager,87,agree|intent,p5|p1,p1,defend,1,v1
e-20260830-010837,e-20260830-010837-t004,e-20260830-010837-t004-c10,e-20260830-010837-t004-c10-s001,1,1,p3,ESFP,werewolf,werewolf,76,claim|intent,,,,,v1
e-20260830-010837,e-20260830-010837-t004,e-20260830-010837-t004-c10,e-20260830-010837-t004-c10-s002,2,1,p2,ESFP,villager,villager,89,question,,,,,v1
e-20260830-010837,e-20260830-010837-t004,e-20260830-010837-t004-c10,e-20260830-010837-t004-c10-s003,3,1,p1,ESFP,villager,villager,99,other,,,,,v1
e-20260830-010837,e-20260830-010837-t004,e-20260830-010837-t004-c10,e-20260830-010837-t004-c10-s004,4,1,p8,ESFP,villager,villager,70,other,,,,,v1
e-20260830-010837,e-20260830-010837-t004,e-20260830-010837-t004-c10,e-20260830-010837-t004-c10-s005,5,1,p5,ESFP,seer,seer,77,claim|intent,,,,,v1
e-20260830-010837,e-20260830-010837-t004,e-20260830-010837-t004-c10,e-20260830-010837-t004-c10-s006,6,1,p7,ESFP,thief,thief,85,claim|intent,,,,,v1
e-20260830-010837,e-20260830-010837-t004,e-20260830-010837-t004-c10,e-20260830-010837-t004-c10-s007,7,1,p4,ESFP,werewolf,werewolf,72,claim|question|intent,p3,,,,v1
e-20260830-010837,e-20260830-010837-t004,e-20260830-010837-t004-c10,e-20260830-010837-t004-c10-s008,8,1,p6,ESFP,villager,villager,85,other|intent,,,,,v1
e-20260830-010837,e-20260830-010837-t004,e-20260830-010837-t004-c10,e-20260830-010837-t004-c10-s009,9,2,p2,ESFP,villager,villager,103,other,,,,,v1
e-20260830-010837,e-20260830-010837-t004,e-20260830-010837-t004-c10,e-20260830-010837-t004-c10-s010,10,2,p1,ESFP,villager,villager,109,intent|other,,,,,v1
e-20260830-010837,e-20260830-010837-t004,e-20260830-010837-t004-c10,e-20260830-010837-t004-c10-s011,11,2,p4,ESFP,werewolf,werewolf,70,agree|question,p3,,,,v1
e-20260830-010837,e-20260830-010837-t004,e-20260830-010837-t004-c10,e-20260830-010837-t004-c10-s012,12,2,p7,ESFP,thief,thief,79,claim|intent,,,,,v1
e-20260830-010837,e-20260830-010837-t004,e-20260830-010837-t004-c10,e-20260830-010837-t004-c10-s013,13,2,p5,ESFP,seer,seer,63,suspect|hypothesis,p2,p2,suspect,1,v1
e-20260830-010837,e-20260830-010837-t004,e-20260830-010837-t004-c10,e-20260830-010837-t004-c10-s014,14,2,p8,ESFP,villager,villager,93,claim|other,,,,,v1
e-20260830-010837,e-20260830-010837-t004,e-20260830-010837-t004-c10,e-20260830-010837-t004-c10-s015,15,2,p3,ESFP,werewolf,werewolf,92,suspect|question|hypothesis,p2,p2,suspect,1,v1
e-20260830-010837,e-20260830-010837-t004,e-20260830-010837-t004-c11,e-20260830-010837-t004-c11-s001,1,1,p3,ENFP,werewolf,werewolf,84,claim|question,,,,,v1
e-20260830-010837,e-20260830-010837-t004,e-20260830-010837-t004-c11,e-20260830-010837-t004-c11-s002,2,1,p2,ENFP,villager,villager,91,question,,,,,v1
e-20260830-010837,e-20260830-010837-t004,e-20260830-010837-t004-c11,e-20260830-010837-t004-c11-s003,3,1,p1,ENFP,villager,villager,90,other,,,,,v1
e-20260830-010837,e-20260830-010837-t004,e-20260830-010837-t004-c11,e-20260830-010837-t004-c11-s004,4,1,p8,ENFP,villager,villager,102,question,,,,,v1
e-20260830-010837,e-20260830-010837-t004,e-20260830-010837-t004-c11,e-20260830-010837-t004-c11-s005,5,1,p5,ENFP,seer,seer,86,claim|intent,,,,,v1
e-20260830-010837,e-20260830-010837-t004,e-20260830-010837-t004-c11,e-20260830-010837-t004-c11-s006,6,1,p7,ENFP,thief,thief,83,other,,,,,v1
e-20260830-010837,e-20260830-010837-t004,e-20260830-010837-t004-c11,e-20260830-010837-t004-c11-s007,7,1,p4,ENFP,werewolf,werewolf,80,question,,,,,v1
e-20260830-010837,e-20260830-010837-t004,e-20260830-010837-t004-c11,e-20260830-010837-t004-c11-s008,8,1,p6,ENFP,villager,villager,110,question,,,,,v1
e-20260830-010837,e-20260830-010837-t004,e-20260830-010837-t004-c11,e-20260830-010837-t004-c11-s009,9,2,p2,ENFP,villager,villager,93,question,,,,,v1
e-20260830-010837,e-20260830-010837-t004,e-20260830-010837-t004-c11,e-20260830-010837-t004-c11-s010,10,2,p1,ENFP,villager,villager,106,question,,,,,v1
e-20260830-010837,e-20260830-010837-t004,e-20260830-010837-t004-c11,e-20260830-010837-t004-c11-s011,11,2,p4,ENFP,werewolf,werewolf,134,question,,,,,v1
e-20260830-010837,e-20260830-010837-t004,e-20260830-010837-t004-c11,e-20260830-010837-t004-c11-s012,12,2,p7,ENFP,thief,thief,70,suspect,p5,p5,suspect,1,v1
e-20260830-010837,e-20260830-010837-t004,e-20260830-010837-t004-c11,e-20260830-010837-t004-c11-s013,13,2,p5,ENFP,seer,seer,104,claim|question,p2,p2,suspect,1,v1
e-20260830-010837,e-20260830-010837-t004,e-20260830-010837-t004-c11,e-20260830-010837-t004-c11-s014,14,2,p8,ENFP,villager,villager,74,other,p5,,,,v1
e-20260830-010837,e-20260830-010837-t004,e-20260830-010837-t004-c11,e-20260830-010837-t004-c11-s015,15,2,p3,ENFP,werewolf,werewolf,144,claim|agree,p2|p4,p4,defend,2,v1
e-20260830-010837,e-20260830-010837-t004,e-20260830-010837-t004-c11,e-20260830-010837-t004-c11-s016,16,2,p6,ENFP,villager,villager,134,agree|suspect,p3|p4|p5,p5,suspect,1,v1
e-20260830-010837,e-20260830-010837-t004,e-20260830-010837-t004-c11,e-20260830-010837-t004-c11-s017,17,4,p6,ENFP,villager,villager,164,claim|question|intent,p5|p6,,,,v1
e-20260830-010837,e-20260830-010837-t004,e-20260830-010837-t004-c11,e-20260830-010837-t004-c11-s018,18,4,p5,ENFP,seer,seer,126,claim|agree|intent,p6,,,,v1
e-20260830-010837,e-20260830-010837-t004,e-20260830-010837-t004-c11,e-20260830-010837-t004-c11-s019,19,5,p2,ENFP,villager,villager,115,claim|agree|intent,p6,,,,v1
e-20260830-010837,e-20260830-010837-t004,e-20260830-010837-t004-c12,e-20260830-010837-t004-c12-s001,1,1,p3,ENTP,werewolf,werewolf,85,claim|defend|intent,p4,p4,defend,2,v1
e-20260830-010837,e-20260830-010837-t004,e-20260830-010837-t004-c12,e-20260830-010837-t004-c12-s002,2,1,p2,ENTP,villager,villager,89,claim|suspect|hypothesis|intent,p4,p4,suspect,1,v1
e-20260830-010837,e-20260830-010837-t004,e-20260830-010837-t004-c12,e-20260830-010837-t004-c12-s003,3,1,p1,ENTP,villager,villager,85,claim|suspect|intent,p4,p4,suspect,2,v1
e-20260830-010837,e-20260830-010837-t004,e-20260830-010837-t004-c12,e-20260830-010837-t004-c12-s004,4,1,p8,ENTP,villager,villager,110,claim|suspect|intent,p4,p4,suspect,2,v1
e-20260830-010837,e-20260830-010837-t004,e-20260830-010837-t004-c12,e-20260830-010837-t004-c12-s005,5,1,p5,ENTP,seer,seer,145,claim|suspect|hypothesis|intent,p4,p4,suspect,2,v1
e-20260830-010837,e-20260830-010837-t004,e-20260830-010837-t004-c12,e-20260830-010837-t004-c12-s006,6,1,p7,ENTP,thief,thief,118,claim|suspect|intent,p4,p4,suspect,2,v1
e-20260830-010837,e-20260830-010837-t004,e-20260830-010837-t004-c12,e-20260830-010837-t004-c12-s007,7,1,p4,ENTP,werewolf,werewolf,135,claim|suspect|intent,p3,p3,suspect,3,v1
e-20260830-010837,e-20260830-010837-t004,e-20260830-010837-t004-c12,e-20260830-010837-t004-c12-s008,8,2,p2,ENTP,villager,villager,126,claim|suspect|intent,p4|p3,p3,suspect,2,v1
e-20260830-010837,e-20260830-010837-t004,e-20260830-010837-t004-c12,e-20260830-010837-t004-c12-s009,9,2,p1,ENTP,villager,villager,151,hypothesis|intent,p4|p3,p4,suspect,1,v1
e-20260830-010837,e-20260830-010837-t004,e-20260830-010837-t004-c12,e-20260830-010837-t004-c12-s010,10,2,p4,ENTP,werewolf,werewolf,118,suspect|intent,p3|p5,p5,suspect,2,v1
e-20260830-010837,e-20260830-010837-t004,e-20260830-010837-t004-c12,e-20260830-010837-t004-c12-s011,11,2,p7,ENTP,thief,thief,129,suspect|agree|hypothesis|intent,p5,p5,suspect,2,v1
e-20260830-010837,e-20260830-010837-t004,e-20260830-010837-t004-c12,e-20260830-010837-t004-c12-s012,12,2,p5,ENTP,seer,seer,125,suspect|agree|hypothesis|intent,p7,p7,suspect,2,v1
e-20260830-010837,e-20260830-010837-t004,e-20260830-010837-t004-c13,e-20260830-010837-t004-c13-s001,1,1,p3,ESTJ,werewolf,werewolf,121,claim|defend,p4,p4,defend,3,v1
e-20260830-010837,e-20260830-010837-t004,e-20260830-010837-t004-c13,e-20260830-010837-t004-c13-s002,2,1,p2,ESTJ,villager,villager,84,claim|hypothesis,,,,,v1
e-20260830-010837,e-20260830-010837-t004,e-20260830-010837-t004-c13,e-20260830-010837-t004-c13-s003,3,1,p5,ESTJ,seer,seer,59,claim|defend|intent,p1,p1,defend,2,v1
e-20260830-010837,e-20260830-010837-t004,e-20260830-010837-t004-c13,e-20260830-010837-t004-c13-s004,4,1,p7,ESTJ,thief,thief,64,claim|defend|intent,p1,p1,defend,2,v1
e-20260830-010837,e-20260830-010837-t004,e-20260830-010837-t004-c13,e-20260830-010837-t004-c13-s005,5,1,p4,ESTJ,werewolf,werewolf,93,claim|intent,p3,p3,defend,2,v1
e-20260830-010837,e-20260830-010837-t004,e-20260830-010837-t004-c13,e-20260830-010837-t004-c13-s006,6,1,p6,ESTJ,villager,villager,91,agree|defend|intent,p1,p1,defend,2,v1
e-20260830-010837,e-20260830-010837-t004,e-20260830-010837-t004-c13,e-20260830-010837-t004-c13-s007,7,2,p2,ESTJ,villager,villager,115,agree|defend|intent,p1,p1,defend,2,v1
e-20260830-010837,e-20260830-010837-t004,e-20260830-010837-t004-c13,e-20260830-010837-t004-c13-s008,8,2,p4,ESTJ,werewolf,werewolf,95,agree|defend,p1|p3,p1,defend,2,v1
e-20260830-010837,e-20260830-010837-t004,e-20260830-010837-t004-c13,e-20260830-010837-t004-c13-s009,9,2,p5,ESTJ,seer,seer,93,defend|hypothesis|intent,p1,p1,defend,2,v1
e-20260830-010837,e-20260830-010837-t004,e-20260830-010837-t004-c13,e-20260830-010837-t004-c13-s010,10,2,p3,ESTJ,werewolf,werewolf,100,defend|hypothesis|intent,p1,p1,defend,2,v1
e-20260830-010837,e-20260830-010837-t004,e-20260830-010837-t004-c14,e-20260830-010837-t004-c14-s001,1,1,p3,ESFJ,werewolf,werewolf,88,question|claim,p4,,,,v1
e-20260830-010837,e-20260830-010837-t004,e-20260830-010837-t004-c14,e-20260830-010837-t004-c14-s002,2,1,p5,ESFJ,seer,seer,91,claim|question,,,,,v1
e-20260830-010837,e-20260830-010837-t004,e-20260830-010837-t004-c14,e-20260830-010837-t004-c14-s003,3,1,p7,ESFJ,thief,thief,74,claim|question,p1|p3|p6,p6,suspect,1,v1
e-20260830-010837,e-20260830-010837-t004,e-20260830-010837-t004-c14,e-20260830-010837-t004-c14-s004,4,1,p4,ESFJ,werewolf,werewolf,55,claim|intent,p3,,,,v1
e-20260830-010837,e-20260830-010837-t004,e-20260830-010837-t004-c14,e-20260830-010837-t004-c14-s005,5,1,p6,ESFJ,villager,villager,92,question,,,,,v1
e-20260830-010837,e-20260830-010837-t004,e-20260830-010837-t004-c14,e-20260830-010837-t004-c14-s006,6,2,p2,ESFJ,villager,villager,73,intent,,,,,v1
e-20260830-010837,e-20260830-010837-t004,e-20260830-010837-t004-c14,e-20260830-010837-t004-c14-s007,7,2,p4,ESFJ,werewolf,werewolf,53,question,p3,,,,v1
e-20260830-010837,e-20260830-010837-t004,e-20260830-010837-t004-c14,e-20260830-010837-t004-c14-s008,8,2,p7,ESFJ,thief,thief,91,claim|question,p1|p3|p6,p6,suspect,1,v1
e-20260830-010837,e-20260830-010837-t004,e-20260830-010837-t004-c14,e-20260830-010837-t004-c14-s009,9,2,p5,ESFJ,seer,seer,77,claim|suspect,p1|p2|p7,p7,suspect,1,v1
e-20260830-010837,e-20260830-010837-t004,e-20260830-010837-t004-c14,e-20260830-010837-t004-c14-s010,10,2,p3,ESFJ,werewolf,werewolf,98,claim|agree,p4,,,,v1
e-20260830-010837,e-20260830-010837-t004,e-20260830-010837-t004-c14,e-20260830-010837-t004-c14-s011,11,2,p6,ESFJ,villager,villager,83,question,,,,,v1
e-20260830-010837,e-20260830-010837-t004,e-20260830-010837-t004-c14,e-20260830-010837-t004-c14-s012,12,3,p8,ESFJ,villager,villager,70,intent,,,,,v1
e-20260830-010837,e-20260830-010837-t004,e-20260830-010837-t004-c14,e-20260830-010837-t004-c14-s013,13,3,p2,ESFJ,villager,villager,67,other,,,,,v1
e-20260830-010837,e-20260830-010837-t004,e-20260830-010837-t004-c14,e-20260830-010837-t004-c14-s014,14,3,p1,ESFJ,villager,villager,103,question,p2|p7,p7,suspect,1,v1
e-20260830-010837,e-20260830-010837-t004,e-20260830-010837-t004-c14,e-20260830-010837-t004-c14-s015,15,4,p7,ESFJ,thief,thief,81,other|intent,p1|p2,,,,v1
e-20260830-010837,e-20260830-010837-t004,e-20260830-010837-t004-c14,e-20260830-010837-t004-c14-s016,16,4,p1,ESFJ,villager,villager,80,question,p2|p7,p7,suspect,1,v1
e-20260830-010837,e-20260830-010837-t004,e-20260830-010837-t004-c14,e-20260830-010837-t004-c14-s017,17,4,p3,ESFJ,werewolf,werewolf,174,claim|other,p1|p7|p2,,,,v1
e-20260830-010837,e-20260830-010837-t004,e-20260830-010837-t004-c14,e-20260830-010837-t004-c14-s018,18,5,p2,ESFJ,villager,villager,82,question,p3,,,,v1
e-20260830-010837,e-20260830-010837-t004,e-20260830-010837-t004-c14,e-20260830-010837-t004-c14-s019,19,5,p5,ESFJ,seer,seer,125,claim|other,p2,,,,v1
e-20260830-010837,e-20260830-010837-t004,e-20260830-010837-t004-c14,e-20260830-010837-t004-c14-s020,20,5,p3,ESFJ,werewolf,werewolf,126,question,p2,,,,v1
e-20260830-010837,e-20260830-010837-t004,e-20260830-010837-t004-c14,e-20260830-010837-t004-c14-s021,21,5,p4,ESFJ,werewolf,werewolf,140,question,p3,,,,v1
e-20260830-010837,e-20260830-010837-t004,e-20260830-010837-t004-c14,e-20260830-010837-t004-c14-s022,22,5,p7,ESFJ,thief,thief,122,question,p2|p3,,,,v1
e-20260830-010837,e-20260830-010837-t004,e-20260830-010837-t004-c15,e-20260830-010837-t004-c15-s001,1,1,p3,ENFJ,werewolf,werewolf,77,claim|intent,p1|p2|p5,p5,suspect,1,v1
e-20260830-010837,e-20260830-010837-t004,e-20260830-010837-t004-c15,e-20260830-010837-t004-c15-s002,2,1,p2,ENFJ,villager,villager,69,question|intent,p1|p5,p5,suspect,1,v1
e-20260830-010837,e-20260830-010837-t004,e-20260830-010837-t004-c15,e-20260830-010837-t004-c15-s003,3,1,p1,ENFJ,villager,villager,65,other,,,,,v1
e-20260830-010837,e-20260830-010837-t004,e-20260830-010837-t004-c15,e-20260830-010837-t004-c15-s004,4,1,p8,ENFJ,villager,villager,68,other,,,,,v1
e-20260830-010837,e-20260830-010837-t004,e-20260830-010837-t004-c15,e-20260830-010837-t004-c15-s005,5,1,p5,ENFJ,seer,seer,74,claim|intent,p1|p2,p2,suspect,1,v1
e-20260830-010837,e-20260830-010837-t004,e-20260830-010837-t004-c15,e-20260830-010837-t004-c15-s006,6,1,p7,ENFJ,thief,thief,76,intent,p1|p3,p3,suspect,1,v1
e-20260830-010837,e-20260830-010837-t004,e-20260830-010837-t004-c15,e-20260830-010837-t004-c15-s007,7,1,p4,ENFJ,werewolf,werewolf,76,claim,,,,,v1
e-20260830-010837,e-20260830-010837-t004,e-20260830-010837-t004-c15,e-20260830-010837-t004-c15-s008,8,1,p6,ENFJ,villager,villager,72,question|other,,,,,v1
e-20260830-010837,e-20260830-010837-t004,e-20260830-010837-t004-c15,e-20260830-010837-t004-c15-s009,9,2,p4,ENFJ,werewolf,werewolf,112,claim|question,p3,,,,v1
e-20260830-010837,e-20260830-010837-t004,e-20260830-010837-t004-c15,e-20260830-010837-t004-c15-s010,10,2,p7,ENFJ,thief,thief,66,claim|question,,,,,v1
e-20260830-010837,e-20260830-010837-t004,e-20260830-010837-t004-c15,e-20260830-010837-t004-c15-s011,11,2,p5,ENFJ,seer,seer,87,claim|question,p1|p2,,,,v1
e-20260830-010837,e-20260830-010837-t004,e-20260830-010837-t004-c15,e-20260830-010837-t004-c15-s012,12,2,p8,ENFJ,villager,villager,61,intent,,,,,v1
e-20260830-010837,e-20260830-010837-t004,e-20260830-010837-t004-c15,e-20260830-010837-t004-c15-s013,13,2,p3,ENFJ,werewolf,werewolf,95,claim|question,p4,,,,v1
e-20260830-010837,e-20260830-010837-t004,e-20260830-010837-t004-c15,e-20260830-010837-t004-c15-s014,14,2,p6,ENFJ,villager,villager,104,question,,,,,v1
e-20260830-010837,e-20260830-010837-t004,e-20260830-010837-t004-c16,e-20260830-010837-t004-c16-s001,1,1,p3,ENTJ,werewolf,werewolf,64,claim|other,,,,,v1
e-20260830-010837,e-20260830-010837-t004,e-20260830-010837-t004-c16,e-20260830-010837-t004-c16-s002,2,1,p2,ENTJ,villager,villager,46,other,,,,,v1
e-20260830-010837,e-20260830-010837-t004,e-20260830-010837-t004-c16,e-20260830-010837-t004-c16-s003,3,1,p1,ENTJ,villager,villager,80,question|other,,,,,v1
e-20260830-010837,e-20260830-010837-t004,e-20260830-010837-t004-c16,e-20260830-010837-t004-c16-s004,4,1,p8,ENTJ,villager,villager,67,other,,,,,v1
e-20260830-010837,e-20260830-010837-t004,e-20260830-010837-t004-c16,e-20260830-010837-t004-c16-s005,5,1,p5,ENTJ,seer,seer,80,claim|other,,,,,v1
e-20260830-010837,e-20260830-010837-t004,e-20260830-010837-t004-c16,e-20260830-010837-t004-c16-s006,6,1,p7,ENTJ,thief,thief,75,claim|other,,,,,v1
e-20260830-010837,e-20260830-010837-t004,e-20260830-010837-t004-c16,e-20260830-010837-t004-c16-s007,7,1,p4,ENTJ,werewolf,werewolf,101,claim|question,,,,,v1
e-20260830-010837,e-20260830-010837-t004,e-20260830-010837-t004-c16,e-20260830-010837-t004-c16-s008,8,1,p6,ENTJ,villager,villager,99,claim|question,,,,,v1
e-20260830-010837,e-20260830-010837-t004,e-20260830-010837-t004-c16,e-20260830-010837-t004-c16-s009,9,2,p1,ENTJ,villager,villager,74,question,,,,,v1
e-20260830-010837,e-20260830-010837-t004,e-20260830-010837-t004-c16,e-20260830-010837-t004-c16-s010,10,2,p4,ENTJ,werewolf,werewolf,70,intent,,,,,v1
e-20260830-010837,e-20260830-010837-t004,e-20260830-010837-t004-c16,e-20260830-010837-t004-c16-s011,11,2,p7,ENTJ,thief,thief,78,claim|suspect|hypothesis,p1|p3,p3,suspect,1,v1
e-20260830-010837,e-20260830-010837-t004,e-20260830-010837-t004-c16,e-20260830-010837-t004-c16-s012,12,2,p5,ENTJ,seer,seer,117,agree|hypothesis|suspect,p7|p1|p3,p3,suspect,1,v1
e-20260830-010837,e-20260830-010837-t004,e-20260830-010837-t004-c16,e-20260830-010837-t004-c16-s013,13,2,p8,ENTJ,villager,villager,70,question,,,,,v1
e-20260830-010837,e-20260830-010837-t004,e-20260830-010837-t004-c16,e-20260830-010837-t004-c16-s014,14,2,p3,ENTJ,werewolf,werewolf,88,agree|suspect,p7|p1,p1,suspect,2,v1
e-20260830-010837,e-20260830-010837-t004,e-20260830-010837-t004-c16,e-20260830-010837-t004-c16-s015,15,2,p6,ENTJ,villager,villager,108,intent,p7|p1,p1,suspect,1,v1
e-20260830-010837,e-20260830-010837-t005,e-20260830-010837-t005-c00,e-20260830-010837-t005-c00-s001,1,1,p7,INTJ,thief,thief,53,claim|intent,p1,p1,defend,2,v1
e-20260830-010837,e-20260830-010837-t005,e-20260830-010837-t005-c00,e-20260830-010837-t005-c00-s002,2,1,p2,ENFP,villager,villager,74,intent,,,,,v1
e-20260830-010837,e-20260830-010837-t005,e-20260830-010837-t005-c00,e-20260830-010837-t005-c00-s003,3,1,p6,ESTP,werewolf,werewolf,93,claim|intent,p8,,,,v1
e-20260830-010837,e-20260830-010837-t005,e-20260830-010837-t005-c00,e-20260830-010837-t005-c00-s004,4,1,p8,ENFP,werewolf,werewolf,137,claim|agree|intent,p6,,,,v1
e-20260830-010837,e-20260830-010837-t005,e-20260830-010837-t005-c00,e-20260830-010837-t005-c00-s005,5,1,p5,ESTJ,villager,villager,83,intent,,,,,v1
e-20260830-010837,e-20260830-010837-t005,e-20260830-010837-t005-c00,e-20260830-010837-t005-c00-s006,6,1,p3,ENTJ,seer,seer,75,claim|intent,p7,p7,suspect,1,v1
e-20260830-010837,e-20260830-010837-t005,e-20260830-010837-t005-c00,e-20260830-010837-t005-c00-s007,7,2,p6,ESTP,werewolf,werewolf,90,claim|intent,p8,,,,v1
e-20260830-010837,e-20260830-010837-t005,e-20260830-010837-t005-c00,e-20260830-010837-t005-c00-s008,8,2,p3,ENTJ,seer,seer,125,claim|intent,p7|p1,p7,suspect,2,v1
e-20260830-010837,e-20260830-010837-t005,e-20260830-010837-t005-c00,e-20260830-010837-t005-c00-s009,9,2,p7,INTJ,thief,thief,91,agree|intent,p3|p7,,,,v1
e-20260830-010837,e-20260830-010837-t005,e-20260830-010837-t005-c00,e-20260830-010837-t005-c00-s010,10,2,p1,INFP,villager,villager,166,hypothesis|suspect,p7|p8,p8,suspect,1,v1
e-20260830-010837,e-20260830-010837-t005,e-20260830-010837-t005-c00,e-20260830-010837-t005-c00-s011,11,2,p2,ENFP,villager,villager,97,agree|intent,p1|p7|p8,p8,suspect,1,v1
e-20260830-010837,e-20260830-010837-t005,e-20260830-010837-t005-c00,e-20260830-010837-t005-c00-s012,12,2,p8,ENFP,werewolf,werewolf,142,suspect|hypothesis|intent,p1|p7,p7,suspect,2,v1
e-20260830-010837,e-20260830-010837-t005,e-20260830-010837-t005-c00,e-20260830-010837-t005-c00-s013,13,3,p1,INFP,villager,villager,92,intent,p7|p8,p7,suspect,1,v1
e-20260830-010837,e-20260830-010837-t005,e-20260830-010837-t005-c00,e-20260830-010837-t005-c00-s014,14,4,p6,ESTP,werewolf,werewolf,137,agree|intent,p1|p7|p8,p7,suspect,1,v1
e-20260830-010837,e-20260830-010837-t005,e-20260830-010837-t005-c00,e-20260830-010837-t005-c00-s015,15,4,p8,ENFP,werewolf,werewolf,157,suspect|hypothesis|intent,p1|p7,p7,suspect,2,v1
e-20260830-010837,e-20260830-010837-t005,e-20260830-010837-t005-c01,e-20260830-010837-t005-c01-s001,1,1,p7,ISTJ,thief,thief,80,claim|question,p1,,,,v1
e-20260830-010837,e-20260830-010837-t005,e-20260830-010837-t005-c01,e-20260830-010837-t005-c01-s002,2,2,p7,ISTJ,thief,thief,71,question,p1,,,,v1
e-20260830-010837,e-20260830-010837-t005,e-20260830-010837-t005-c02,e-20260830-010837-t005-c02-s001,1,1,p7,ISFJ,thief,thief,62,claim|intent,,,,,v1
e-20260830-010837,e-20260830-010837-t005,e-20260830-010837-t005-c02,e-20260830-010837-t005-c02-s002,2,1,p6,ISFJ,werewolf,werewolf,103,claim|intent,,,,,v1
e-20260830-010837,e-20260830-010837-t005,e-20260830-010837-t005-c02,e-20260830-010837-t005-c02-s003,3,1,p8,ISFJ,werewolf,werewolf,89,claim|intent,,,,,v1
e-20260830-010837,e-20260830-010837-t005,e-20260830-010837-t005-c02,e-20260830-010837-t005-c02-s004,4,1,p3,ISFJ,seer,seer,97,claim|intent,,,,,v1
e-20260830-010837,e-20260830-010837-t005,e-20260830-010837-t005-c02,e-20260830-010837-t005-c02-s005,5,2,p6,ISFJ,werewolf,werewolf,81,claim|intent,,,,,v1
e-20260830-010837,e-20260830-010837-t005,e-20260830-010837-t005-c02,e-20260830-010837-t005-c02-s006,6,2,p3,ISFJ,seer,seer,101,claim|intent,p7,p7,suspect,1,v1
e-20260830-010837,e-20260830-010837-t005,e-20260830-010837-t005-c02,e-20260830-010837-t005-c02-s007,7,3,p7,ISFJ,thief,thief,113,claim|intent,,,,,v1
e-20260830-010837,e-20260830-010837-t005,e-20260830-010837-t005-c03,e-20260830-010837-t005-c03-s001,1,1,p7,INFJ,thief,thief,67,claim|intent,,,,,v1
e-20260830-010837,e-20260830-010837-t005,e-20260830-010837-t005-c03,e-20260830-010837-t005-c03-s002,2,1,p6,INFJ,werewolf,werewolf,59,claim|intent,p8,,,,v1
e-20260830-010837,e-20260830-010837-t005,e-20260830-010837-t005-c03,e-20260830-010837-t005-c03-s003,3,1,p8,INFJ,werewolf,werewolf,42,intent,,,,,v1
e-20260830-010837,e-20260830-010837-t005,e-20260830-010837-t005-c03,e-20260830-010837-t005-c03-s004,4,2,p6,INFJ,werewolf,werewolf,82,claim|intent,p8,,,,v1
e-20260830-010837,e-20260830-010837-t005,e-20260830-010837-t005-c03,e-20260830-010837-t005-c03-s005,5,2,p7,INFJ,thief,thief,86,claim|intent,p1,,,,v1
e-20260830-010837,e-20260830-010837-t005,e-20260830-010837-t005-c03,e-20260830-010837-t005-c03-s006,6,2,p8,INFJ,werewolf,werewolf,84,claim|intent,p6,,,,v1
e-20260830-010837,e-20260830-010837-t005,e-20260830-010837-t005-c04,e-20260830-010837-t005-c04-s001,1,1,p7,INTJ,thief,thief,52,question,,,,,v1
e-20260830-010837,e-20260830-010837-t005,e-20260830-010837-t005-c04,e-20260830-010837-t005-c04-s002,2,1,p6,INTJ,werewolf,werewolf,64,claim,p8,,,,v1
e-20260830-010837,e-20260830-010837-t005,e-20260830-010837-t005-c04,e-20260830-010837-t005-c04-s003,3,1,p8,INTJ,werewolf,werewolf,77,claim|agree,p6,,,,v1
e-20260830-010837,e-20260830-010837-t005,e-20260830-010837-t005-c04,e-20260830-010837-t005-c04-s004,4,1,p3,INTJ,seer,seer,71,claim,p7,,,,v1
e-20260830-010837,e-20260830-010837-t005,e-20260830-010837-t005-c04,e-20260830-010837-t005-c04-s005,5,2,p6,INTJ,werewolf,werewolf,100,agree|claim,p7,,,,v1
e-20260830-010837,e-20260830-010837-t005,e-20260830-010837-t005-c04,e-20260830-010837-t005-c04-s006,6,2,p3,INTJ,seer,seer,119,suspect|agree,p7,p7,suspect,2,v1
e-20260830-010837,e-20260830-010837-t005,e-20260830-010837-t005-c04,e-20260830-010837-t005-c04-s007,7,2,p7,INTJ,thief,thief,121,claim|agree,p6|p8,,,,v1
e-20260830-010837,e-20260830-010837-t005,e-20260830-010837-t005-c04,e-20260830-010837-t005-c04-s008,8,2,p8,INTJ,werewolf,werewolf,112,suspect,p7|p6|p8,p7,suspect,1,v1
e-20260830-010837,e-20260830-010837-t005,e-20260830-010837-t005-c05,e-20260830-010837-t005-c05-s001,1,1,p7,ISTP,thief,thief,41,claim|intent,p1,p1,defend,2,v1
e-20260830-010837,e-20260830-010837-t005,e-20260830-010837-t005-c05,e-20260830-010837-t005-c05-s002,2,1,p6,ISTP,werewolf,werewolf,48,claim|suspect|intent,p8,p8,suspect,3,v1
e-20260830-010837,e-20260830-010837-t005,e-20260830-010837-t005-c05,e-20260830-010837-t005-c05-s003,3,1,p8,ISTP,werewolf,werewolf,83,agree|claim|intent,p6,,,,v1
e-20260830-010837,e-20260830-010837-t005,e-20260830-010837-t005-c05,e-20260830-010837-t005-c05-s004,4,1,p3,ISTP,seer,seer,58,claim|intent|suspect,p7,p7,suspect,1,v1
e-20260830-010837,e-20260830-010837-t005,e-20260830-010837-t005-c05,e-20260830-010837-t005-c05-s005,5,2,p6,ISTP,werewolf,werewolf,82,rebut|claim|intent|suspect,p8|p7,p8,suspect,3,v1
e-20260830-010837,e-20260830-010837-t005,e-20260830-010837-t005-c05,e-20260830-010837-t005-c05-s006,6,2,p3,ISTP,seer,seer,82,claim|intent|suspect,p7,p7,suspect,1,v1
e-20260830-010837,e-20260830-010837-t005,e-20260830-010837-t005-c05,e-20260830-010837-t005-c05-s007,7,2,p7,ISTP,thief,thief,65,claim|intent|hypothesis,p1,p1,defend,1,v1
e-20260830-010837,e-20260830-010837-t005,e-20260830-010837-t005-c05,e-20260830-010837-t005-c05-s008,8,2,p1,ISTP,villager,villager,91,agree|intent,p7|p1,,,,v1
e-20260830-010837,e-20260830-010837-t005,e-20260830-010837-t005-c05,e-20260830-010837-t005-c05-s009,9,2,p2,ISTP,villager,villager,92,agree|hypothesis|intent,p1,p1,defend,1,v1
e-20260830-010837,e-20260830-010837-t005,e-20260830-010837-t005-c05,e-20260830-010837-t005-c05-s010,10,2,p8,ISTP,werewolf,werewolf,71,agree|intent,p7|p1,,,,v1
e-20260830-010837,e-20260830-010837-t005,e-20260830-010837-t005-c05,e-20260830-010837-t005-c05-s011,11,3,p2,ISTP,villager,villager,68,claim|suspect|intent,p1|p8,p8,suspect,3,v1
e-20260830-010837,e-20260830-010837-t005,e-20260830-010837-t005-c05,e-20260830-010837-t005-c05-s012,12,3,p1,ISTP,villager,villager,74,agree|claim|suspect|intent,p2|p1|p8,p8,suspect,3,v1
e-20260830-010837,e-20260830-010837-t005,e-20260830-010837-t005-c05,e-20260830-010837-t005-c05-s013,13,3,p4,ISTP,villager,villager,59,claim|suspect|intent,p1|p8,p8,suspect,3,v1
e-20260830-010837,e-20260830-010837-t005,e-20260830-010837-t005-c05,e-20260830-010837-t005-c05-s014,14,4,p7,ISTP,thief,thief,57,claim|suspect|intent,p1|p8,p8,suspect,3,v1
e-20260830-010837,e-20260830-010837-t005,e-20260830-010837-t005-c05,e-20260830-010837-t005-c05-s015,15,5,p7,ISTP,thief,thief,89,claim|suspect|intent,p1|p8,p8,suspect,3,v1
e-20260830-010837,e-20260830-010837-t005,e-20260830-010837-t005-c06,e-20260830-010837-t005-c06-s001,1,1,p7,ISFP,thief,thief,58,claim|defend,p1,p1,defend,2,v1
e-20260830-010837,e-20260830-010837-t005,e-20260830-010837-t005-c06,e-20260830-010837-t005-c06-s002,2,1,p6,ISFP,werewolf,werewolf,78,claim,p8,,,,v1
e-20260830-010837,e-20260830-010837-t005,e-20260830-010837-t005-c06,e-20260830-010837-t005-c06-s003,3,1,p8,ISFP,werewolf,werewolf,93,claim,p6,,,,v1
e-20260830-010837,e-20260830-010837-t005,e-20260830-010837-t005-c06,e-20260830-010837-t005-c06-s004,4,1,p3,ISFP,seer,seer,62,claim|suspect,p7,p7,suspect,1,v1
e-20260830-010837,e-20260830-010837-t005,e-20260830-010837-t005-c06,e-20260830-010837-t005-c06-s005,5,2,p6,ISFP,werewolf,werewolf,77,agree,p7,p7,suspect,1,v1
e-20260830-010837,e-20260830-010837-t005,e-20260830-010837-t005-c06,e-20260830-010837-t005-c06-s006,6,2,p3,ISFP,seer,seer,103,question|hypothesis,p7,p7,suspect,1,v1
e-20260830-010837,e-20260830-010837-t005,e-20260830-010837-t005-c06,e-20260830-010837-t005-c06-s007,7,2,p7,ISFP,thief,thief,107,claim|hypothesis|suspect,p3,p3,suspect,1,v1
e-20260830-010837,e-20260830-010837-t005,e-20260830-010837-t005-c06,e-20260830-010837-t005-c06-s008,8,2,p1,ISFP,villager,villager,60,other,,,,,v1
e-20260830-010837,e-20260830-010837-t005,e-20260830-010837-t005-c06,e-20260830-010837-t005-c06-s009,9,2,p8,ISFP,werewolf,werewolf,85,question,p1,,,,v1
e-20260830-010837,e-20260830-010837-t005,e-20260830-010837-t005-c06,e-20260830-010837-t005-c06-s010,10,3,p1,ISFP,villager,villager,127,intent,,,,,v1
e-20260830-010837,e-20260830-010837-t005,e-20260830-010837-t005-c06,e-20260830-010837-t005-c06-s011,11,3,p4,ISFP,villager,villager,75,intent,,,,,v1
e-20260830-010837,e-20260830-010837-t005,e-20260830-010837-t005-c06,e-20260830-010837-t005-c06-s012,12,4,p3,ISFP,seer,seer,104,question|suspect,p7,p7,suspect,1,v1
e-20260830-010837,e-20260830-010837-t005,e-20260830-010837-t005-c06,e-20260830-010837-t005-c06-s013,13,4,p6,ISFP,werewolf,werewolf,126,question|suspect,p3|p7,p7,suspect,1,v1
e-20260830-010837,e-20260830-010837-t005,e-20260830-010837-t005-c06,e-20260830-010837-t005-c06-s014,14,4,p7,ISFP,thief,thief,131,intent|agree,p3|p1|p4,,,,v1
e-20260830-010837,e-20260830-010837-t005,e-20260830-010837-t005-c06,e-20260830-010837-t005-c06-s015,15,5,p5,ISFP,villager,villager,99,question|suspect|intent,p7,p7,suspect,1,v1
e-20260830-010837,e-20260830-010837-t005,e-20260830-010837-t005-c06,e-20260830-010837-t005-c06-s016,16,5,p7,ISFP,thief,thief,129,intent,p5,,,,v1
e-20260830-010837,e-20260830-010837-t005,e-20260830-010837-t005-c06,e-20260830-010837-t005-c06-s017,17,6,p5,ISFP,villager,villager,114,question|hypothesis|suspect,p7,p7,suspect,1,v1
e-20260830-010837,e-20260830-010837-t005,e-20260830-010837-t005-c06,e-20260830-010837-t005-c06-s018,18,6,p3,ISFP,seer,seer,169,rebut|hypothesis|suspect,p5|p7,p7,suspect,2,v1
e-20260830-010837,e-20260830-010837-t005,e-20260830-010837-t005-c06,e-20260830-010837-t005-c06-s019,19,6,p1,ISFP,villager,villager,162,agree|intent|hypothesis,p3,,,,v1
e-20260830-010837,e-20260830-010837-t005,e-20260830-010837-t005-c07,e-20260830-010837-t005-c07-s001,1,1,p7,INFP,thief,thief,54,claim|intent,p1,p1,defend,1,v1
e-20260830-010837,e-20260830-010837-t005,e-20260830-010837-t005-c07,e-20260830-010837-t005-c07-s002,2,1,p6,INFP,werewolf,werewolf,78,claim|question,p8,p8,defend,1,v1
e-20260830-010837,e-20260830-010837-t005,e-20260830-010837-t005-c07,e-20260830-010837-t005-c07-s003,3,1,p1,INFP,villager,villager,80,question,,,,,v1
e-20260830-010837,e-20260830-010837-t005,e-20260830-010837-t005-c07,e-20260830-010837-t005-c07-s004,4,1,p8,INFP,werewolf,werewolf,66,claim|question,p6,p6,defend,1,v1
e-20260830-010837,e-20260830-010837-t005,e-20260830-010837-t005-c07,e-20260830-010837-t005-c07-s005,5,1,p5,INFP,villager,villager,52,question,,,,,v1
e-20260830-010837,e-20260830-010837-t005,e-20260830-010837-t005-c07,e-20260830-010837-t005-c07-s006,6,1,p3,INFP,seer,seer,97,claim|question|suspect,p7,p7,suspect,3,v1
e-20260830-010837,e-20260830-010837-t005,e-20260830-010837-t005-c07,e-20260830-010837-t005-c07-s007,7,2,p6,INFP,werewolf,werewolf,60,claim|defend,p8,p8,defend,1,v1
e-20260830-010837,e-20260830-010837-t005,e-20260830-010837-t005-c07,e-20260830-010837-t005-c07-s008,8,2,p3,INFP,seer,seer,98,claim|suspect,p7,p7,suspect,3,v1
e-20260830-010837,e-20260830-010837-t005,e-20260830-010837-t005-c07,e-20260830-010837-t005-c07-s009,9,2,p5,INFP,villager,villager,82,other,,,,,v1
e-20260830-010837,e-20260830-010837-t005,e-20260830-010837-t005-c07,e-20260830-010837-t005-c07-s010,10,2,p7,INFP,thief,thief,92,claim|intent,p3,,,,v1
e-20260830-010837,e-20260830-010837-t005,e-20260830-010837-t005-c07,e-20260830-010837-t005-c07-s011,11,2,p1,INFP,villager,villager,61,question,,,,,v1
e-20260830-010837,e-20260830-010837-t005,e-20260830-010837-t005-c07,e-20260830-010837-t005-c07-s012,12,2,p2,INFP,villager,villager,71,question,,,,,v1
e-20260830-010837,e-20260830-010837-t005,e-20260830-010837-t005-c07,e-20260830-010837-t005-c07-s013,13,2,p8,INFP,werewolf,werewolf,92,claim|question,p6|p1|p2|p3|p5,,,,v1
e-20260830-010837,e-20260830-010837-t005,e-20260830-010837-t005-c07,e-20260830-010837-t005-c07-s014,14,3,p2,INFP,villager,villager,69,question,,,,,v1
e-20260830-010837,e-20260830-010837-t005,e-20260830-010837-t005-c07,e-20260830-010837-t005-c07-s015,15,4,p3,INFP,seer,seer,88,question|hypothesis,p1,,,,v1
e-20260830-010837,e-20260830-010837-t005,e-20260830-010837-t005-c07,e-20260830-010837-t005-c07-s016,16,4,p1,INFP,villager,villager,86,hypothesis,p3,,,,v1
e-20260830-010837,e-20260830-010837-t005,e-20260830-010837-t005-c07,e-20260830-010837-t005-c07-s017,17,4,p5,INFP,villager,villager,62,question,,,,,v1
e-20260830-010837,e-20260830-010837-t005,e-20260830-010837-t005-c07,e-20260830-010837-t005-c07-s018,18,4,p7,INFP,thief,thief,91,question,p1|p2,,,,v1
e-20260830-010837,e-20260830-010837-t005,e-20260830-010837-t005-c07,e-20260830-010837-t005-c07-s019,19,5,p2,INFP,villager,villager,92,other,,,,,v1
e-20260830-010837,e-20260830-010837-t005,e-20260830-010837-t005-c07,e-20260830-010837-t005-c07-s020,20,5,p1,INFP,villager,villager,146,question,,,,,v1
e-20260830-010837,e-20260830-010837-t005,e-20260830-010837-t005-c07,e-20260830-010837-t005-c07-s021,21,6,p2,INFP,villager,villager,111,question,,,,,v1
e-20260830-010837,e-20260830-010837-t005,e-20260830-010837-t005-c07,e-20260830-010837-t005-c07-s022,22,6,p5,INFP,villager,villager,129,question,,,,,v1
e-20260830-010837,e-20260830-010837-t005,e-20260830-010837-t005-c08,e-20260830-010837-t005-c08-s001,1,1,p7,INTP,thief,thief,65,question|suspect,p1,p1,suspect,1,v1
e-20260830-010837,e-20260830-010837-t005,e-20260830-010837-t005-c08,e-20260830-010837-t005-c08-s002,2,1,p8,INTP,werewolf,werewolf,101,claim|suspect|intent,p1,p1,suspect,1,v1
e-20260830-010837,e-20260830-010837-t005,e-20260830-010837-t005-c08,e-20260830-010837-t005-c08-s003,3,1,p3,INTP,seer,seer,84,claim|suspect,p7,p7,suspect,2,v1
e-20260830-010837,e-20260830-010837-t005,e-20260830-010837-t005-c08,e-20260830-010837-t005-c08-s004,4,2,p6,INTP,werewolf,werewolf,127,agree|claim,p3|p7|p8,p7,suspect,1,v1
e-20260830-010837,e-20260830-010837-t005,e-20260830-010837-t005-c08,e-20260830-010837-t005-c08-s005,5,2,p3,INTP,seer,seer,113,rebut|suspect|claim,p8|p7,p7,suspect,2,v1
e-20260830-010837,e-20260830-010837-t005,e-20260830-010837-t005-c08,e-20260830-010837-t005-c08-s006,6,2,p7,INTP,thief,thief,122,agree|intent,p3,,,,v1
e-20260830-010837,e-20260830-010837-t005,e-20260830-010837-t005-c08,e-20260830-010837-t005-c08-s007,7,2,p8,INTP,werewolf,werewolf,117,claim|suspect,p1|p2|p3|p4|p5|p7,p7,suspect,1,v1
e-20260830-010837,e-20260830-010837-t005,e-20260830-010837-t005-c08,e-20260830-010837-t005-c08-s008,8,3,p6,INTP,werewolf,werewolf,123,agree|suspect,p8|p1|p2|p3|p4|p5|p7,p7,suspect,1,v1
e-20260830-010837,e-20260830-010837-t005,e-20260830-010837-t005-c08,e-20260830-010837-t005-c08-s009,9,4,p3,INTP,seer,seer,126,suspect|agree,p8|p1|p2|p3|p4|p5|p7,p7,suspect,2,v1
e-20260830-010837,e-20260830-010837-t005,e-20260830-010837-t005-c08,e-20260830-010837-t005-c08-s010,10,4,p8,INTP,werewolf,werewolf,93,agree|suspect|intent,p3|p7|p6,p7,suspect,2,v1
e-20260830-010837,e-20260830-010837-t005,e-20260830-010837-t005-c08,e-20260830-010837-t005-c08-s011,11,4,p7,INTP,thief,thief,117,agree|defend|hypothesis,p3,,,,v1
e-20260830-010837,e-20260830-010837-t005,e-20260830-010837-t005-c08,e-20260830-010837-t005-c08-s012,12,5,p7,INTP,thief,thief,143,defend|suspect|hypothesis,p6|p8|p1|p2,p2,suspect,1,v1
e-20260830-010837,e-20260830-010837-t005,e-20260830-010837-t005-c08,e-20260830-010837-t005-c08-s013,13,5,p8,INTP,werewolf,werewolf,88,intent|suspect,p1|p2,p2,suspect,1,v1
e-20260830-010837,e-20260830-010837-t005,e-20260830-010837-t005-c09,e-20260830-010837-t005-c09-s001,1,1,p4,ESTP,villager,villager,65,hypothesis,,,,,v1
e-20260830-010837,e-20260830-010837-t005,e-20260830-010837-t005-c09,e-20260830-010837-t005-c09-s002,2,1,p7,ESTP,thief,thief,65,claim|question,p1,,,,v1
e-20260830-010837,e-20260830-010837-t005,e-20260830-010837-t005-c09,e-20260830-010837-t005-c09-s003,3,1,p2,ESTP,villager,villager,72,question,p1,,,,v1
e-20260830-010837,e-20260830-010837-t005,e-20260830-010837-t005-c09,e-20260830-010837-t005-c09-s004,4,1,p6,ESTP,werewolf,werewolf,75,claim|defend|intent,p8,p8,defend,3,v1
e-20260830-010837,e-20260830-010837-t005,e-20260830-010837-t005-c09,e-20260830-010837-t005-c09-s005,5,1,p1,ESTP,villager,villager,50,suspect,p7|p8,p8,suspect,2,v1
e-20260830-010837,e-20260830-010837-t005,e-20260830-010837-t005-c09,e-20260830-010837-t005-c09-s006,6,1,p8,ESTP,werewolf,werewolf,93,agree|defend|intent,p6,p6,defend,2,v1
e-20260830-010837,e-20260830-010837-t005,e-20260830-010837-t005-c09,e-20260830-010837-t005-c09-s007,7,1,p5,ESTP,villager,villager,58,suspect,p7|p8,p8,suspect,2,v1
e-20260830-010837,e-20260830-010837-t005,e-20260830-010837-t005-c09,e-20260830-010837-t005-c09-s008,8,1,p3,ESTP,seer,seer,67,hypothesis|intent,p7,,,,v1
e-20260830-010837,e-20260830-010837-t005,e-20260830-010837-t005-c09,e-20260830-010837-t005-c09-s009,9,2,p6,ESTP,werewolf,werewolf,55,intent|defend,p8,p8,defend,2,v1
e-20260830-010837,e-20260830-010837-t005,e-20260830-010837-t005-c09,e-20260830-010837-t005-c09-s010,10,2,p3,ESTP,seer,seer,46,question,p7,,,,v1
e-20260830-010837,e-20260830-010837-t005,e-20260830-010837-t005-c09,e-20260830-010837-t005-c09-s011,11,2,p5,ESTP,villager,villager,116,intent|hypothesis,,,,,v1
e-20260830-010837,e-20260830-010837-t005,e-20260830-010837-t005-c09,e-20260830-010837-t005-c09-s012,12,2,p4,ESTP,villager,villager,167,agree|intent|suspect,p5|p7|p8,p8,suspect,1,v1
e-20260830-010837,e-20260830-010837-t005,e-20260830-010837-t005-c09,e-20260830-010837-t005-c09-s013,13,2,p7,ESTP,thief,thief,110,agree|intent|suspect,p5|p1|p2|p3,p3,suspect,1,v1
e-20260830-010837,e-20260830-010837-t005,e-20260830-010837-t005-c09,e-20260830-010837-t005-c09-s014,14,2,p1,ESTP,villager,villager,125,agree|suspect|question,p7,p7,suspect,2,v1
e-20260830-010837,e-20260830-010837-t005,e-20260830-010837-t005-c09,e-20260830-010837-t005-c09-s015,15,2,p2,ESTP,villager,villager,64,question,p7,,,,v1
e-20260830-010837,e-20260830-010837-t005,e-20260830-010837-t005-c09,e-20260830-010837-t005-c09-s016,16,2,p8,ESTP,werewolf,werewolf,96,question,p7,,,,v1
e-20260830-010837,e-20260830-010837-t005,e-20260830-010837-t005-c09,e-20260830-010837-t005-c09-s017,17,4,p3,ESTP,seer,seer,83,question,p7,,,,v1
e-20260830-010837,e-20260830-010837-t005,e-20260830-010837-t005-c09,e-20260830-010837-t005-c09-s018,18,5,p3,ESTP,seer,seer,83,question,p7,,,,v1
e-20260830-010837,e-20260830-010837-t005,e-20260830-010837-t005-c09,e-20260830-010837-t005-c09-s019,19,6,p2,ESTP,villager,villager,102,question,p7,,,,v1
e-20260830-010837,e-20260830-010837-t005,e-20260830-010837-t005-c10,e-20260830-010837-t005-c10-s001,1,1,p4,ESFP,villager,villager,78,claim,,,,,v1
e-20260830-010837,e-20260830-010837-t005,e-20260830-010837-t005-c10,e-20260830-010837-t005-c10-s002,2,1,p7,ESFP,thief,thief,74,claim,,,,,v1
e-20260830-010837,e-20260830-010837-t005,e-20260830-010837-t005-c10,e-20260830-010837-t005-c10-s003,3,1,p2,ESFP,villager,villager,57,claim|question,,,,,v1
e-20260830-010837,e-20260830-010837-t005,e-20260830-010837-t005-c10,e-20260830-010837-t005-c10-s004,4,1,p6,ESFP,werewolf,werewolf,82,claim,,,,,v1
e-20260830-010837,e-20260830-010837-t005,e-20260830-010837-t005-c10,e-20260830-010837-t005-c10-s005,5,1,p1,ESFP,villager,villager,80,claim|question,,,,,v1
e-20260830-010837,e-20260830-010837-t005,e-20260830-010837-t005-c10,e-20260830-010837-t005-c10-s006,6,1,p8,ESFP,werewolf,werewolf,82,claim,,,,,v1
e-20260830-010837,e-20260830-010837-t005,e-20260830-010837-t005-c10,e-20260830-010837-t005-c10-s007,7,1,p5,ESFP,villager,villager,71,claim,,,,,v1
e-20260830-010837,e-20260830-010837-t005,e-20260830-010837-t005-c10,e-20260830-010837-t005-c10-s008,8,1,p3,ESFP,seer,seer,88,claim|suspect,p7,p7,suspect,3,v1
e-20260830-010837,e-20260830-010837-t005,e-20260830-010837-t005-c10,e-20260830-010837-t005-c10-s009,9,2,p6,ESFP,werewolf,werewolf,78,claim|intent,p8,,,,v1
e-20260830-010837,e-20260830-010837-t005,e-20260830-010837-t005-c10,e-20260830-010837-t005-c10-s010,10,2,p3,ESFP,seer,seer,73,claim|suspect|intent,p7,p7,suspect,2,v1
e-20260830-010837,e-20260830-010837-t005,e-20260830-010837-t005-c10,e-20260830-010837-t005-c10-s011,11,2,p5,ESFP,villager,villager,105,agree|intent,p3|p7,p7,suspect,1,v1
e-20260830-010837,e-20260830-010837-t005,e-20260830-010837-t005-c10,e-20260830-010837-t005-c10-s012,12,2,p4,ESFP,villager,villager,84,other,p3,,,,v1
e-20260830-010837,e-20260830-010837-t005,e-20260830-010837-t005-c10,e-20260830-010837-t005-c10-s013,13,2,p7,ESFP,thief,thief,74,agree|intent,p3,,,,v1
e-20260830-010837,e-20260830-010837-t005,e-20260830-010837-t005-c10,e-20260830-010837-t005-c10-s014,14,2,p1,ESFP,villager,villager,82,agree,p7|p3,p7,defend,1,v1
e-20260830-010837,e-20260830-010837-t005,e-20260830-010837-t005-c10,e-20260830-010837-t005-c10-s015,15,2,p2,ESFP,villager,villager,88,agree|suspect|intent,p7|p3,p7,suspect,1,v1
e-20260830-010837,e-20260830-010837-t005,e-20260830-010837-t005-c11,e-20260830-010837-t005-c11-s001,1,1,p4,ENFP,villager,villager,77,other,,,,,v1
e-20260830-010837,e-20260830-010837-t005,e-20260830-010837-t005-c11,e-20260830-010837-t005-c11-s002,2,1,p7,ENFP,thief,thief,66,claim|defend|intent,p1,p1,defend,2,v1
e-20260830-010837,e-20260830-010837-t005,e-20260830-010837-t005-c11,e-20260830-010837-t005-c11-s003,3,1,p2,ENFP,villager,villager,94,intent|suspect,p1,p1,suspect,1,v1
e-20260830-010837,e-20260830-010837-t005,e-20260830-010837-t005-c11,e-20260830-010837-t005-c11-s004,4,1,p6,ENFP,werewolf,werewolf,81,claim|suspect|intent,p8,p8,suspect,3,v1
e-20260830-010837,e-20260830-010837-t005,e-20260830-010837-t005-c11,e-20260830-010837-t005-c11-s005,5,1,p1,ENFP,villager,villager,101,question|suspect,p7,p7,suspect,1,v1
e-20260830-010837,e-20260830-010837-t005,e-20260830-010837-t005-c11,e-20260830-010837-t005-c11-s006,6,1,p8,ENFP,werewolf,werewolf,105,claim|suspect|intent|rebut,p6,p6,suspect,3,v1
e-20260830-010837,e-20260830-010837-t005,e-20260830-010837-t005-c11,e-20260830-010837-t005-c11-s007,7,1,p5,ENFP,villager,villager,104,other,,,,,v1
e-20260830-010837,e-20260830-010837-t005,e-20260830-010837-t005-c11,e-20260830-010837-t005-c11-s008,8,1,p3,ENFP,seer,seer,103,claim|intent|suspect,p7,p7,suspect,1,v1
e-20260830-010837,e-20260830-010837-t005,e-20260830-010837-t005-c11,e-20260830-010837-t005-c11-s009,9,2,p6,ENFP,werewolf,werewolf,93,question,p8,,,,v1
e-20260830-010837,e-20260830-010837-t005,e-20260830-010837-t005-c11,e-20260830-010837-t005-c11-s010,10,2,p3,ENFP,seer,seer,85,question,p7|p1,,,,v1
e-20260830-010837,e-20260830-010837-t005,e-20260830-010837-t005-c11,e-20260830-010837-t005-c11-s011,11,2,p5,ENFP,villager,villager,129,question,p6,,,,v1
e-20260830-010837,e-20260830-010837-t005,e-20260830-010837-t005-c11,e-20260830-010837-t005-c11-s012,12,2,p4,ENFP,villager,villager,116,intent,p6,,,,v1
e-20260830-010837,e-20260830-010837-t005,e-20260830-010837-t005-c11,e-20260830-010837-t005-c11-s013,13,2,p7,ENFP,thief,thief,85,question,p6,,,,v1
e-20260830-010837,e-20260830-010837-t005,e-20260830-010837-t005-c11,e-20260830-010837-t005-c11-s014,14,2,p8,ENFP,werewolf,werewolf,106,question,p7,,,,v1
e-20260830-010837,e-20260830-010837-t005,e-20260830-010837-t005-c12,e-20260830-010837-t005-c12-s001,1,1,p7,ENTP,thief,thief,56,suspect|intent,p1,p1,suspect,1,v1
e-20260830-010837,e-20260830-010837-t005,e-20260830-010837-t005-c12,e-20260830-010837-t005-c12-s002,2,1,p2,ENTP,villager,villager,66,intent,,,,,v1
e-20260830-010837,e-20260830-010837-t005,e-20260830-010837-t005-c12,e-20260830-010837-t005-c12-s003,3,1,p6,ENTP,werewolf,werewolf,90,claim|intent,p8,,,,v1
e-20260830-010837,e-20260830-010837-t005,e-20260830-010837-t005-c12,e-20260830-010837-t005-c12-s004,4,1,p1,ENTP,villager,villager,89,intent,,,,,v1
e-20260830-010837,e-20260830-010837-t005,e-20260830-010837-t005-c12,e-20260830-010837-t005-c12-s005,5,1,p8,ENTP,werewolf,werewolf,83,claim|intent,,,,,v1
e-20260830-010837,e-20260830-010837-t005,e-20260830-010837-t005-c12,e-20260830-010837-t005-c12-s006,6,1,p5,ENTP,villager,villager,92,intent,,,,,v1
e-20260830-010837,e-20260830-010837-t005,e-20260830-010837-t005-c12,e-20260830-010837-t005-c12-s007,7,1,p3,ENTP,seer,seer,94,claim|suspect,p7,p7,suspect,1,v1
e-20260830-010837,e-20260830-010837-t005,e-20260830-010837-t005-c12,e-20260830-010837-t005-c12-s008,8,2,p6,ENTP,werewolf,werewolf,94,agree|intent,p8,,,,v1
e-20260830-010837,e-20260830-010837-t005,e-20260830-010837-t005-c12,e-20260830-010837-t005-c12-s009,9,2,p3,ENTP,seer,seer,84,question,p7,,,,v1
e-20260830-010837,e-20260830-010837-t005,e-20260830-010837-t005-c12,e-20260830-010837-t005-c12-s010,10,2,p5,ENTP,villager,villager,102,question,p3|p7,,,,v1
e-20260830-010837,e-20260830-010837-t005,e-20260830-010837-t005-c12,e-20260830-010837-t005-c12-s011,11,2,p7,ENTP,thief,thief,120,claim|intent,p1|p6,p6,suspect,2,v1
e-20260830-010837,e-20260830-010837-t005,e-20260830-010837-t005-c12,e-20260830-010837-t005-c12-s012,12,2,p1,ENTP,villager,villager,88,question,p7|p6,p6,suspect,1,v1
e-20260830-010837,e-20260830-010837-t005,e-20260830-010837-t005-c12,e-20260830-010837-t005-c12-s013,13,2,p2,ENTP,villager,villager,132,question,p7|p6,p6,defend,1,v1
e-20260830-010837,e-20260830-010837-t005,e-20260830-010837-t005-c12,e-20260830-010837-t005-c12-s014,14,3,p8,ENTP,werewolf,werewolf,106,question|intent,p7|p6,p6,suspect,1,v1
e-20260830-010837,e-20260830-010837-t005,e-20260830-010837-t005-c12,e-20260830-010837-t005-c12-s015,15,4,p3,ENTP,seer,seer,111,question|hypothesis,p7|p6,p6,suspect,1,v1
e-20260830-010837,e-20260830-010837-t005,e-20260830-010837-t005-c12,e-20260830-010837-t005-c12-s016,16,4,p7,ENTP,thief,thief,125,claim|suspect,p6,p6,suspect,2,v1
e-20260830-010837,e-20260830-010837-t005,e-20260830-010837-t005-c12,e-20260830-010837-t005-c12-s017,17,5,p5,ENTP,villager,villager,140,question|defend,p7|p6,p6,defend,2,v1
e-20260830-010837,e-20260830-010837-t005,e-20260830-010837-t005-c12,e-20260830-010837-t005-c12-s018,18,5,p7,ENTP,thief,thief,140,question|defend,p5|p6,p6,defend,2,v1
e-20260830-010837,e-20260830-010837-t005,e-20260830-010837-t005-c12,e-20260830-010837-t005-c12-s019,19,5,p1,ENTP,villager,villager,112,question,p7|p6,,,,v1
e-20260830-010837,e-20260830-010837-t005,e-20260830-010837-t005-c12,e-20260830-010837-t005-c12-s020,20,5,p3,ENTP,seer,seer,74,question,p7|p6,,,,v1
e-20260830-010837,e-20260830-010837-t005,e-20260830-010837-t005-c12,e-20260830-010837-t005-c12-s021,21,6,p8,ENTP,werewolf,werewolf,123,claim|suspect,p3|p6,p6,suspect,2,v1
e-20260830-010837,e-20260830-010837-t005,e-20260830-010837-t005-c12,e-20260830-010837-t005-c12-s022,22,6,p4,ENTP,villager,villager,148,agree|defend,p8|p6,p6,defend,1,v1
e-20260830-010837,e-20260830-010837-t005,e-20260830-010837-t005-c12,e-20260830-010837-t005-c12-s023,23,6,p6,ENTP,werewolf,werewolf,134,suspect|claim,p8|p6,,,,v1
e-20260830-010837,e-20260830-010837-t005,e-20260830-010837-t005-c12,e-20260830-010837-t005-c12-s024,24,6,p2,ENTP,villager,villager,100,agree,p6,p6,suspect,2,v1
e-20260830-010837,e-20260830-010837-t005,e-20260830-010837-t005-c12,e-20260830-010837-t005-c12-s025,25,6,p1,ENTP,villager,villager,135,suspect|agree,p6,p6,suspect,2,v1
e-20260830-010837,e-20260830-010837-t005,e-20260830-010837-t005-c13,e-20260830-010837-t005-c13-s001,1,1,p7,ESTJ,thief,thief,69,question,p1|p2|p3,,,,v1
e-20260830-010837,e-20260830-010837-t005,e-20260830-010837-t005-c13,e-20260830-010837-t005-c13-s002,2,1,p6,ESTJ,werewolf,werewolf,68,other,,,,,v1
e-20260830-010837,e-20260830-010837-t005,e-20260830-010837-t005-c13,e-20260830-010837-t005-c13-s003,3,1,p1,ESTJ,villager,villager,58,other,,,,,v1
e-20260830-010837,e-20260830-010837-t005,e-20260830-010837-t005-c13,e-20260830-010837-t005-c13-s004,4,1,p8,ESTJ,werewolf,werewolf,66,other,,,,,v1
e-20260830-010837,e-20260830-010837-t005,e-20260830-010837-t005-c13,e-20260830-010837-t005-c13-s005,5,1,p5,ESTJ,villager,villager,53,other,,,,,v1
e-20260830-010837,e-20260830-010837-t005,e-20260830-010837-t005-c13,e-20260830-010837-t005-c13-s006,6,1,p3,ESTJ,seer,seer,81,claim|suspect,p7,p7,suspect,2,v1
e-20260830-010837,e-20260830-010837-t005,e-20260830-010837-t005-c13,e-20260830-010837-t005-c13-s007,7,2,p6,ESTJ,werewolf,werewolf,85,question,p3,,,,v1
e-20260830-010837,e-20260830-010837-t005,e-20260830-010837-t005-c13,e-20260830-010837-t005-c13-s008,8,2,p3,ESTJ,seer,seer,71,claim|intent|suspect,p7,p7,suspect,2,v1
e-20260830-010837,e-20260830-010837-t005,e-20260830-010837-t005-c13,e-20260830-010837-t005-c13-s009,9,2,p5,ESTJ,villager,villager,72,intent,,,,,v1
e-20260830-010837,e-20260830-010837-t005,e-20260830-010837-t005-c13,e-20260830-010837-t005-c13-s010,10,2,p7,ESTJ,thief,thief,120,intent,p3,,,,v1
e-20260830-010837,e-20260830-010837-t005,e-20260830-010837-t005-c13,e-20260830-010837-t005-c13-s011,11,2,p1,ESTJ,villager,villager,64,other,,,,,v1
e-20260830-010837,e-20260830-010837-t005,e-20260830-010837-t005-c13,e-20260830-010837-t005-c13-s012,12,2,p2,ESTJ,villager,villager,151,intent|other,,,,,v1
e-20260830-010837,e-20260830-010837-t005,e-20260830-010837-t005-c13,e-20260830-010837-t005-c13-s013,13,2,p8,ESTJ,werewolf,werewolf,73,suspect|agree|intent,p3|p7,p7,suspect,2,v1
e-20260830-010837,e-20260830-010837-t005,e-20260830-010837-t005-c13,e-20260830-010837-t005-c13-s014,14,3,p2,ESTJ,villager,villager,139,other,,,,,v1
e-20260830-010837,e-20260830-010837-t005,e-20260830-010837-t005-c13,e-20260830-010837-t005-c13-s015,15,4,p3,ESTJ,seer,seer,113,claim|suspect,p7,p7,suspect,2,v1
e-20260830-010837,e-20260830-010837-t005,e-20260830-010837-t005-c13,e-20260830-010837-t005-c13-s016,16,4,p6,ESTJ,werewolf,werewolf,99,claim|agree|intent,p3|p7,,,,v1
e-20260830-010837,e-20260830-010837-t005,e-20260830-010837-t005-c13,e-20260830-010837-t005-c13-s017,17,4,p7,ESTJ,thief,thief,118,defend|rebut|intent,p3,,,,v1
e-20260830-010837,e-20260830-010837-t005,e-20260830-010837-t005-c13,e-20260830-010837-t005-c13-s018,18,5,p7,ESTJ,thief,thief,105,defend|intent,p3,,,,v1
e-20260830-010837,e-20260830-010837-t005,e-20260830-010837-t005-c13,e-20260830-010837-t005-c13-s019,19,5,p8,ESTJ,werewolf,werewolf,94,defend|agree|intent,p7|p3,p7,defend,1,v1
e-20260830-010837,e-20260830-010837-t005,e-20260830-010837-t005-c13,e-20260830-010837-t005-c13-s020,20,5,p6,ESTJ,werewolf,werewolf,126,defend|rebut|intent,p7,p7,defend,2,v1
e-20260830-010837,e-20260830-010837-t005,e-20260830-010837-t005-c14,e-20260830-010837-t005-c14-s001,1,1,p7,ESFJ,thief,thief,75,claim|defend|intent,p1,p1,defend,2,v1
e-20260830-010837,e-20260830-010837-t005,e-20260830-010837-t005-c14,e-20260830-010837-t005-c14-s002,2,1,p2,ESFJ,villager,villager,63,question,,,,,v1
e-20260830-010837,e-20260830-010837-t005,e-20260830-010837-t005-c14,e-20260830-010837-t005-c14-s003,3,1,p6,ESFJ,werewolf,werewolf,73,agree|defend,p7|p1,p1,defend,2,v1
e-20260830-010837,e-20260830-010837-t005,e-20260830-010837-t005-c14,e-20260830-010837-t005-c14-s004,4,1,p1,ESFJ,villager,villager,86,question,p7|p1|p6,,,,v1
e-20260830-010837,e-20260830-010837-t005,e-20260830-010837-t005-c14,e-20260830-010837-t005-c14-s005,5,1,p8,ESFJ,werewolf,werewolf,101,claim|agree|defend,p6|p1,p1,defend,2,v1
e-20260830-010837,e-20260830-010837-t005,e-20260830-010837-t005-c14,e-20260830-010837-t005-c14-s006,6,1,p3,ESFJ,seer,seer,108,hypothesis,p6|p1|p7|p8,p1,suspect,1,v1
e-20260830-010837,e-20260830-010837-t005,e-20260830-010837-t005-c14,e-20260830-010837-t005-c14-s007,7,2,p6,ESFJ,werewolf,werewolf,85,suspect|question,p7,p7,suspect,2,v1
e-20260830-010837,e-20260830-010837-t005,e-20260830-010837-t005-c14,e-20260830-010837-t005-c14-s008,8,2,p3,ESFJ,seer,seer,88,question,p7|p1,,,,v1
e-20260830-010837,e-20260830-010837-t005,e-20260830-010837-t005-c14,e-20260830-010837-t005-c14-s009,9,2,p5,ESFJ,villager,villager,129,hypothesis|question,p7|p1,p7,suspect,1,v1
e-20260830-010837,e-20260830-010837-t005,e-20260830-010837-t005-c14,e-20260830-010837-t005-c14-s010,10,2,p7,ESFJ,thief,thief,92,agree|claim|question|intent,p5|p1,,,,v1
e-20260830-010837,e-20260830-010837-t005,e-20260830-010837-t005-c14,e-20260830-010837-t005-c14-s011,11,2,p1,ESFJ,villager,villager,110,question|hypothesis,p7|p1,p7,suspect,1,v1
e-20260830-010837,e-20260830-010837-t005,e-20260830-010837-t005-c14,e-20260830-010837-t005-c14-s012,12,2,p8,ESFJ,werewolf,werewolf,102,claim|other,p1|p7,,,,v1
e-20260830-010837,e-20260830-010837-t005,e-20260830-010837-t005-c14,e-20260830-010837-t005-c14-s013,13,3,p5,ESFJ,villager,villager,126,claim|suspect|question,p7|p1,p7,suspect,2,v1
e-20260830-010837,e-20260830-010837-t005,e-20260830-010837-t005-c14,e-20260830-010837-t005-c14-s014,14,4,p3,ESFJ,seer,seer,123,agree|claim|rebut|intent,p5|p7,,,,v1
e-20260830-010837,e-20260830-010837-t005,e-20260830-010837-t005-c14,e-20260830-010837-t005-c14-s015,15,5,p3,ESFJ,seer,seer,166,claim|hypothesis|intent,p7|p1|p6,p1,defend,1,v1
e-20260830-010837,e-20260830-010837-t005,e-20260830-010837-t005-c14,e-20260830-010837-t005-c14-s016,16,6,p7,ESFJ,thief,thief,125,agree|claim|intent,p3|p1|p6,p1,defend,1,v1
e-20260830-010837,e-20260830-010837-t005,e-20260830-010837-t005-c14,e-20260830-010837-t005-c14-s017,17,6,p4,ESFJ,villager,villager,109,agree|hypothesis|suspect,p3|p7,p7,suspect,1,v1
e-20260830-010837,e-20260830-010837-t005,e-20260830-010837-t005-c14,e-20260830-010837-t005-c14-s018,18,6,p2,ESFJ,villager,villager,114,rebut|suspect,p7,p7,suspect,2,v1
e-20260830-010837,e-20260830-010837-t005,e-20260830-010837-t005-c14,e-20260830-010837-t005-c14-s019,19,6,p5,ESFJ,villager,villager,138,agree|hypothesis|intent,p2|p7,p7,suspect,1,v1
e-20260830-010837,e-20260830-010837-t005,e-20260830-010837-t005-c14,e-20260830-010837-t005-c14-s020,20,6,p1,ESFJ,villager,villager,78,hypothesis|intent,p7,p7,suspect,1,v1
e-20260830-010837,e-20260830-010837-t005,e-20260830-010837-t005-c15,e-20260830-010837-t005-c15-s001,1,1,p7,ENFJ,thief,thief,106,claim|intent,p1,p1,defend,1,v1
e-20260830-010837,e-20260830-010837-t005,e-20260830-010837-t005-c15,e-20260830-010837-t005-c15-s002,2,1,p6,ENFJ,werewolf,werewolf,83,agree|intent,p7|p1,p1,defend,1,v1
e-20260830-010837,e-20260830-010837-t005,e-20260830-010837-t005-c15,e-20260830-010837-t005-c15-s003,3,1,p1,ENFJ,villager,villager,67,intent,,,,,v1
e-20260830-010837,e-20260830-010837-t005,e-20260830-010837-t005-c15,e-20260830-010837-t005-c15-s004,4,1,p8,ENFJ,werewolf,werewolf,112,defend|intent,p7|p1,p7,defend,2,v1
e-20260830-010837,e-20260830-010837-t005,e-20260830-010837-t005-c15,e-20260830-010837-t005-c15-s005,5,1,p5,ENFJ,villager,villager,90,suspect|intent,p7|p8,p8,suspect,1,v1
e-20260830-010837,e-20260830-010837-t005,e-20260830-010837-t005-c15,e-20260830-010837-t005-c15-s006,6,1,p3,ENFJ,seer,seer,93,claim|defend,p7|p1,p1,defend,3,v1
e-20260830-010837,e-20260830-010837-t005,e-20260830-010837-t005-c15,e-20260830-010837-t005-c15-s007,7,2,p6,ENFJ,werewolf,werewolf,129,agree|rebut|defend,p3|p1,p1,defend,1,v1
e-20260830-010837,e-20260830-010837-t005,e-20260830-010837-t005-c15,e-20260830-010837-t005-c15-s008,8,2,p3,ENFJ,seer,seer,93,defend|intent,p1,p1,defend,3,v1
e-20260830-010837,e-20260830-010837-t005,e-20260830-010837-t005-c15,e-20260830-010837-t005-c15-s009,9,2,p7,ENFJ,thief,thief,128,agree|defend|question,p3|p1,p1,defend,2,v1
e-20260830-010837,e-20260830-010837-t005,e-20260830-010837-t005-c15,e-20260830-010837-t005-c15-s010,10,2,p8,ENFJ,werewolf,werewolf,131,agree|defend|question,p3|p1,p1,defend,2,v1
e-20260830-010837,e-20260830-010837-t005,e-20260830-010837-t005-c15,e-20260830-010837-t005-c15-s011,11,3,p2,ENFJ,villager,villager,100,question|claim,p8,,,,v1
e-20260830-010837,e-20260830-010837-t005,e-20260830-010837-t005-c15,e-20260830-010837-t005-c15-s012,12,4,p3,ENFJ,seer,seer,100,question|suspect,p8|p1,p1,suspect,1,v1
e-20260830-010837,e-20260830-010837-t005,e-20260830-010837-t005-c15,e-20260830-010837-t005-c15-s013,13,4,p8,ENFJ,werewolf,werewolf,130,claim|suspect,p3|p1|p5,p5,suspect,1,v1
e-20260830-010837,e-20260830-010837-t005,e-20260830-010837-t005-c16,e-20260830-010837-t005-c16-s001,1,1,p7,ENTJ,thief,thief,92,claim|question,,,,,v1
e-20260830-010837,e-20260830-010837-t005,e-20260830-010837-t005-c16,e-20260830-010837-t005-c16-s002,2,1,p2,ENTJ,villager,villager,48,question,,,,,v1
e-20260830-010837,e-20260830-010837-t005,e-20260830-010837-t005-c16,e-20260830-010837-t005-c16-s003,3,1,p6,ENTJ,werewolf,werewolf,81,claim|question,p8,,,,v1
e-20260830-010837,e-20260830-010837-t005,e-20260830-010837-t005-c16,e-20260830-010837-t005-c16-s004,4,1,p1,ENTJ,villager,villager,113,claim|question,p8,,,,v1
e-20260830-010837,e-20260830-010837-t005,e-20260830-010837-t005-c16,e-20260830-010837-t005-c16-s005,5,1,p8,ENTJ,werewolf,werewolf,65,question,,,,,v1
e-20260830-010837,e-20260830-010837-t005,e-20260830-010837-t005-c16,e-20260830-010837-t005-c16-s006,6,1,p3,ENTJ,seer,seer,70,question,,,,,v1
e-20260830-010837,e-20260830-010837-t005,e-20260830-010837-t005-c16,e-20260830-010837-t005-c16-s007,7,2,p6,ENTJ,werewolf,werewolf,73,question|claim,p8,,,,v1
e-20260830-010837,e-20260830-010837-t005,e-20260830-010837-t005-c16,e-20260830-010837-t005-c16-s008,8,2,p3,ENTJ,seer,seer,126,claim|hypothesis,p7|p8,,,,v1
e-20260830-010837,e-20260830-010837-t005,e-20260830-010837-t005-c16,e-20260830-010837-t005-c16-s009,9,2,p5,ENTJ,villager,villager,96,question,,,,,v1
e-20260830-010837,e-20260830-010837-t005,e-20260830-010837-t005-c16,e-20260830-010837-t005-c16-s010,10,2,p7,ENTJ,thief,thief,76,question,,,,,v1
e-20260830-010837,e-20260830-010837-t005,e-20260830-010837-t005-c16,e-20260830-010837-t005-c16-s011,11,2,p8,ENTJ,werewolf,werewolf,83,question|suspect,p6,p6,suspect,2,v1
e-20260830-010837,e-20260830-010837-t006,e-20260830-010837-t006-c00,e-20260830-010837-t006-c00-s001,1,1,p6,ISTJ,thief,thief,99,claim|defend,p1,p1,defend,2,v1
e-20260830-010837,e-20260830-010837-t006,e-20260830-010837-t006-c00,e-20260830-010837-t006-c00-s002,2,1,p3,ENTP,seer,seer,89,claim|defend|question,p1,p1,defend,2,v1
e-20260830-010837,e-20260830-010837-t006,e-20260830-010837-t006-c00,e-20260830-010837-t006-c00-s003,3,1,p1,ESFP,villager,villager,72,claim,,,,,v1
e-20260830-010837,e-20260830-010837-t006,e-20260830-010837-t006-c00,e-20260830-010837-t006-c00-s004,4,1,p2,ISTP,werewolf,werewolf,98,claim|intent,p6|p3|p1|p4|p5|p7,,,,v1
e-20260830-010837,e-20260830-010837-t006,e-20260830-010837-t006-c00,e-20260830-010837-t006-c00-s005,5,1,p7,ESFP,werewolf,werewolf,84,claim,,,,,v1
e-20260830-010837,e-20260830-010837-t006,e-20260830-010837-t006-c00,e-20260830-010837-t006-c00-s006,6,1,p8,ESTJ,villager,villager,82,suspect,p6|p1,p6,suspect,2,v1
e-20260830-010837,e-20260830-010837-t006,e-20260830-010837-t006-c00,e-20260830-010837-t006-c00-s007,7,1,p5,ENTP,villager,villager,79,suspect,p6,p6,suspect,1,v1
e-20260830-010837,e-20260830-010837-t006,e-20260830-010837-t006-c00,e-20260830-010837-t006-c00-s008,8,1,p4,INFP,villager,villager,74,suspect,p6,p6,suspect,1,v1
e-20260830-010837,e-20260830-010837-t006,e-20260830-010837-t006-c00,e-20260830-010837-t006-c00-s009,9,2,p1,ESFP,villager,villager,97,suspect,p6,p6,suspect,1,v1
e-20260830-010837,e-20260830-010837-t006,e-20260830-010837-t006-c00,e-20260830-010837-t006-c00-s010,10,2,p8,ESTJ,villager,villager,74,question|suspect,p6|p1,p6,suspect,1,v1
e-20260830-010837,e-20260830-010837-t006,e-20260830-010837-t006-c00,e-20260830-010837-t006-c00-s011,11,2,p6,ISTJ,thief,thief,122,claim|hypothesis,p1|p8,,,,v1
e-20260830-010837,e-20260830-010837-t006,e-20260830-010837-t006-c00,e-20260830-010837-t006-c00-s012,12,2,p7,ESFP,werewolf,werewolf,122,question|hypothesis,p6,p6,suspect,1,v1
e-20260830-010837,e-20260830-010837-t006,e-20260830-010837-t006-c00,e-20260830-010837-t006-c00-s013,13,2,p3,ENTP,seer,seer,151,rebut|defend,p6,p6,defend,2,v1
e-20260830-010837,e-20260830-010837-t006,e-20260830-010837-t006-c00,e-20260830-010837-t006-c00-s014,14,2,p2,ISTP,werewolf,werewolf,129,rebut|suspect|question,p3|p6,p6,suspect,2,v1
e-20260830-010837,e-20260830-010837-t006,e-20260830-010837-t006-c00,e-20260830-010837-t006-c00-s015,15,3,p5,ENTP,villager,villager,143,agree|suspect|hypothesis|question,p2|p6|p1,p6,suspect,2,v1
e-20260830-010837,e-20260830-010837-t006,e-20260830-010837-t006-c00,e-20260830-010837-t006-c00-s016,16,4,p7,ESFP,werewolf,werewolf,180,agree|suspect|hypothesis,p5|p2|p6|p1,p6,suspect,2,v1
e-20260830-010837,e-20260830-010837-t006,e-20260830-010837-t006-c00,e-20260830-010837-t006-c00-s017,17,4,p6,ISTJ,thief,thief,111,agree|intent|suspect,p2|p5|p7|p1,p1,suspect,2,v1
e-20260830-010837,e-20260830-010837-t006,e-20260830-010837-t006-c00,e-20260830-010837-t006-c00-s018,18,4,p2,ISTP,werewolf,werewolf,86,question|suspect,p6|p1,p1,suspect,1,v1
e-20260830-010837,e-20260830-010837-t006,e-20260830-010837-t006-c00,e-20260830-010837-t006-c00-s019,19,5,p2,ISTP,werewolf,werewolf,126,question|suspect,p6|p1,p1,suspect,1,v1
e-20260830-010837,e-20260830-010837-t006,e-20260830-010837-t006-c01,e-20260830-010837-t006-c01-s001,1,1,p6,ISTJ,thief,thief,99,claim,p1,p1,defend,2,v1
e-20260830-010837,e-20260830-010837-t006,e-20260830-010837-t006-c01,e-20260830-010837-t006-c01-s002,2,1,p3,ISTJ,seer,seer,66,claim,p1,p1,defend,2,v1
e-20260830-010837,e-20260830-010837-t006,e-20260830-010837-t006-c01,e-20260830-010837-t006-c01-s003,3,1,p1,ISTJ,villager,villager,51,claim,,,,,v1
e-20260830-010837,e-20260830-010837-t006,e-20260830-010837-t006-c01,e-20260830-010837-t006-c01-s004,4,1,p2,ISTJ,werewolf,werewolf,71,claim|defend,p7,p7,defend,3,v1
e-20260830-010837,e-20260830-010837-t006,e-20260830-010837-t006-c01,e-20260830-010837-t006-c01-s005,5,1,p7,ISTJ,werewolf,werewolf,80,claim|agree|defend,p2,p2,defend,3,v1
e-20260830-010837,e-20260830-010837-t006,e-20260830-010837-t006-c01,e-20260830-010837-t006-c01-s006,6,2,p6,ISTJ,thief,thief,114,claim|suspect,p1|p2|p7,p7,suspect,3,v1
e-20260830-010837,e-20260830-010837-t006,e-20260830-010837-t006-c01,e-20260830-010837-t006-c01-s007,7,2,p7,ISTJ,werewolf,werewolf,82,question|intent,p2,p2,defend,2,v1
e-20260830-010837,e-20260830-010837-t006,e-20260830-010837-t006-c01,e-20260830-010837-t006-c01-s008,8,2,p3,ISTJ,seer,seer,76,claim,,,,,v1
e-20260830-010837,e-20260830-010837-t006,e-20260830-010837-t006-c01,e-20260830-010837-t006-c01-s009,9,2,p2,ISTJ,werewolf,werewolf,80,claim|suspect|intent,p7|p6,p6,suspect,2,v1
e-20260830-010837,e-20260830-010837-t006,e-20260830-010837-t006-c02,e-20260830-010837-t006-c02-s001,1,1,p6,ISFJ,thief,thief,59,claim,p1,p1,defend,1,v1
e-20260830-010837,e-20260830-010837-t006,e-20260830-010837-t006-c02,e-20260830-010837-t006-c02-s002,2,1,p3,ISFJ,seer,seer,82,claim,p1,p1,defend,1,v1
e-20260830-010837,e-20260830-010837-t006,e-20260830-010837-t006-c02,e-20260830-010837-t006-c02-s003,3,1,p2,ISFJ,werewolf,werewolf,78,claim,p7,p7,defend,2,v1
e-20260830-010837,e-20260830-010837-t006,e-20260830-010837-t006-c02,e-20260830-010837-t006-c02-s004,4,1,p7,ISFJ,werewolf,werewolf,80,claim,,,,,v1
e-20260830-010837,e-20260830-010837-t006,e-20260830-010837-t006-c02,e-20260830-010837-t006-c02-s005,5,2,p6,ISFJ,thief,thief,80,claim,,,,,v1
e-20260830-010837,e-20260830-010837-t006,e-20260830-010837-t006-c02,e-20260830-010837-t006-c02-s006,6,2,p7,ISFJ,werewolf,werewolf,82,claim,,,,,v1
e-20260830-010837,e-20260830-010837-t006,e-20260830-010837-t006-c02,e-20260830-010837-t006-c02-s007,7,2,p3,ISFJ,seer,seer,116,claim,p1|p6,p1,defend,2,v1
e-20260830-010837,e-20260830-010837-t006,e-20260830-010837-t006-c02,e-20260830-010837-t006-c02-s008,8,2,p2,ISFJ,werewolf,werewolf,80,claim,p7,p7,defend,2,v1
e-20260830-010837,e-20260830-010837-t006,e-20260830-010837-t006-c02,e-20260830-010837-t006-c02-s009,9,2,p5,ISFJ,villager,villager,83,intent,,,,,v1
e-20260830-010837,e-20260830-010837-t006,e-20260830-010837-t006-c02,e-20260830-010837-t006-c02-s010,10,3,p5,ISFJ,villager,villager,115,intent|hypothesis|question,,,,,v1
e-20260830-010837,e-20260830-010837-t006,e-20260830-010837-t006-c02,e-20260830-010837-t006-c02-s011,11,3,p1,ISFJ,villager,villager,87,intent|question,,,,,v1
e-20260830-010837,e-20260830-010837-t006,e-20260830-010837-t006-c02,e-20260830-010837-t006-c02-s012,12,3,p8,ISFJ,villager,villager,106,intent|other,p3|p7,,,,v1
e-20260830-010837,e-20260830-010837-t006,e-20260830-010837-t006-c02,e-20260830-010837-t006-c02-s013,13,4,p7,ISFJ,werewolf,werewolf,138,claim|suspect|defend,p2|p1|p5,p2,suspect,2,v1
e-20260830-010837,e-20260830-010837-t006,e-20260830-010837-t006-c02,e-20260830-010837-t006-c02-s014,14,4,p6,ISFJ,thief,thief,98,claim|hypothesis|suspect,p1,p1,suspect,1,v1
e-20260830-010837,e-20260830-010837-t006,e-20260830-010837-t006-c03,e-20260830-010837-t006-c03-s001,1,1,p6,INFJ,thief,thief,62,claim|intent,,,,,v1
e-20260830-010837,e-20260830-010837-t006,e-20260830-010837-t006-c03,e-20260830-010837-t006-c03-s002,2,1,p2,INFJ,werewolf,werewolf,59,claim|hypothesis,p7,,,,v1
e-20260830-010837,e-20260830-010837-t006,e-20260830-010837-t006-c03,e-20260830-010837-t006-c03-s003,3,1,p7,INFJ,werewolf,werewolf,84,hypothesis|claim,p6,,,,v1
e-20260830-010837,e-20260830-010837-t006,e-20260830-010837-t006-c03,e-20260830-010837-t006-c03-s004,4,2,p6,INFJ,thief,thief,59,claim|hypothesis|intent,,,,,v1
e-20260830-010837,e-20260830-010837-t006,e-20260830-010837-t006-c03,e-20260830-010837-t006-c03-s005,5,2,p7,INFJ,werewolf,werewolf,98,agree|hypothesis|claim,p2,,,,v1
e-20260830-010837,e-20260830-010837-t006,e-20260830-010837-t006-c03,e-20260830-010837-t006-c03-s006,6,2,p2,INFJ,werewolf,werewolf,96,agree|hypothesis|claim,p7|p2,,,,v1
e-20260830-010837,e-20260830-010837-t006,e-20260830-010837-t006-c04,e-20260830-010837-t006-c04-s001,1,1,p6,INTJ,thief,thief,57,defend|intent,p1,p1,defend,1,v1
e-20260830-010837,e-20260830-010837-t006,e-20260830-010837-t006-c04,e-20260830-010837-t006-c04-s002,2,1,p3,INTJ,seer,seer,70,claim|defend,p1,p1,defend,1,v1
e-20260830-010837,e-20260830-010837-t006,e-20260830-010837-t006-c04,e-20260830-010837-t006-c04-s003,3,1,p2,INTJ,werewolf,werewolf,97,claim|intent,,,,,v1
e-20260830-010837,e-20260830-010837-t006,e-20260830-010837-t006-c04,e-20260830-010837-t006-c04-s004,4,1,p7,INTJ,werewolf,werewolf,79,claim|intent,,,,,v1
e-20260830-010837,e-20260830-010837-t006,e-20260830-010837-t006-c04,e-20260830-010837-t006-c04-s005,5,2,p6,INTJ,thief,thief,70,claim|intent,,,,,v1
e-20260830-010837,e-20260830-010837-t006,e-20260830-010837-t006-c04,e-20260830-010837-t006-c04-s006,6,2,p7,INTJ,werewolf,werewolf,87,claim|intent,,,,,v1
e-20260830-010837,e-20260830-010837-t006,e-20260830-010837-t006-c04,e-20260830-010837-t006-c04-s007,7,2,p3,INTJ,seer,seer,94,claim|defend,p1,p1,defend,3,v1
e-20260830-010837,e-20260830-010837-t006,e-20260830-010837-t006-c04,e-20260830-010837-t006-c04-s008,8,2,p2,INTJ,werewolf,werewolf,101,agree|defend|intent,p3|p1,p1,defend,2,v1
e-20260830-010837,e-20260830-010837-t006,e-20260830-010837-t006-c04,e-20260830-010837-t006-c04-s009,9,3,p4,INTJ,villager,villager,101,claim|agree|intent,p3|p1,p1,defend,1,v1
e-20260830-010837,e-20260830-010837-t006,e-20260830-010837-t006-c04,e-20260830-010837-t006-c04-s010,10,4,p7,INTJ,werewolf,werewolf,136,claim|agree|intent,p3|p2|p1,p1,defend,1,v1
e-20260830-010837,e-20260830-010837-t006,e-20260830-010837-t006-c04,e-20260830-010837-t006-c04-s011,11,4,p1,INTJ,villager,villager,101,claim|intent,,,,,v1
e-20260830-010837,e-20260830-010837-t006,e-20260830-010837-t006-c04,e-20260830-010837-t006-c04-s012,12,4,p6,INTJ,thief,thief,90,agree|intent,p3|p1,p1,defend,1,v1
e-20260830-010837,e-20260830-010837-t006,e-20260830-010837-t006-c04,e-20260830-010837-t006-c04-s013,13,4,p3,INTJ,seer,seer,109,suspect|hypothesis,p1,p1,suspect,2,v1
e-20260830-010837,e-20260830-010837-t006,e-20260830-010837-t006-c04,e-20260830-010837-t006-c04-s014,14,5,p6,INTJ,thief,thief,110,agree|suspect|intent,p3|p1,p1,suspect,2,v1
e-20260830-010837,e-20260830-010837-t006,e-20260830-010837-t006-c04,e-20260830-010837-t006-c04-s015,15,5,p3,INTJ,seer,seer,78,claim|intent,p3|p1,p1,defend,1,v1
e-20260830-010837,e-20260830-010837-t006,e-20260830-010837-t006-c05,e-20260830-010837-t006-c05-s001,1,1,p6,ISTP,thief,thief,60,claim|intent,,,,,v1
e-20260830-010837,e-20260830-010837-t006,e-20260830-010837-t006-c05,e-20260830-010837-t006-c05-s002,2,1,p2,ISTP,werewolf,werewolf,52,claim|intent,p7,p7,suspect,1,v1
e-20260830-010837,e-20260830-010837-t006,e-20260830-010837-t006-c05,e-20260830-010837-t006-c05-s003,3,1,p7,ISTP,werewolf,werewolf,82,agree|intent,p6|p1,,,,v1
e-20260830-010837,e-20260830-010837-t006,e-20260830-010837-t006-c05,e-20260830-010837-t006-c05-s004,4,2,p6,ISTP,thief,thief,59,agree|defend|hypothesis,p1,p1,defend,2,v1
e-20260830-010837,e-20260830-010837-t006,e-20260830-010837-t006-c05,e-20260830-010837-t006-c05-s005,5,2,p7,ISTP,werewolf,werewolf,66,agree|defend|claim|intent,p1,p1,defend,2,v1
e-20260830-010837,e-20260830-010837-t006,e-20260830-010837-t006-c05,e-20260830-010837-t006-c05-s006,6,2,p3,ISTP,seer,seer,59,agree|defend|hypothesis,p1,p1,defend,2,v1
e-20260830-010837,e-20260830-010837-t006,e-20260830-010837-t006-c05,e-20260830-010837-t006-c05-s007,7,2,p2,ISTP,werewolf,werewolf,54,agree|defend|claim|intent,p1,p1,defend,2,v1
e-20260830-010837,e-20260830-010837-t006,e-20260830-010837-t006-c05,e-20260830-010837-t006-c05-s008,8,3,p3,ISTP,seer,seer,96,agree|defend|hypothesis|intent|suspect,p1,p1,defend,2,v1
e-20260830-010837,e-20260830-010837-t006,e-20260830-010837-t006-c05,e-20260830-010837-t006-c05-s009,9,4,p7,ISTP,werewolf,werewolf,62,defend|agree|intent,p1,p1,defend,2,v1
e-20260830-010837,e-20260830-010837-t006,e-20260830-010837-t006-c05,e-20260830-010837-t006-c05-s010,10,4,p6,ISTP,thief,thief,69,agree|intent,p1,p1,defend,1,v1
e-20260830-010837,e-20260830-010837-t006,e-20260830-010837-t006-c05,e-20260830-010837-t006-c05-s011,11,4,p2,ISTP,werewolf,werewolf,83,defend|agree|intent,p1,p1,defend,2,v1
e-20260830-010837,e-20260830-010837-t006,e-20260830-010837-t006-c05,e-20260830-010837-t006-c05-s012,12,5,p2,ISTP,werewolf,werewolf,68,defend|agree|intent,p1,p1,defend,2,v1
e-20260830-010837,e-20260830-010837-t006,e-20260830-010837-t006-c05,e-20260830-010837-t006-c05-s013,13,5,p7,ISTP,werewolf,werewolf,111,defend|agree|intent,p1,p1,defend,2,v1
e-20260830-010837,e-20260830-010837-t006,e-20260830-010837-t006-c05,e-20260830-010837-t006-c05-s014,14,5,p6,ISTP,thief,thief,86,agree|question|intent,p1,,,,v1
e-20260830-010837,e-20260830-010837-t006,e-20260830-010837-t006-c05,e-20260830-010837-t006-c05-s015,15,5,p5,ISTP,villager,villager,65,question,p1,,,,v1
e-20260830-010837,e-20260830-010837-t006,e-20260830-010837-t006-c05,e-20260830-010837-t006-c05-s016,16,5,p3,ISTP,seer,seer,65,question,p1,,,,v1
e-20260830-010837,e-20260830-010837-t006,e-20260830-010837-t006-c06,e-20260830-010837-t006-c06-s001,1,1,p6,ISFP,thief,thief,63,claim|defend|intent,p1,p1,defend,2,v1
e-20260830-010837,e-20260830-010837-t006,e-20260830-010837-t006-c06,e-20260830-010837-t006-c06-s002,2,1,p2,ISFP,werewolf,werewolf,46,claim|defend|intent,p7,p7,defend,1,v1
e-20260830-010837,e-20260830-010837-t006,e-20260830-010837-t006-c06,e-20260830-010837-t006-c06-s003,3,1,p7,ISFP,werewolf,werewolf,78,claim|defend|intent|question,p2,p2,defend,1,v1
e-20260830-010837,e-20260830-010837-t006,e-20260830-010837-t006-c06,e-20260830-010837-t006-c06-s004,4,2,p6,ISFP,thief,thief,73,claim|defend|intent,p1,p1,defend,1,v1
e-20260830-010837,e-20260830-010837-t006,e-20260830-010837-t006-c06,e-20260830-010837-t006-c06-s005,5,2,p7,ISFP,werewolf,werewolf,78,claim|defend|intent|question,p2,p2,defend,1,v1
e-20260830-010837,e-20260830-010837-t006,e-20260830-010837-t006-c06,e-20260830-010837-t006-c06-s006,6,2,p3,ISFP,seer,seer,97,claim|defend|intent,p1,p1,defend,2,v1
e-20260830-010837,e-20260830-010837-t006,e-20260830-010837-t006-c06,e-20260830-010837-t006-c06-s007,7,2,p2,ISFP,werewolf,werewolf,83,claim|defend|intent|question,p7,p7,defend,1,v1
e-20260830-010837,e-20260830-010837-t006,e-20260830-010837-t006-c06,e-20260830-010837-t006-c06-s008,8,3,p3,ISFP,seer,seer,96,claim|defend|intent,p1,p1,defend,2,v1
e-20260830-010837,e-20260830-010837-t006,e-20260830-010837-t006-c06,e-20260830-010837-t006-c06-s009,9,4,p7,ISFP,werewolf,werewolf,80,claim|question|defend,p2|p6,p2,defend,2,v1
e-20260830-010837,e-20260830-010837-t006,e-20260830-010837-t006-c06,e-20260830-010837-t006-c06-s010,10,4,p2,ISFP,werewolf,werewolf,81,claim|question|defend,p7,p7,defend,2,v1
e-20260830-010837,e-20260830-010837-t006,e-20260830-010837-t006-c06,e-20260830-010837-t006-c06-s011,11,5,p2,ISFP,werewolf,werewolf,83,claim|question|defend,p7,p7,defend,2,v1
e-20260830-010837,e-20260830-010837-t006,e-20260830-010837-t006-c06,e-20260830-010837-t006-c06-s012,12,5,p7,ISFP,werewolf,werewolf,101,claim|defend|hypothesis,p2|p6|p1,p2,defend,2,v1
e-20260830-010837,e-20260830-010837-t006,e-20260830-010837-t006-c06,e-20260830-010837-t006-c06-s013,13,5,p6,ISFP,thief,thief,147,agree|claim|defend|intent,p7|p1|p2|p6,p2,defend,2,v1
e-20260830-010837,e-20260830-010837-t006,e-20260830-010837-t006-c06,e-20260830-010837-t006-c06-s014,14,5,p3,ISFP,seer,seer,143,agree|claim|defend|intent,p6|p1|p2,p2,defend,2,v1
e-20260830-010837,e-20260830-010837-t006,e-20260830-010837-t006-c06,e-20260830-010837-t006-c06-s015,15,6,p6,ISFP,thief,thief,156,suspect|claim|intent,p1|p2|p6,p1,suspect,3,v1
e-20260830-010837,e-20260830-010837-t006,e-20260830-010837-t006-c07,e-20260830-010837-t006-c07-s001,1,1,p6,INFP,thief,thief,55,defend|intent,p1,p1,defend,1,v1
e-20260830-010837,e-20260830-010837-t006,e-20260830-010837-t006-c07,e-20260830-010837-t006-c07-s002,2,1,p3,INFP,seer,seer,100,claim|defend,p1,p1,defend,2,v1
e-20260830-010837,e-20260830-010837-t006,e-20260830-010837-t006-c07,e-20260830-010837-t006-c07-s003,3,1,p1,INFP,villager,villager,89,claim|intent,,,,,v1
e-20260830-010837,e-20260830-010837-t006,e-20260830-010837-t006-c07,e-20260830-010837-t006-c07-s004,4,1,p2,INFP,werewolf,werewolf,69,intent,,,,,v1
e-20260830-010837,e-20260830-010837-t006,e-20260830-010837-t006-c07,e-20260830-010837-t006-c07-s005,5,1,p7,INFP,werewolf,werewolf,92,claim|defend|intent,p2,p2,defend,2,v1
e-20260830-010837,e-20260830-010837-t006,e-20260830-010837-t006-c07,e-20260830-010837-t006-c07-s006,6,2,p6,INFP,thief,thief,122,claim|defend|intent,p1,p1,defend,2,v1
e-20260830-010837,e-20260830-010837-t006,e-20260830-010837-t006-c07,e-20260830-010837-t006-c07-s007,7,2,p7,INFP,werewolf,werewolf,115,claim|defend|hypothesis|intent,p2,p2,defend,2,v1
e-20260830-010837,e-20260830-010837-t006,e-20260830-010837-t006-c07,e-20260830-010837-t006-c07-s008,8,2,p3,INFP,seer,seer,67,suspect|defend,p2|p7,p7,suspect,3,v1
e-20260830-010837,e-20260830-010837-t006,e-20260830-010837-t006-c07,e-20260830-010837-t006-c07-s009,9,2,p2,INFP,werewolf,werewolf,132,suspect|intent|claim,p7,p7,suspect,3,v1
e-20260830-010837,e-20260830-010837-t006,e-20260830-010837-t006-c07,e-20260830-010837-t006-c07-s010,10,3,p1,INFP,villager,villager,94,suspect|question|hypothesis,p7|p2,p7,suspect,2,v1
e-20260830-010837,e-20260830-010837-t006,e-20260830-010837-t006-c07,e-20260830-010837-t006-c07-s011,11,3,p8,INFP,villager,villager,195,defend|rebut|suspect,p1|p2,p2,suspect,1,v1
e-20260830-010837,e-20260830-010837-t006,e-20260830-010837-t006-c07,e-20260830-010837-t006-c07-s012,12,4,p3,INFP,seer,seer,137,claim|suspect|defend,p8|p2|p7,p7,suspect,3,v1
e-20260830-010837,e-20260830-010837-t006,e-20260830-010837-t006-c07,e-20260830-010837-t006-c07-s013,13,4,p8,INFP,villager,villager,105,agree|claim|intent,p3|p2|p7,p2,defend,2,v1
e-20260830-010837,e-20260830-010837-t006,e-20260830-010837-t006-c08,e-20260830-010837-t006-c08-s001,1,1,p6,INTP,thief,thief,92,claim|intent,,,,,v1
e-20260830-010837,e-20260830-010837-t006,e-20260830-010837-t006-c08,e-20260830-010837-t006-c08-s002,2,1,p3,INTP,seer,seer,92,claim|intent,,,,,v1
e-20260830-010837,e-20260830-010837-t006,e-20260830-010837-t006-c08,e-20260830-010837-t006-c08-s003,3,1,p2,INTP,werewolf,werewolf,82,intent,,,,,v1
e-20260830-010837,e-20260830-010837-t006,e-20260830-010837-t006-c08,e-20260830-010837-t006-c08-s004,4,1,p7,INTP,werewolf,werewolf,80,claim|intent,,,,,v1
e-20260830-010837,e-20260830-010837-t006,e-20260830-010837-t006-c08,e-20260830-010837-t006-c08-s005,5,1,p8,INTP,villager,villager,84,question,,,,,v1
e-20260830-010837,e-20260830-010837-t006,e-20260830-010837-t006-c08,e-20260830-010837-t006-c08-s006,6,1,p5,INTP,villager,villager,81,intent,,,,,v1
e-20260830-010837,e-20260830-010837-t006,e-20260830-010837-t006-c08,e-20260830-010837-t006-c08-s007,7,1,p4,INTP,villager,villager,78,intent,,,,,v1
e-20260830-010837,e-20260830-010837-t006,e-20260830-010837-t006-c08,e-20260830-010837-t006-c08-s008,8,2,p1,INTP,villager,villager,111,question,,,,,v1
e-20260830-010837,e-20260830-010837-t006,e-20260830-010837-t006-c08,e-20260830-010837-t006-c08-s009,9,2,p8,INTP,villager,villager,83,other,p6,,,,v1
e-20260830-010837,e-20260830-010837-t006,e-20260830-010837-t006-c08,e-20260830-010837-t006-c08-s010,10,2,p6,INTP,thief,thief,93,hypothesis,p1,,,,v1
e-20260830-010837,e-20260830-010837-t006,e-20260830-010837-t006-c08,e-20260830-010837-t006-c08-s011,11,2,p7,INTP,werewolf,werewolf,106,intent,p1,,,,v1
e-20260830-010837,e-20260830-010837-t006,e-20260830-010837-t006-c08,e-20260830-010837-t006-c08-s012,12,2,p3,INTP,seer,seer,105,question|hypothesis,p1,,,,v1
e-20260830-010837,e-20260830-010837-t006,e-20260830-010837-t006-c08,e-20260830-010837-t006-c08-s013,13,2,p2,INTP,werewolf,werewolf,136,agree|rebut|intent,p3,,,,v1
e-20260830-010837,e-20260830-010837-t006,e-20260830-010837-t006-c09,e-20260830-010837-t006-c09-s001,1,1,p6,ESTP,thief,thief,72,claim|question,p1|p3,p1,defend,2,v1
e-20260830-010837,e-20260830-010837-t006,e-20260830-010837-t006-c09,e-20260830-010837-t006-c09-s002,2,1,p1,ESTP,villager,villager,110,rebut|intent,p6,,,,v1
e-20260830-010837,e-20260830-010837-t006,e-20260830-010837-t006-c09,e-20260830-010837-t006-c09-s003,3,1,p2,ESTP,werewolf,werewolf,72,claim|intent|question,p6|p7,,,,v1
e-20260830-010837,e-20260830-010837-t006,e-20260830-010837-t006-c09,e-20260830-010837-t006-c09-s004,4,1,p7,ESTP,werewolf,werewolf,98,agree|intent|question,p6|p1|p2|p3,,,,v1
e-20260830-010837,e-20260830-010837-t006,e-20260830-010837-t006-c09,e-20260830-010837-t006-c09-s005,5,1,p8,ESTP,villager,villager,98,agree|intent,p6|p1|p3,,,,v1
e-20260830-010837,e-20260830-010837-t006,e-20260830-010837-t006-c09,e-20260830-010837-t006-c09-s006,6,1,p5,ESTP,villager,villager,102,agree|intent|question,p6|p1|p3,,,,v1
e-20260830-010837,e-20260830-010837-t006,e-20260830-010837-t006-c09,e-20260830-010837-t006-c09-s007,7,1,p4,ESTP,villager,villager,80,intent,,,,,v1
e-20260830-010837,e-20260830-010837-t006,e-20260830-010837-t006-c09,e-20260830-010837-t006-c09-s008,8,2,p1,ESTP,villager,villager,98,suspect|intent,p6,p6,suspect,2,v1
e-20260830-010837,e-20260830-010837-t006,e-20260830-010837-t006-c09,e-20260830-010837-t006-c09-s009,9,2,p8,ESTP,villager,villager,83,suspect|other,p6,p6,suspect,1,v1
e-20260830-010837,e-20260830-010837-t006,e-20260830-010837-t006-c09,e-20260830-010837-t006-c09-s010,10,2,p6,ESTP,thief,thief,57,question|suspect,p1,p1,suspect,2,v1
e-20260830-010837,e-20260830-010837-t006,e-20260830-010837-t006-c09,e-20260830-010837-t006-c09-s011,11,2,p7,ESTP,werewolf,werewolf,86,question|defend,p1,p1,defend,1,v1
e-20260830-010837,e-20260830-010837-t006,e-20260830-010837-t006-c09,e-20260830-010837-t006-c09-s012,12,2,p3,ESTP,seer,seer,100,claim|question|hypothesis|agree,p1,p1,defend,1,v1
e-20260830-010837,e-20260830-010837-t006,e-20260830-010837-t006-c09,e-20260830-010837-t006-c09-s013,13,2,p2,ESTP,werewolf,werewolf,122,suspect|claim,p1,p1,suspect,3,v1
e-20260830-010837,e-20260830-010837-t006,e-20260830-010837-t006-c09,e-20260830-010837-t006-c09-s014,14,2,p5,ESTP,villager,villager,89,agree|suspect|question,p2|p1,p1,suspect,2,v1
e-20260830-010837,e-20260830-010837-t006,e-20260830-010837-t006-c09,e-20260830-010837-t006-c09-s015,15,3,p3,ESTP,seer,seer,110,agree|suspect|question,p2|p1,p1,suspect,2,v1
e-20260830-010837,e-20260830-010837-t006,e-20260830-010837-t006-c09,e-20260830-010837-t006-c09-s016,16,4,p6,ESTP,thief,thief,72,question|suspect,p1,p1,suspect,2,v1
e-20260830-010837,e-20260830-010837-t006,e-20260830-010837-t006-c09,e-20260830-010837-t006-c09-s017,17,5,p7,ESTP,werewolf,werewolf,163,suspect|claim,p6|p1,p1,suspect,2,v1
e-20260830-010837,e-20260830-010837-t006,e-20260830-010837-t006-c09,e-20260830-010837-t006-c09-s018,18,5,p6,ESTP,thief,thief,150,suspect|claim,p7|p1,p1,suspect,2,v1
e-20260830-010837,e-20260830-010837-t006,e-20260830-010837-t006-c09,e-20260830-010837-t006-c09-s019,19,5,p3,ESTP,seer,seer,183,suspect|agree|hypothesis|claim,p7|p1,p1,suspect,2,v1
e-20260830-010837,e-20260830-010837-t006,e-20260830-010837-t006-c09,e-20260830-010837-t006-c09-s020,20,6,p7,ESTP,werewolf,werewolf,183,suspect|agree|hypothesis|claim,p3|p1,p1,suspect,2,v1
e-20260830-010837,e-20260830-010837-t006,e-20260830-010837-t006-c10,e-20260830-010837-t006-c10-s001,1,1,p6,ESFP,thief,thief,69,claim|question,,,,,v1
e-20260830-010837,e-20260830-010837-t006,e-20260830-010837-t006-c10,e-20260830-010837-t006-c10-s002,2,1,p3,ESFP,seer,seer,72,claim|question,,,,,v1
e-20260830-010837,e-20260830-010837-t006,e-20260830-010837-t006-c10,e-20260830-010837-t006-c10-s003,3,1,p1,ESFP,villager,villager,73,question,,,,,v1
e-20260830-010837,e-20260830-010837-t006,e-20260830-010837-t006-c10,e-20260830-010837-t006-c10-s004,4,1,p2,ESFP,werewolf,werewolf,64,intent|question,,,,,v1
e-20260830-010837,e-20260830-010837-t006,e-20260830-010837-t006-c10,e-20260830-010837-t006-c10-s005,5,1,p7,ESFP,werewolf,werewolf,96,claim|intent|question,p2,p2,defend,1,v1
e-20260830-010837,e-20260830-010837-t006,e-20260830-010837-t006-c10,e-20260830-010837-t006-c10-s006,6,1,p8,ESFP,villager,villager,50,question,,,,,v1
e-20260830-010837,e-20260830-010837-t006,e-20260830-010837-t006-c10,e-20260830-010837-t006-c10-s007,7,1,p5,ESFP,villager,villager,92,intent|question,,,,,v1
e-20260830-010837,e-20260830-010837-t006,e-20260830-010837-t006-c10,e-20260830-010837-t006-c10-s008,8,1,p4,ESFP,villager,villager,68,intent,,,,,v1
e-20260830-010837,e-20260830-010837-t006,e-20260830-010837-t006-c10,e-20260830-010837-t006-c10-s009,9,2,p1,ESFP,villager,villager,66,question,,,,,v1
e-20260830-010837,e-20260830-010837-t006,e-20260830-010837-t006-c10,e-20260830-010837-t006-c10-s010,10,2,p8,ESFP,villager,villager,95,question|intent,p1|p2,,,,v1
e-20260830-010837,e-20260830-010837-t006,e-20260830-010837-t006-c10,e-20260830-010837-t006-c10-s011,11,2,p6,ESFP,thief,thief,63,claim|intent,,,,,v1
e-20260830-010837,e-20260830-010837-t006,e-20260830-010837-t006-c10,e-20260830-010837-t006-c10-s012,12,2,p7,ESFP,werewolf,werewolf,64,claim|intent,p2,,,,v1
e-20260830-010837,e-20260830-010837-t006,e-20260830-010837-t006-c10,e-20260830-010837-t006-c10-s013,13,2,p3,ESFP,seer,seer,109,claim|question|intent,,,,,v1
e-20260830-010837,e-20260830-010837-t006,e-20260830-010837-t006-c10,e-20260830-010837-t006-c10-s014,14,2,p2,ESFP,werewolf,werewolf,94,claim|question|intent,p7,,,,v1
e-20260830-010837,e-20260830-010837-t006,e-20260830-010837-t006-c10,e-20260830-010837-t006-c10-s015,15,2,p5,ESFP,villager,villager,81,claim|question|intent,,,,,v1
e-20260830-010837,e-20260830-010837-t006,e-20260830-010837-t006-c11,e-20260830-010837-t006-c11-s001,1,1,p6,ENFP,thief,thief,83,intent,p1|p2,p2,suspect,1,v1
e-20260830-010837,e-20260830-010837-t006,e-20260830-010837-t006-c11,e-20260830-010837-t006-c11-s002,2,1,p3,ENFP,seer,seer,75,hypothesis|intent,p1,,,,v1
e-20260830-010837,e-20260830-010837-t006,e-20260830-010837-t006-c11,e-20260830-010837-t006-c11-s003,3,1,p1,ENFP,villager,villager,77,question,p2|p3,,,,v1
e-20260830-010837,e-20260830-010837-t006,e-20260830-010837-t006-c11,e-20260830-010837-t006-c11-s004,4,1,p2,ENFP,werewolf,werewolf,115,agree|intent,p6|p1,,,,v1
e-20260830-010837,e-20260830-010837-t006,e-20260830-010837-t006-c11,e-20260830-010837-t006-c11-s005,5,1,p7,ENFP,werewolf,werewolf,132,agree|rebut|intent,p2|p6|p3|p1,,,,v1
e-20260830-010837,e-20260830-010837-t006,e-20260830-010837-t006-c11,e-20260830-010837-t006-c11-s006,6,1,p8,ENFP,villager,villager,144,agree|intent,p7|p1,,,,v1
e-20260830-010837,e-20260830-010837-t006,e-20260830-010837-t006-c11,e-20260830-010837-t006-c11-s007,7,1,p5,ENFP,villager,villager,77,intent|question,p1,,,,v1
e-20260830-010837,e-20260830-010837-t006,e-20260830-010837-t006-c11,e-20260830-010837-t006-c11-s008,8,1,p4,ENFP,villager,villager,86,intent|hypothesis,p3|p7|p1,,,,v1
e-20260830-010837,e-20260830-010837-t006,e-20260830-010837-t006-c11,e-20260830-010837-t006-c11-s009,9,2,p1,ENFP,villager,villager,115,agree|intent|hypothesis,p7|p8|p1,,,,v1
e-20260830-010837,e-20260830-010837-t006,e-20260830-010837-t006-c11,e-20260830-010837-t006-c11-s010,10,2,p8,ENFP,villager,villager,96,agree|intent,p7|p8|p1,,,,v1
e-20260830-010837,e-20260830-010837-t006,e-20260830-010837-t006-c11,e-20260830-010837-t006-c11-s011,11,2,p6,ENFP,thief,thief,116,agree|intent,p7|p8|p1,,,,v1
e-20260830-010837,e-20260830-010837-t006,e-20260830-010837-t006-c11,e-20260830-010837-t006-c11-s012,12,2,p7,ENFP,werewolf,werewolf,98,intent|hypothesis,p1,,,,v1
e-20260830-010837,e-20260830-010837-t006,e-20260830-010837-t006-c11,e-20260830-010837-t006-c11-s013,13,2,p3,ENFP,seer,seer,98,intent|hypothesis,p1,,,,v1
e-20260830-010837,e-20260830-010837-t006,e-20260830-010837-t006-c11,e-20260830-010837-t006-c11-s014,14,2,p2,ENFP,werewolf,werewolf,73,intent|suspect,p1|p5|p8,p8,suspect,1,v1
e-20260830-010837,e-20260830-010837-t006,e-20260830-010837-t006-c12,e-20260830-010837-t006-c12-s001,1,1,p6,ENTP,thief,thief,71,claim|intent|suspect,p1,p1,suspect,1,v1
e-20260830-010837,e-20260830-010837-t006,e-20260830-010837-t006-c12,e-20260830-010837-t006-c12-s002,2,1,p3,ENTP,seer,seer,107,claim|intent,,,,,v1
e-20260830-010837,e-20260830-010837-t006,e-20260830-010837-t006-c12,e-20260830-010837-t006-c12-s003,3,1,p1,ENTP,villager,villager,102,claim|intent,,,,,v1
e-20260830-010837,e-20260830-010837-t006,e-20260830-010837-t006-c12,e-20260830-010837-t006-c12-s004,4,1,p2,ENTP,werewolf,werewolf,98,claim|intent|defend,p7,p7,defend,2,v1
e-20260830-010837,e-20260830-010837-t006,e-20260830-010837-t006-c12,e-20260830-010837-t006-c12-s005,5,1,p7,ENTP,werewolf,werewolf,102,claim|intent|defend,p2,p2,defend,2,v1
e-20260830-010837,e-20260830-010837-t006,e-20260830-010837-t006-c12,e-20260830-010837-t006-c12-s006,6,2,p6,ENTP,thief,thief,128,claim|suspect|defend|hypothesis|intent,p3|p1|p7,p7,suspect,3,v1
e-20260830-010837,e-20260830-010837-t006,e-20260830-010837-t006-c12,e-20260830-010837-t006-c12-s007,7,2,p7,ENTP,werewolf,werewolf,130,claim|hypothesis|intent|defend,p2|p3|p1|p6,p2,defend,2,v1
e-20260830-010837,e-20260830-010837-t006,e-20260830-010837-t006-c12,e-20260830-010837-t006-c12-s008,8,2,p3,ENTP,seer,seer,134,claim|suspect|hypothesis|intent,p1,p1,suspect,2,v1
e-20260830-010837,e-20260830-010837-t006,e-20260830-010837-t006-c12,e-20260830-010837-t006-c12-s009,9,2,p2,ENTP,werewolf,werewolf,120,claim|question,p7,,,,v1
e-20260830-010837,e-20260830-010837-t006,e-20260830-010837-t006-c12,e-20260830-010837-t006-c12-s010,10,2,p5,ENTP,villager,villager,83,question,p2|p7,p7,suspect,1,v1
e-20260830-010837,e-20260830-010837-t006,e-20260830-010837-t006-c12,e-20260830-010837-t006-c12-s011,11,2,p4,ENTP,villager,villager,139,claim|intent,p7|p2,,,,v1
e-20260830-010837,e-20260830-010837-t006,e-20260830-010837-t006-c12,e-20260830-010837-t006-c12-s012,12,3,p4,ENTP,villager,villager,97,question|claim,p7,,,,v1
e-20260830-010837,e-20260830-010837-t006,e-20260830-010837-t006-c12,e-20260830-010837-t006-c12-s013,13,4,p7,ENTP,werewolf,werewolf,99,question|suspect|hypothesis,p4|p1,p1,suspect,1,v1
e-20260830-010837,e-20260830-010837-t006,e-20260830-010837-t006-c12,e-20260830-010837-t006-c12-s014,14,4,p6,ENTP,thief,thief,132,agree|suspect|hypothesis|intent,p7|p1,p1,suspect,2,v1
e-20260830-010837,e-20260830-010837-t006,e-20260830-010837-t006-c13,e-20260830-010837-t006-c13-s001,1,1,p6,ESTJ,thief,thief,58,claim|question,p1,p1,defend,1,v1
e-20260830-010837,e-20260830-010837-t006,e-20260830-010837-t006-c13,e-20260830-010837-t006-c13-s002,2,1,p3,ESTJ,seer,seer,86,question,p1,p1,defend,1,v1
e-20260830-010837,e-20260830-010837-t006,e-20260830-010837-t006-c13,e-20260830-010837-t006-c13-s003,3,1,p1,ESTJ,villager,villager,116,claim|question,,,,,v1
e-20260830-010837,e-20260830-010837-t006,e-20260830-010837-t006-c13,e-20260830-010837-t006-c13-s004,4,1,p2,ESTJ,werewolf,werewolf,62,question,,,,,v1
e-20260830-010837,e-20260830-010837-t006,e-20260830-010837-t006-c13,e-20260830-010837-t006-c13-s005,5,1,p7,ESTJ,werewolf,werewolf,74,claim|intent,p2,p2,defend,2,v1
e-20260830-010837,e-20260830-010837-t006,e-20260830-010837-t006-c13,e-20260830-010837-t006-c13-s006,6,1,p8,ESTJ,villager,villager,71,question,,,,,v1
e-20260830-010837,e-20260830-010837-t006,e-20260830-010837-t006-c13,e-20260830-010837-t006-c13-s007,7,1,p4,ESTJ,villager,villager,102,question,,,,,v1
e-20260830-010837,e-20260830-010837-t006,e-20260830-010837-t006-c13,e-20260830-010837-t006-c13-s008,8,2,p1,ESTJ,villager,villager,136,claim|question,,,,,v1
e-20260830-010837,e-20260830-010837-t006,e-20260830-010837-t006-c13,e-20260830-010837-t006-c13-s009,9,2,p8,ESTJ,villager,villager,96,question,,,,,v1
e-20260830-010837,e-20260830-010837-t006,e-20260830-010837-t006-c13,e-20260830-010837-t006-c13-s010,10,2,p6,ESTJ,thief,thief,149,claim|intent,p1,,,,v1
e-20260830-010837,e-20260830-010837-t006,e-20260830-010837-t006-c13,e-20260830-010837-t006-c13-s011,11,2,p7,ESTJ,werewolf,werewolf,130,claim|question,p2,p2,defend,1,v1
e-20260830-010837,e-20260830-010837-t006,e-20260830-010837-t006-c13,e-20260830-010837-t006-c13-s012,12,2,p3,ESTJ,seer,seer,126,claim|question,p1,p1,defend,2,v1
e-20260830-010837,e-20260830-010837-t006,e-20260830-010837-t006-c13,e-20260830-010837-t006-c13-s013,13,2,p2,ESTJ,werewolf,werewolf,135,claim|question,p7,p7,defend,1,v1
e-20260830-010837,e-20260830-010837-t006,e-20260830-010837-t006-c13,e-20260830-010837-t006-c13-s014,14,3,p4,ESTJ,villager,villager,141,claim,p1,p1,defend,1,v1
e-20260830-010837,e-20260830-010837-t006,e-20260830-010837-t006-c13,e-20260830-010837-t006-c13-s015,15,4,p7,ESTJ,werewolf,werewolf,142,claim,p2,p2,defend,1,v1
e-20260830-010837,e-20260830-010837-t006,e-20260830-010837-t006-c13,e-20260830-010837-t006-c13-s016,16,4,p1,ESTJ,villager,villager,98,question,,,,,v1
e-20260830-010837,e-20260830-010837-t006,e-20260830-010837-t006-c13,e-20260830-010837-t006-c13-s017,17,4,p6,ESTJ,thief,thief,107,claim|question,,,,,v1
e-20260830-010837,e-20260830-010837-t006,e-20260830-010837-t006-c13,e-20260830-010837-t006-c13-s018,18,4,p4,ESTJ,villager,villager,134,defend|other,p1,p1,defend,1,v1
e-20260830-010837,e-20260830-010837-t006,e-20260830-010837-t006-c13,e-20260830-010837-t006-c13-s019,19,4,p3,ESTJ,seer,seer,103,claim|question,,,,,v1
e-20260830-010837,e-20260830-010837-t006,e-20260830-010837-t006-c13,e-20260830-010837-t006-c13-s020,20,4,p5,ESTJ,villager,villager,144,defend|question,p1,p1,defend,1,v1
e-20260830-010837,e-20260830-010837-t006,e-20260830-010837-t006-c13,e-20260830-010837-t006-c13-s021,21,4,p8,ESTJ,villager,villager,103,question,,,,,v1
e-20260830-010837,e-20260830-010837-t006,e-20260830-010837-t006-c13,e-20260830-010837-t006-c13-s022,22,5,p5,ESTJ,villager,villager,111,question,,,,,v1
e-20260830-010837,e-20260830-010837-t006,e-20260830-010837-t006-c13,e-20260830-010837-t006-c13-s023,23,5,p1,ESTJ,villager,villager,96,question|other,,,,,v1
e-20260830-010837,e-20260830-010837-t006,e-20260830-010837-t006-c14,e-20260830-010837-t006-c14-s001,1,1,p6,ESFJ,thief,thief,48,claim|intent,,,,,v1
e-20260830-010837,e-20260830-010837-t006,e-20260830-010837-t006-c14,e-20260830-010837-t006-c14-s002,2,1,p3,ESFJ,seer,seer,54,claim|intent,p1,p1,defend,1,v1
e-20260830-010837,e-20260830-010837-t006,e-20260830-010837-t006-c14,e-20260830-010837-t006-c14-s003,3,1,p1,ESFJ,villager,villager,40,question,p6,,,,v1
e-20260830-010837,e-20260830-010837-t006,e-20260830-010837-t006-c14,e-20260830-010837-t006-c14-s004,4,1,p2,ESFJ,werewolf,werewolf,80,question|agree,p1|p6,,,,v1
e-20260830-010837,e-20260830-010837-t006,e-20260830-010837-t006-c14,e-20260830-010837-t006-c14-s005,5,1,p7,ESFJ,werewolf,werewolf,114,question|hypothesis,p6,,,,v1
e-20260830-010837,e-20260830-010837-t006,e-20260830-010837-t006-c14,e-20260830-010837-t006-c14-s006,6,1,p8,ESFJ,villager,villager,72,question|intent,,,,,v1
e-20260830-010837,e-20260830-010837-t006,e-20260830-010837-t006-c14,e-20260830-010837-t006-c14-s007,7,1,p5,ESFJ,villager,villager,97,question|hypothesis,p1,,,,v1
e-20260830-010837,e-20260830-010837-t006,e-20260830-010837-t006-c14,e-20260830-010837-t006-c14-s008,8,1,p4,ESFJ,villager,villager,122,question|agree,p6|p1,,,,v1
e-20260830-010837,e-20260830-010837-t006,e-20260830-010837-t006-c14,e-20260830-010837-t006-c14-s009,9,2,p1,ESFJ,villager,villager,98,question,p1,,,,v1
e-20260830-010837,e-20260830-010837-t006,e-20260830-010837-t006-c14,e-20260830-010837-t006-c14-s010,10,2,p8,ESFJ,villager,villager,60,question,p1,,,,v1
e-20260830-010837,e-20260830-010837-t006,e-20260830-010837-t006-c14,e-20260830-010837-t006-c14-s011,11,2,p6,ESFJ,thief,thief,83,question,p1,,,,v1
e-20260830-010837,e-20260830-010837-t006,e-20260830-010837-t006-c14,e-20260830-010837-t006-c14-s012,12,2,p7,ESFJ,werewolf,werewolf,59,question,p1,,,,v1
e-20260830-010837,e-20260830-010837-t006,e-20260830-010837-t006-c14,e-20260830-010837-t006-c14-s013,13,2,p3,ESFJ,seer,seer,115,question|hypothesis,p1,,,,v1
e-20260830-010837,e-20260830-010837-t006,e-20260830-010837-t006-c14,e-20260830-010837-t006-c14-s014,14,2,p2,ESFJ,werewolf,werewolf,83,question,p1,,,,v1
e-20260830-010837,e-20260830-010837-t006,e-20260830-010837-t006-c15,e-20260830-010837-t006-c15-s001,1,1,p6,ENFJ,thief,thief,104,question,p1,,,,v1
e-20260830-010837,e-20260830-010837-t006,e-20260830-010837-t006-c15,e-20260830-010837-t006-c15-s002,2,1,p3,ENFJ,seer,seer,108,claim|question,p1,,,,v1
e-20260830-010837,e-20260830-010837-t006,e-20260830-010837-t006-c15,e-20260830-010837-t006-c15-s003,3,1,p1,ENFJ,villager,villager,78,claim,,,,,v1
e-20260830-010837,e-20260830-010837-t006,e-20260830-010837-t006-c15,e-20260830-010837-t006-c15-s004,4,1,p2,ENFJ,werewolf,werewolf,70,intent,,,,,v1
e-20260830-010837,e-20260830-010837-t006,e-20260830-010837-t006-c15,e-20260830-010837-t006-c15-s005,5,1,p7,ENFJ,werewolf,werewolf,75,claim|intent,p2,p2,defend,1,v1
e-20260830-010837,e-20260830-010837-t006,e-20260830-010837-t006-c15,e-20260830-010837-t006-c15-s006,6,1,p8,ENFJ,villager,villager,76,claim|intent,,,,,v1
e-20260830-010837,e-20260830-010837-t006,e-20260830-010837-t006-c15,e-20260830-010837-t006-c15-s007,7,1,p5,ENFJ,villager,villager,82,claim|intent,,,,,v1
e-20260830-010837,e-20260830-010837-t006,e-20260830-010837-t006-c15,e-20260830-010837-t006-c15-s008,8,2,p1,ENFJ,villager,villager,72,intent|question,,,,,v1
e-20260830-010837,e-20260830-010837-t006,e-20260830-010837-t006-c15,e-20260830-010837-t006-c15-s009,9,2,p8,ENFJ,villager,villager,98,claim|question,p3,,,,v1
e-20260830-010837,e-20260830-010837-t006,e-20260830-010837-t006-c15,e-20260830-010837-t006-c15-s010,10,2,p6,ENFJ,thief,thief,53,question,p3|p1,,,,v1
e-20260830-010837,e-20260830-010837-t006,e-20260830-010837-t006-c15,e-20260830-010837-t006-c15-s011,11,2,p7,ENFJ,werewolf,werewolf,85,question|claim,p3|p1,,,,v1
e-20260830-010837,e-20260830-010837-t006,e-20260830-010837-t006-c15,e-20260830-010837-t006-c15-s012,12,2,p3,ENFJ,seer,seer,147,claim|suspect|hypothesis,p8|p1,p1,suspect,2,v1
e-20260830-010837,e-20260830-010837-t006,e-20260830-010837-t006-c15,e-20260830-010837-t006-c15-s013,13,2,p2,ENFJ,werewolf,werewolf,152,rebut|defend|intent,p3|p1,p1,defend,1,v1
e-20260830-010837,e-20260830-010837-t006,e-20260830-010837-t006-c16,e-20260830-010837-t006-c16-s001,1,1,p6,ENTJ,thief,thief,91,claim|intent,p1|p3,p1,defend,2,v1
e-20260830-010837,e-20260830-010837-t006,e-20260830-010837-t006-c16,e-20260830-010837-t006-c16-s002,2,1,p2,ENTJ,werewolf,werewolf,74,claim|intent|agree,p6|p3|p4,p4,suspect,1,v1
e-20260830-010837,e-20260830-010837-t006,e-20260830-010837-t006-c16,e-20260830-010837-t006-c16-s003,3,1,p7,ENTJ,werewolf,werewolf,96,claim|hypothesis|intent|suspect,p2|p6|p3|p4|p1,p1,suspect,1,v1
e-20260830-010837,e-20260830-010837-t006,e-20260830-010837-t006-c16,e-20260830-010837-t006-c16-s004,4,1,p8,ENTJ,villager,villager,104,question,p6|p3|p7|p4,,,,v1
e-20260830-010837,e-20260830-010837-t006,e-20260830-010837-t006-c16,e-20260830-010837-t006-c16-s005,5,1,p5,ENTJ,villager,villager,60,question|hypothesis,p6|p3,,,,v1
e-20260830-010837,e-20260830-010837-t006,e-20260830-010837-t006-c16,e-20260830-010837-t006-c16-s006,6,1,p4,ENTJ,villager,villager,72,question,p6|p3,,,,v1
e-20260830-010837,e-20260830-010837-t006,e-20260830-010837-t006-c16,e-20260830-010837-t006-c16-s007,7,2,p1,ENTJ,villager,villager,110,agree|question,p6|p3,,,,v1
e-20260830-010837,e-20260830-010837-t006,e-20260830-010837-t006-c16,e-20260830-010837-t006-c16-s008,8,2,p8,ENTJ,villager,villager,170,question|hypothesis|suspect,p6|p3,p3,suspect,1,v1
e-20260830-010837,e-20260830-010837-t006,e-20260830-010837-t006-c16,e-20260830-010837-t006-c16-s009,9,2,p6,ENTJ,thief,thief,95,suspect|claim,p3,p3,suspect,1,v1
e-20260830-010837,e-20260830-010837-t006,e-20260830-010837-t006-c16,e-20260830-010837-t006-c16-s010,10,2,p7,ENTJ,werewolf,werewolf,108,agree|hypothesis|rebut,p6|p3,p3,defend,1,v1
e-20260830-010837,e-20260830-010837-t006,e-20260830-010837-t006-c16,e-20260830-010837-t006-c16-s011,11,2,p3,ENTJ,seer,seer,81,defend|rebut,p6|p3,,,,v1
e-20260830-010837,e-20260830-010837-t006,e-20260830-010837-t006-c16,e-20260830-010837-t006-c16-s012,12,2,p2,ENTJ,werewolf,werewolf,139,agree|hypothesis|defend,p6|p3,p3,defend,2,v1
e-20260830-010837,e-20260830-010837-t006,e-20260830-010837-t006-c16,e-20260830-010837-t006-c16-s013,13,2,p5,ENTJ,villager,villager,102,agree|defend|hypothesis,p2|p3,p3,defend,1,v1
e-20260830-010837,e-20260830-010837-t006,e-20260830-010837-t006-c16,e-20260830-010837-t006-c16-s014,14,2,p4,ENTJ,villager,villager,123,agree|defend|rebut,p2|p3,p3,defend,1,v1
e-20260830-010837,e-20260830-010837-t007,e-20260830-010837-t007-c00,e-20260830-010837-t007-c00-s001,1,1,p8,ESTJ,villager,villager,82,question,,,,,v1
e-20260830-010837,e-20260830-010837-t007,e-20260830-010837-t007-c00,e-20260830-010837-t007-c00-s002,2,1,p5,ESTJ,villager,villager,81,question,p1|p2|p3|p4|p6|p7|p8,,,,v1
e-20260830-010837,e-20260830-010837-t007,e-20260830-010837-t007-c00,e-20260830-010837-t007-c00-s003,3,1,p7,ISFJ,werewolf,werewolf,86,claim|suspect,p2,p2,suspect,3,v1
e-20260830-010837,e-20260830-010837-t007,e-20260830-010837-t007-c00,e-20260830-010837-t007-c00-s004,4,1,p3,ISTJ,thief,thief,76,claim|suspect|agree,p7|p2,p2,suspect,3,v1
e-20260830-010837,e-20260830-010837-t007,e-20260830-010837-t007-c00,e-20260830-010837-t007-c00-s005,5,1,p4,ESFJ,seer,seer,58,claim|suspect,p2,p2,suspect,3,v1
e-20260830-010837,e-20260830-010837-t007,e-20260830-010837-t007-c00,e-20260830-010837-t007-c00-s006,6,1,p6,ESFP,villager,villager,114,question,p1|p2|p3|p4|p5|p7|p8,,,,v1
e-20260830-010837,e-20260830-010837-t007,e-20260830-010837-t007-c00,e-20260830-010837-t007-c00-s007,7,1,p2,ENTP,werewolf,werewolf,120,claim|suspect|question,p7,p7,suspect,3,v1
e-20260830-010837,e-20260830-010837-t007,e-20260830-010837-t007-c00,e-20260830-010837-t007-c00-s008,8,2,p6,ESFP,villager,villager,126,agree|suspect|question,p7|p2,p2,suspect,2,v1
e-20260830-010837,e-20260830-010837-t007,e-20260830-010837-t007-c00,e-20260830-010837-t007-c00-s009,9,2,p4,ESFJ,seer,seer,72,claim|suspect|question|hypothesis|intent,p2|p7,p7,suspect,3,v1
e-20260830-010837,e-20260830-010837-t007,e-20260830-010837-t007-c00,e-20260830-010837-t007-c00-s010,10,2,p8,ESTJ,villager,villager,117,question,,,,,v1
e-20260830-010837,e-20260830-010837-t007,e-20260830-010837-t007-c00,e-20260830-010837-t007-c00-s011,11,2,p2,ENTP,werewolf,werewolf,84,claim|question|hypothesis,p7|p8,p7,suspect,3,v1
e-20260830-010837,e-20260830-010837-t007,e-20260830-010837-t007-c00,e-20260830-010837-t007-c00-s012,12,2,p5,ESTJ,villager,villager,136,suspect|hypothesis|intent,p8,p8,suspect,2,v1
e-20260830-010837,e-20260830-010837-t007,e-20260830-010837-t007-c00,e-20260830-010837-t007-c00-s013,13,2,p7,ISFJ,werewolf,werewolf,127,claim|suspect|intent,p2|p8,p8,suspect,2,v1
e-20260830-010837,e-20260830-010837-t007,e-20260830-010837-t007-c01,e-20260830-010837-t007-c01-s001,1,1,p7,ISTJ,werewolf,werewolf,71,claim|intent,,,,,v1
e-20260830-010837,e-20260830-010837-t007,e-20260830-010837-t007-c01,e-20260830-010837-t007-c01-s002,2,1,p3,ISTJ,thief,thief,92,claim|intent|hypothesis,,,,,v1
e-20260830-010837,e-20260830-010837-t007,e-20260830-010837-t007-c01,e-20260830-010837-t007-c01-s003,3,1,p2,ISTJ,werewolf,werewolf,67,claim|intent,p7,p7,defend,1,v1
e-20260830-010837,e-20260830-010837-t007,e-20260830-010837-t007-c01,e-20260830-010837-t007-c01-s004,4,2,p4,ISTJ,seer,seer,54,claim,p2|p7,p7,defend,1,v1
e-20260830-010837,e-20260830-010837-t007,e-20260830-010837-t007-c01,e-20260830-010837-t007-c01-s005,5,2,p2,ISTJ,werewolf,werewolf,71,intent|hypothesis,p7,p7,defend,1,v1
e-20260830-010837,e-20260830-010837-t007,e-20260830-010837-t007-c01,e-20260830-010837-t007-c01-s006,6,2,p5,ISTJ,villager,villager,61,intent,,,,,v1
e-20260830-010837,e-20260830-010837-t007,e-20260830-010837-t007-c01,e-20260830-010837-t007-c01-s007,7,2,p7,ISTJ,werewolf,werewolf,71,claim|intent,p2,p2,defend,1,v1
e-20260830-010837,e-20260830-010837-t007,e-20260830-010837-t007-c01,e-20260830-010837-t007-c01-s008,8,3,p5,ISTJ,villager,villager,77,intent,p7|p2,,,,v1
e-20260830-010837,e-20260830-010837-t007,e-20260830-010837-t007-c01,e-20260830-010837-t007-c01-s009,9,3,p3,ISTJ,thief,thief,99,claim|suspect|intent,p7|p2,p2,suspect,1,v1
e-20260830-010837,e-20260830-010837-t007,e-20260830-010837-t007-c01,e-20260830-010837-t007-c01-s010,10,3,p1,ISTJ,villager,villager,66,intent,,,,,v1
e-20260830-010837,e-20260830-010837-t007,e-20260830-010837-t007-c01,e-20260830-010837-t007-c01-s011,11,4,p7,ISTJ,werewolf,werewolf,72,suspect|intent,p2|p4,p4,suspect,1,v1
e-20260830-010837,e-20260830-010837-t007,e-20260830-010837-t007-c01,e-20260830-010837-t007-c01-s012,12,4,p3,ISTJ,thief,thief,116,suspect|claim|intent,p7,p7,suspect,2,v1
e-20260830-010837,e-20260830-010837-t007,e-20260830-010837-t007-c01,e-20260830-010837-t007-c01-s013,13,5,p7,ISTJ,werewolf,werewolf,80,question,p2,,,,v1
e-20260830-010837,e-20260830-010837-t007,e-20260830-010837-t007-c02,e-20260830-010837-t007-c02-s001,1,1,p7,ISFJ,werewolf,werewolf,116,suspect,p2,p2,suspect,3,v1
e-20260830-010837,e-20260830-010837-t007,e-20260830-010837-t007-c02,e-20260830-010837-t007-c02-s002,2,1,p3,ISFJ,thief,thief,65,claim|defend,p1,p1,defend,3,v1
e-20260830-010837,e-20260830-010837-t007,e-20260830-010837-t007-c02,e-20260830-010837-t007-c02-s003,3,1,p4,ISFJ,seer,seer,70,claim|suspect,p2,p2,suspect,3,v1
e-20260830-010837,e-20260830-010837-t007,e-20260830-010837-t007-c02,e-20260830-010837-t007-c02-s004,4,1,p2,ISFJ,werewolf,werewolf,68,agree|suspect,p4|p2,,,,v1
e-20260830-010837,e-20260830-010837-t007,e-20260830-010837-t007-c02,e-20260830-010837-t007-c02-s005,5,2,p4,ISFJ,seer,seer,92,suspect|agree,p2,p2,suspect,2,v1
e-20260830-010837,e-20260830-010837-t007,e-20260830-010837-t007-c02,e-20260830-010837-t007-c02-s006,6,2,p2,ISFJ,werewolf,werewolf,84,agree|suspect,p4,p4,suspect,1,v1
e-20260830-010837,e-20260830-010837-t007,e-20260830-010837-t007-c02,e-20260830-010837-t007-c02-s007,7,2,p3,ISFJ,thief,thief,92,claim|defend|intent,p1,p1,defend,3,v1
e-20260830-010837,e-20260830-010837-t007,e-20260830-010837-t007-c02,e-20260830-010837-t007-c02-s008,8,2,p7,ISFJ,werewolf,werewolf,88,suspect,p3|p1,p3,suspect,1,v1
e-20260830-010837,e-20260830-010837-t007,e-20260830-010837-t007-c03,e-20260830-010837-t007-c03-s001,1,1,p7,INFJ,werewolf,werewolf,79,claim|question,,,,,v1
e-20260830-010837,e-20260830-010837-t007,e-20260830-010837-t007-c03,e-20260830-010837-t007-c03-s002,2,1,p3,INFJ,thief,thief,110,claim|question,,,,,v1
e-20260830-010837,e-20260830-010837-t007,e-20260830-010837-t007-c03,e-20260830-010837-t007-c03-s003,3,1,p2,INFJ,werewolf,werewolf,86,claim|question,p7,,,,v1
e-20260830-010837,e-20260830-010837-t007,e-20260830-010837-t007-c03,e-20260830-010837-t007-c03-s004,4,2,p4,INFJ,seer,seer,109,claim|suspect|question,p2,p2,suspect,3,v1
e-20260830-010837,e-20260830-010837-t007,e-20260830-010837-t007-c03,e-20260830-010837-t007-c03-s005,5,2,p2,INFJ,werewolf,werewolf,61,claim,,,,,v1
e-20260830-010837,e-20260830-010837-t007,e-20260830-010837-t007-c03,e-20260830-010837-t007-c03-s006,6,2,p3,INFJ,thief,thief,70,suspect|hypothesis,p2|p4,p2,suspect,3,v1
e-20260830-010837,e-20260830-010837-t007,e-20260830-010837-t007-c03,e-20260830-010837-t007-c03-s007,7,2,p7,INFJ,werewolf,werewolf,76,suspect|question,p2|p4,p2,suspect,3,v1
e-20260830-010837,e-20260830-010837-t007,e-20260830-010837-t007-c03,e-20260830-010837-t007-c03-s008,8,3,p4,INFJ,seer,seer,100,suspect|hypothesis|intent,p2|p3,p3,suspect,2,v1
e-20260830-010837,e-20260830-010837-t007,e-20260830-010837-t007-c03,e-20260830-010837-t007-c03-s009,9,4,p2,INFJ,werewolf,werewolf,118,claim|defend|question,p4|p3,p4,defend,1,v1
e-20260830-010837,e-20260830-010837-t007,e-20260830-010837-t007-c03,e-20260830-010837-t007-c03-s010,10,4,p7,INFJ,werewolf,werewolf,65,question,p4,,,,v1
e-20260830-010837,e-20260830-010837-t007,e-20260830-010837-t007-c03,e-20260830-010837-t007-c03-s011,11,4,p3,INFJ,thief,thief,116,question|claim,p4,,,,v1
e-20260830-010837,e-20260830-010837-t007,e-20260830-010837-t007-c03,e-20260830-010837-t007-c03-s012,12,5,p3,INFJ,thief,thief,105,question|claim,p4,,,,v1
e-20260830-010837,e-20260830-010837-t007,e-20260830-010837-t007-c03,e-20260830-010837-t007-c03-s013,13,5,p7,INFJ,werewolf,werewolf,107,claim|suspect,p4|p3|p7,p3,suspect,2,v1
e-20260830-010837,e-20260830-010837-t007,e-20260830-010837-t007-c03,e-20260830-010837-t007-c03-s014,14,5,p4,INFJ,seer,seer,148,claim|agree|intent,p7|p3,p3,suspect,1,v1
e-20260830-010837,e-20260830-010837-t007,e-20260830-010837-t007-c03,e-20260830-010837-t007-c03-s015,15,6,p4,INFJ,seer,seer,67,question,p3|p7,p3,suspect,1,v1
e-20260830-010837,e-20260830-010837-t007,e-20260830-010837-t007-c04,e-20260830-010837-t007-c04-s001,1,1,p7,INTJ,werewolf,werewolf,71,claim|intent,,,,,v1
e-20260830-010837,e-20260830-010837-t007,e-20260830-010837-t007-c04,e-20260830-010837-t007-c04-s002,2,1,p3,INTJ,thief,thief,82,claim|intent,,,,,v1
e-20260830-010837,e-20260830-010837-t007,e-20260830-010837-t007-c04,e-20260830-010837-t007-c04-s003,3,1,p4,INTJ,seer,seer,77,claim|question|intent,,,,,v1
e-20260830-010837,e-20260830-010837-t007,e-20260830-010837-t007-c04,e-20260830-010837-t007-c04-s004,4,1,p2,INTJ,werewolf,werewolf,100,claim|intent,p7|p4,p7,defend,1,v1
e-20260830-010837,e-20260830-010837-t007,e-20260830-010837-t007-c04,e-20260830-010837-t007-c04-s005,5,2,p4,INTJ,seer,seer,57,claim|agree,p2,,,,v1
e-20260830-010837,e-20260830-010837-t007,e-20260830-010837-t007-c04,e-20260830-010837-t007-c04-s006,6,2,p2,INTJ,werewolf,werewolf,78,agree|intent,p4|p7,p7,defend,1,v1
e-20260830-010837,e-20260830-010837-t007,e-20260830-010837-t007-c04,e-20260830-010837-t007-c04-s007,7,2,p3,INTJ,thief,thief,121,claim|agree|hypothesis,p2|p4,,,,v1
e-20260830-010837,e-20260830-010837-t007,e-20260830-010837-t007-c04,e-20260830-010837-t007-c04-s008,8,2,p7,INTJ,werewolf,werewolf,83,claim|intent|suspect,p2|p3,p3,suspect,1,v1
e-20260830-010837,e-20260830-010837-t007,e-20260830-010837-t007-c04,e-20260830-010837-t007-c04-s009,9,3,p6,INTJ,villager,villager,83,question|intent,p7|p2|p3,,,,v1
e-20260830-010837,e-20260830-010837-t007,e-20260830-010837-t007-c04,e-20260830-010837-t007-c04-s010,10,4,p7,INTJ,werewolf,werewolf,54,claim,p6,,,,v1
e-20260830-010837,e-20260830-010837-t007,e-20260830-010837-t007-c04,e-20260830-010837-t007-c04-s011,11,4,p3,INTJ,thief,thief,55,claim|intent,p6,,,,v1
e-20260830-010837,e-20260830-010837-t007,e-20260830-010837-t007-c04,e-20260830-010837-t007-c04-s012,12,4,p4,INTJ,seer,seer,79,suspect,p3,p3,suspect,2,v1
e-20260830-010837,e-20260830-010837-t007,e-20260830-010837-t007-c04,e-20260830-010837-t007-c04-s013,13,5,p3,INTJ,thief,thief,83,question,p4,,,,v1
e-20260830-010837,e-20260830-010837-t007,e-20260830-010837-t007-c04,e-20260830-010837-t007-c04-s014,14,5,p7,INTJ,werewolf,werewolf,103,suspect|claim,p3,p3,suspect,2,v1
e-20260830-010837,e-20260830-010837-t007,e-20260830-010837-t007-c04,e-20260830-010837-t007-c04-s015,15,5,p6,INTJ,villager,villager,117,hypothesis|suspect,p3,p3,suspect,1,v1
e-20260830-010837,e-20260830-010837-t007,e-20260830-010837-t007-c04,e-20260830-010837-t007-c04-s016,16,5,p4,INTJ,seer,seer,98,question|hypothesis,p3,,,,v1
e-20260830-010837,e-20260830-010837-t007,e-20260830-010837-t007-c05,e-20260830-010837-t007-c05-s001,1,1,p7,ISTP,werewolf,werewolf,88,question|other,,,,,v1
e-20260830-010837,e-20260830-010837-t007,e-20260830-010837-t007-c05,e-20260830-010837-t007-c05-s002,2,1,p3,ISTP,thief,thief,58,claim,,,,,v1
e-20260830-010837,e-20260830-010837-t007,e-20260830-010837-t007-c05,e-20260830-010837-t007-c05-s003,3,1,p4,ISTP,seer,seer,47,claim|suspect,p2,p2,suspect,3,v1
e-20260830-010837,e-20260830-010837-t007,e-20260830-010837-t007-c05,e-20260830-010837-t007-c05-s004,4,1,p6,ISTP,villager,villager,60,claim|suspect|question|agree,p2,p2,suspect,3,v1
e-20260830-010837,e-20260830-010837-t007,e-20260830-010837-t007-c05,e-20260830-010837-t007-c05-s005,5,1,p2,ISTP,werewolf,werewolf,13,claim|agree,,,,,v1
e-20260830-010837,e-20260830-010837-t007,e-20260830-010837-t007-c05,e-20260830-010837-t007-c05-s006,6,2,p6,ISTP,villager,villager,41,agree|suspect|hypothesis,p2,p2,suspect,3,v1
e-20260830-010837,e-20260830-010837-t007,e-20260830-010837-t007-c05,e-20260830-010837-t007-c05-s007,7,2,p4,ISTP,seer,seer,81,agree|suspect|hypothesis,p2,p2,suspect,3,v1
e-20260830-010837,e-20260830-010837-t007,e-20260830-010837-t007-c05,e-20260830-010837-t007-c05-s008,8,2,p1,ISTP,villager,villager,98,agree|suspect|hypothesis,p2,p2,suspect,3,v1
e-20260830-010837,e-20260830-010837-t007,e-20260830-010837-t007-c05,e-20260830-010837-t007-c05-s009,9,2,p2,ISTP,werewolf,werewolf,109,agree|intent,p4,,,,v1
e-20260830-010837,e-20260830-010837-t007,e-20260830-010837-t007-c05,e-20260830-010837-t007-c05-s010,10,2,p5,ISTP,villager,villager,121,rebut|suspect,p2|p4|p1,p1,suspect,1,v1
e-20260830-010837,e-20260830-010837-t007,e-20260830-010837-t007-c05,e-20260830-010837-t007-c05-s011,11,2,p7,ISTP,werewolf,werewolf,86,agree|intent,p5,,,,v1
e-20260830-010837,e-20260830-010837-t007,e-20260830-010837-t007-c05,e-20260830-010837-t007-c05-s012,12,3,p3,ISTP,thief,thief,70,claim|intent,p2,,,,v1
e-20260830-010837,e-20260830-010837-t007,e-20260830-010837-t007-c05,e-20260830-010837-t007-c05-s013,13,4,p2,ISTP,werewolf,werewolf,64,question,p3,,,,v1
e-20260830-010837,e-20260830-010837-t007,e-20260830-010837-t007-c05,e-20260830-010837-t007-c05-s014,14,4,p7,ISTP,werewolf,werewolf,131,claim|intent,p3,,,,v1
e-20260830-010837,e-20260830-010837-t007,e-20260830-010837-t007-c05,e-20260830-010837-t007-c05-s015,15,4,p3,ISTP,thief,thief,72,agree|intent,p7,,,,v1
e-20260830-010837,e-20260830-010837-t007,e-20260830-010837-t007-c05,e-20260830-010837-t007-c05-s016,16,4,p4,ISTP,seer,seer,80,rebut|suspect,p3,p3,suspect,2,v1
e-20260830-010837,e-20260830-010837-t007,e-20260830-010837-t007-c05,e-20260830-010837-t007-c05-s017,17,5,p7,ISTP,werewolf,werewolf,132,rebut|intent,p3,,,,v1
e-20260830-010837,e-20260830-010837-t007,e-20260830-010837-t007-c05,e-20260830-010837-t007-c05-s018,18,5,p4,ISTP,seer,seer,99,question,p3,,,,v1
e-20260830-010837,e-20260830-010837-t007,e-20260830-010837-t007-c05,e-20260830-010837-t007-c05-s019,19,5,p5,ISTP,villager,villager,136,claim|intent|hypothesis,p3,,,,v1
e-20260830-010837,e-20260830-010837-t007,e-20260830-010837-t007-c05,e-20260830-010837-t007-c05-s020,20,5,p2,ISTP,werewolf,werewolf,87,question,p3,,,,v1
e-20260830-010837,e-20260830-010837-t007,e-20260830-010837-t007-c06,e-20260830-010837-t007-c06-s001,1,1,p7,ISFP,werewolf,werewolf,71,claim|intent,,,,,v1
e-20260830-010837,e-20260830-010837-t007,e-20260830-010837-t007-c06,e-20260830-010837-t007-c06-s002,2,1,p3,ISFP,thief,thief,85,claim|intent,,,,,v1
e-20260830-010837,e-20260830-010837-t007,e-20260830-010837-t007-c06,e-20260830-010837-t007-c06-s003,3,1,p4,ISFP,seer,seer,84,claim|intent,,,,,v1
e-20260830-010837,e-20260830-010837-t007,e-20260830-010837-t007-c06,e-20260830-010837-t007-c06-s004,4,1,p2,ISFP,werewolf,werewolf,83,intent,,,,,v1
e-20260830-010837,e-20260830-010837-t007,e-20260830-010837-t007-c06,e-20260830-010837-t007-c06-s005,5,2,p4,ISFP,seer,seer,106,claim|suspect,p2,p2,suspect,3,v1
e-20260830-010837,e-20260830-010837-t007,e-20260830-010837-t007-c06,e-20260830-010837-t007-c06-s006,6,2,p2,ISFP,werewolf,werewolf,104,rebut|hypothesis|intent,p4,,,,v1
e-20260830-010837,e-20260830-010837-t007,e-20260830-010837-t007-c06,e-20260830-010837-t007-c06-s007,7,2,p7,ISFP,werewolf,werewolf,101,hypothesis|intent,p2|p4,,,,v1
e-20260830-010837,e-20260830-010837-t007,e-20260830-010837-t007-c07,e-20260830-010837-t007-c07-s001,1,1,p8,INFP,villager,villager,91,question,,,,,v1
e-20260830-010837,e-20260830-010837-t007,e-20260830-010837-t007-c07,e-20260830-010837-t007-c07-s002,2,1,p7,INFP,werewolf,werewolf,66,agree|other,,,,,v1
e-20260830-010837,e-20260830-010837-t007,e-20260830-010837-t007-c07,e-20260830-010837-t007-c07-s003,3,1,p3,INFP,thief,thief,79,other,,,,,v1
e-20260830-010837,e-20260830-010837-t007,e-20260830-010837-t007-c07,e-20260830-010837-t007-c07-s004,4,1,p4,INFP,seer,seer,119,claim|suspect|question,p2,p2,suspect,3,v1
e-20260830-010837,e-20260830-010837-t007,e-20260830-010837-t007-c07,e-20260830-010837-t007-c07-s005,5,1,p6,INFP,villager,villager,113,other,,,,,v1
e-20260830-010837,e-20260830-010837-t007,e-20260830-010837-t007-c07,e-20260830-010837-t007-c07-s006,6,1,p2,INFP,werewolf,werewolf,108,agree|other,p4,,,,v1
e-20260830-010837,e-20260830-010837-t007,e-20260830-010837-t007-c07,e-20260830-010837-t007-c07-s007,7,2,p6,INFP,villager,villager,70,other,,,,,v1
e-20260830-010837,e-20260830-010837-t007,e-20260830-010837-t007-c07,e-20260830-010837-t007-c07-s008,8,2,p4,INFP,seer,seer,140,claim|suspect|question,p2,p2,suspect,3,v1
e-20260830-010837,e-20260830-010837-t007,e-20260830-010837-t007-c07,e-20260830-010837-t007-c07-s009,9,2,p8,INFP,villager,villager,101,question|other,,,,,v1
e-20260830-010837,e-20260830-010837-t007,e-20260830-010837-t007-c07,e-20260830-010837-t007-c07-s010,10,2,p2,INFP,werewolf,werewolf,109,claim|question,,,,,v1
e-20260830-010837,e-20260830-010837-t007,e-20260830-010837-t007-c07,e-20260830-010837-t007-c07-s011,11,2,p5,INFP,villager,villager,139,question|other,,,,,v1
e-20260830-010837,e-20260830-010837-t007,e-20260830-010837-t007-c07,e-20260830-010837-t007-c07-s012,12,2,p3,INFP,thief,thief,121,claim|suspect|question,p2,p2,suspect,3,v1
e-20260830-010837,e-20260830-010837-t007,e-20260830-010837-t007-c08,e-20260830-010837-t007-c08-s001,1,1,p7,INTP,werewolf,werewolf,81,claim|question|intent,,,,,v1
e-20260830-010837,e-20260830-010837-t007,e-20260830-010837-t007-c08,e-20260830-010837-t007-c08-s002,2,1,p3,INTP,thief,thief,54,claim|intent,,,,,v1
e-20260830-010837,e-20260830-010837-t007,e-20260830-010837-t007-c08,e-20260830-010837-t007-c08-s003,3,1,p4,INTP,seer,seer,90,claim|intent,,,,,v1
e-20260830-010837,e-20260830-010837-t007,e-20260830-010837-t007-c08,e-20260830-010837-t007-c08-s004,4,1,p2,INTP,werewolf,werewolf,97,claim|intent,p7,,,,v1
e-20260830-010837,e-20260830-010837-t007,e-20260830-010837-t007-c08,e-20260830-010837-t007-c08-s005,5,2,p4,INTP,seer,seer,102,claim|suspect|intent,p2,p2,suspect,3,v1
e-20260830-010837,e-20260830-010837-t007,e-20260830-010837-t007-c08,e-20260830-010837-t007-c08-s006,6,2,p2,INTP,werewolf,werewolf,94,claim|defend|rebut|intent,p7|p4|p2,,,,v1
e-20260830-010837,e-20260830-010837-t007,e-20260830-010837-t007-c08,e-20260830-010837-t007-c08-s007,7,2,p3,INTP,thief,thief,104,claim|suspect|hypothesis|intent,p2,p2,suspect,2,v1
e-20260830-010837,e-20260830-010837-t007,e-20260830-010837-t007-c08,e-20260830-010837-t007-c08-s008,8,2,p7,INTP,werewolf,werewolf,99,claim|suspect|intent,p2,p2,suspect,3,v1
e-20260830-010837,e-20260830-010837-t007,e-20260830-010837-t007-c09,e-20260830-010837-t007-c09-s001,1,1,p8,ESTP,villager,villager,44,intent,,,,,v1
e-20260830-010837,e-20260830-010837-t007,e-20260830-010837-t007-c09,e-20260830-010837-t007-c09-s002,2,1,p1,ESTP,villager,villager,49,intent,,,,,v1
e-20260830-010837,e-20260830-010837-t007,e-20260830-010837-t007-c09,e-20260830-010837-t007-c09-s003,3,1,p5,ESTP,villager,villager,81,intent,,,,,v1
e-20260830-010837,e-20260830-010837-t007,e-20260830-010837-t007-c09,e-20260830-010837-t007-c09-s004,4,1,p7,ESTP,werewolf,werewolf,86,suspect|claim,p2,p2,suspect,3,v1
e-20260830-010837,e-20260830-010837-t007,e-20260830-010837-t007-c09,e-20260830-010837-t007-c09-s005,5,1,p3,ESTP,thief,thief,38,question,,,,,v1
e-20260830-010837,e-20260830-010837-t007,e-20260830-010837-t007-c09,e-20260830-010837-t007-c09-s006,6,1,p4,ESTP,seer,seer,62,suspect|claim,p2,p2,suspect,3,v1
e-20260830-010837,e-20260830-010837-t007,e-20260830-010837-t007-c09,e-20260830-010837-t007-c09-s007,7,1,p6,ESTP,villager,villager,59,intent,,,,,v1
e-20260830-010837,e-20260830-010837-t007,e-20260830-010837-t007-c09,e-20260830-010837-t007-c09-s008,8,1,p2,ESTP,werewolf,werewolf,81,claim|defend|intent,p7,p7,defend,3,v1
e-20260830-010837,e-20260830-010837-t007,e-20260830-010837-t007-c09,e-20260830-010837-t007-c09-s009,9,2,p6,ESTP,villager,villager,93,agree|intent,p5,,,,v1
e-20260830-010837,e-20260830-010837-t007,e-20260830-010837-t007-c09,e-20260830-010837-t007-c09-s010,10,2,p4,ESTP,seer,seer,108,question,p2|p7,,,,v1
e-20260830-010837,e-20260830-010837-t007,e-20260830-010837-t007-c09,e-20260830-010837-t007-c09-s011,11,2,p1,ESTP,villager,villager,81,question,p2|p7,,,,v1
e-20260830-010837,e-20260830-010837-t007,e-20260830-010837-t007-c09,e-20260830-010837-t007-c09-s012,12,2,p8,ESTP,villager,villager,150,claim|intent,p2,,,,v1
e-20260830-010837,e-20260830-010837-t007,e-20260830-010837-t007-c09,e-20260830-010837-t007-c09-s013,13,2,p2,ESTP,werewolf,werewolf,88,intent,p7,,,,v1
e-20260830-010837,e-20260830-010837-t007,e-20260830-010837-t007-c09,e-20260830-010837-t007-c09-s014,14,2,p5,ESTP,villager,villager,92,question|hypothesis,p2,,,,v1
e-20260830-010837,e-20260830-010837-t007,e-20260830-010837-t007-c09,e-20260830-010837-t007-c09-s015,15,2,p3,ESTP,thief,thief,101,rebut|claim,p5|p7,p2,defend,2,v1
e-20260830-010837,e-20260830-010837-t007,e-20260830-010837-t007-c09,e-20260830-010837-t007-c09-s016,16,2,p7,ESTP,werewolf,werewolf,70,suspect|intent,p2|p6,p6,suspect,2,v1
e-20260830-010837,e-20260830-010837-t007,e-20260830-010837-t007-c09,e-20260830-010837-t007-c09-s017,17,4,p8,ESTP,villager,villager,88,question,p2,,,,v1
e-20260830-010837,e-20260830-010837-t007,e-20260830-010837-t007-c09,e-20260830-010837-t007-c09-s018,18,4,p2,ESTP,werewolf,werewolf,117,claim|intent,p8|p1|p4|p7,p4,defend,2,v1
e-20260830-010837,e-20260830-010837-t007,e-20260830-010837-t007-c09,e-20260830-010837-t007-c09-s019,19,4,p7,ESTP,werewolf,werewolf,115,agree|intent,p2|p1|p4,p4,defend,1,v1
e-20260830-010837,e-20260830-010837-t007,e-20260830-010837-t007-c09,e-20260830-010837-t007-c09-s020,20,5,p7,ESTP,werewolf,werewolf,76,question,p2|p1|p4,,,,v1
e-20260830-010837,e-20260830-010837-t007,e-20260830-010837-t007-c09,e-20260830-010837-t007-c09-s021,21,5,p6,ESTP,villager,villager,78,question,p2|p1|p4,,,,v1
e-20260830-010837,e-20260830-010837-t007,e-20260830-010837-t007-c09,e-20260830-010837-t007-c09-s022,22,5,p4,ESTP,seer,seer,102,question|agree,p6|p1|p4,,,,v1
e-20260830-010837,e-20260830-010837-t007,e-20260830-010837-t007-c09,e-20260830-010837-t007-c09-s023,23,5,p5,ESTP,villager,villager,136,defend|hypothesis,p2|p1|p4,p4,defend,2,v1
e-20260830-010837,e-20260830-010837-t007,e-20260830-010837-t007-c09,e-20260830-010837-t007-c09-s024,24,5,p8,ESTP,villager,villager,138,defend|hypothesis|agree,p2|p1|p4,p4,defend,2,v1
e-20260830-010837,e-20260830-010837-t007,e-20260830-010837-t007-c09,e-20260830-010837-t007-c09-s025,25,5,p2,ESTP,werewolf,werewolf,91,question,p1|p4,,,,v1
e-20260830-010837,e-20260830-010837-t007,e-20260830-010837-t007-c10,e-20260830-010837-t007-c10-s001,1,1,p8,ESFP,villager,villager,69,question,,,,,v1
e-20260830-010837,e-20260830-010837-t007,e-20260830-010837-t007-c10,e-20260830-010837-t007-c10-s002,2,1,p1,ESFP,villager,villager,50,other,,,,,v1
e-20260830-010837,e-20260830-010837-t007,e-20260830-010837-t007-c10,e-20260830-010837-t007-c10-s003,3,1,p5,ESFP,villager,villager,101,question,,,,,v1
e-20260830-010837,e-20260830-010837-t007,e-20260830-010837-t007-c10,e-20260830-010837-t007-c10-s004,4,1,p7,ESFP,werewolf,werewolf,109,question,,,,,v1
e-20260830-010837,e-20260830-010837-t007,e-20260830-010837-t007-c10,e-20260830-010837-t007-c10-s005,5,1,p3,ESFP,thief,thief,85,claim|question,,,,,v1
e-20260830-010837,e-20260830-010837-t007,e-20260830-010837-t007-c10,e-20260830-010837-t007-c10-s006,6,1,p4,ESFP,seer,seer,91,claim|suspect,p2,p2,suspect,3,v1
e-20260830-010837,e-20260830-010837-t007,e-20260830-010837-t007-c10,e-20260830-010837-t007-c10-s007,7,1,p6,ESFP,villager,villager,55,other,,,,,v1
e-20260830-010837,e-20260830-010837-t007,e-20260830-010837-t007-c10,e-20260830-010837-t007-c10-s008,8,1,p2,ESFP,werewolf,werewolf,84,claim|intent,,,,,v1
e-20260830-010837,e-20260830-010837-t007,e-20260830-010837-t007-c10,e-20260830-010837-t007-c10-s009,9,2,p6,ESFP,villager,villager,82,question,,,,,v1
e-20260830-010837,e-20260830-010837-t007,e-20260830-010837-t007-c10,e-20260830-010837-t007-c10-s010,10,2,p4,ESFP,seer,seer,101,claim|suspect,p2,p2,suspect,3,v1
e-20260830-010837,e-20260830-010837-t007,e-20260830-010837-t007-c10,e-20260830-010837-t007-c10-s011,11,2,p1,ESFP,villager,villager,98,question|intent,,,,,v1
e-20260830-010837,e-20260830-010837-t007,e-20260830-010837-t007-c10,e-20260830-010837-t007-c10-s012,12,2,p8,ESFP,villager,villager,104,question,,,,,v1
e-20260830-010837,e-20260830-010837-t007,e-20260830-010837-t007-c10,e-20260830-010837-t007-c10-s013,13,2,p2,ESFP,werewolf,werewolf,86,question|suspect,p7,p7,suspect,1,v1
e-20260830-010837,e-20260830-010837-t007,e-20260830-010837-t007-c10,e-20260830-010837-t007-c10-s014,14,2,p5,ESFP,villager,villager,108,question,,,,,v1
e-20260830-010837,e-20260830-010837-t007,e-20260830-010837-t007-c10,e-20260830-010837-t007-c10-s015,15,2,p3,ESFP,thief,thief,96,question|hypothesis,,,,,v1
e-20260830-010837,e-20260830-010837-t007,e-20260830-010837-t007-c10,e-20260830-010837-t007-c10-s016,16,2,p7,ESFP,werewolf,werewolf,80,claim|suspect|question,p2,p2,suspect,3,v1
e-20260830-010837,e-20260830-010837-t007,e-20260830-010837-t007-c11,e-20260830-010837-t007-c11-s001,1,1,p8,ENFP,villager,villager,76,question,,,,,v1
e-20260830-010837,e-20260830-010837-t007,e-20260830-010837-t007-c11,e-20260830-010837-t007-c11-s002,2,1,p1,ENFP,villager,villager,72,claim|question,,,,,v1
e-20260830-010837,e-20260830-010837-t007,e-20260830-010837-t007-c11,e-20260830-010837-t007-c11-s003,3,1,p5,ENFP,villager,villager,75,claim|question,,,,,v1
e-20260830-010837,e-20260830-010837-t007,e-20260830-010837-t007-c11,e-20260830-010837-t007-c11-s004,4,1,p7,ENFP,werewolf,werewolf,58,claim|question,,,,,v1
e-20260830-010837,e-20260830-010837-t007,e-20260830-010837-t007-c11,e-20260830-010837-t007-c11-s005,5,1,p3,ENFP,thief,thief,78,claim|question,,,,,v1
e-20260830-010837,e-20260830-010837-t007,e-20260830-010837-t007-c11,e-20260830-010837-t007-c11-s006,6,1,p4,ENFP,seer,seer,60,claim|question,,,,,v1
e-20260830-010837,e-20260830-010837-t007,e-20260830-010837-t007-c11,e-20260830-010837-t007-c11-s007,7,1,p6,ENFP,villager,villager,66,claim|question|intent,,,,,v1
e-20260830-010837,e-20260830-010837-t007,e-20260830-010837-t007-c11,e-20260830-010837-t007-c11-s008,8,1,p2,ENFP,werewolf,werewolf,94,claim|question|suspect,p7,p7,suspect,3,v1
e-20260830-010837,e-20260830-010837-t007,e-20260830-010837-t007-c11,e-20260830-010837-t007-c11-s009,9,2,p6,ENFP,villager,villager,92,question,,,,,v1
e-20260830-010837,e-20260830-010837-t007,e-20260830-010837-t007-c11,e-20260830-010837-t007-c11-s010,10,2,p4,ENFP,seer,seer,87,claim|question|suspect,p2|p7,p7,suspect,1,v1
e-20260830-010837,e-20260830-010837-t007,e-20260830-010837-t007-c11,e-20260830-010837-t007-c11-s011,11,2,p1,ENFP,villager,villager,89,question|suspect,p2|p7,p7,suspect,1,v1
e-20260830-010837,e-20260830-010837-t007,e-20260830-010837-t007-c11,e-20260830-010837-t007-c11-s012,12,2,p8,ENFP,villager,villager,92,question,,,,,v1
e-20260830-010837,e-20260830-010837-t007,e-20260830-010837-t007-c11,e-20260830-010837-t007-c11-s013,13,2,p2,ENFP,werewolf,werewolf,101,question|suspect,p7,p7,suspect,2,v1
e-20260830-010837,e-20260830-010837-t007,e-20260830-010837-t007-c11,e-20260830-010837-t007-c11-s014,14,2,p5,ENFP,villager,villager,78,question,,,,,v1
e-20260830-010837,e-20260830-010837-t007,e-20260830-010837-t007-c11,e-20260830-010837-t007-c11-s015,15,2,p3,ENFP,thief,thief,92,question,,,,,v1
e-20260830-010837,e-20260830-010837-t007,e-20260830-010837-t007-c11,e-20260830-010837-t007-c11-s016,16,2,p7,ENFP,werewolf,werewolf,87,question|suspect,p2,p2,suspect,1,v1
e-20260830-010837,e-20260830-010837-t007,e-20260830-010837-t007-c11,e-20260830-010837-t007-c11-s017,17,4,p8,ENFP,villager,villager,92,question|claim,,,,,v1
e-20260830-010837,e-20260830-010837-t007,e-20260830-010837-t007-c12,e-20260830-010837-t007-c12-s001,1,1,p8,ENTP,villager,villager,71,question|intent,,,,,v1
e-20260830-010837,e-20260830-010837-t007,e-20260830-010837-t007-c12,e-20260830-010837-t007-c12-s002,2,1,p7,ENTP,werewolf,werewolf,73,claim|suspect|question,p2,p2,suspect,3,v1
e-20260830-010837,e-20260830-010837-t007,e-20260830-010837-t007-c12,e-20260830-010837-t007-c12-s003,3,1,p3,ENTP,thief,thief,81,question|intent,p8,,,,v1
e-20260830-010837,e-20260830-010837-t007,e-20260830-010837-t007-c12,e-20260830-010837-t007-c12-s004,4,1,p4,ENTP,seer,seer,80,claim|suspect,p2,p2,suspect,3,v1
e-20260830-010837,e-20260830-010837-t007,e-20260830-010837-t007-c12,e-20260830-010837-t007-c12-s005,5,1,p6,ENTP,villager,villager,62,other,,,,,v1
e-20260830-010837,e-20260830-010837-t007,e-20260830-010837-t007-c12,e-20260830-010837-t007-c12-s006,6,1,p2,ENTP,werewolf,werewolf,65,claim|suspect,p7,p7,suspect,3,v1
e-20260830-010837,e-20260830-010837-t007,e-20260830-010837-t007-c12,e-20260830-010837-t007-c12-s007,7,2,p6,ENTP,villager,villager,83,question|intent,,,,,v1
e-20260830-010837,e-20260830-010837-t007,e-20260830-010837-t007-c12,e-20260830-010837-t007-c12-s008,8,2,p4,ENTP,seer,seer,134,claim|suspect|hypothesis,p2,p2,suspect,3,v1
e-20260830-010837,e-20260830-010837-t007,e-20260830-010837-t007-c12,e-20260830-010837-t007-c12-s009,9,2,p1,ENTP,villager,villager,107,question|intent,,,,,v1
e-20260830-010837,e-20260830-010837-t007,e-20260830-010837-t007-c12,e-20260830-010837-t007-c12-s010,10,2,p8,ENTP,villager,villager,103,question|intent,,,,,v1
e-20260830-010837,e-20260830-010837-t007,e-20260830-010837-t007-c12,e-20260830-010837-t007-c12-s011,11,2,p2,ENTP,werewolf,werewolf,120,claim|suspect|question|intent,p7|p4,p7,suspect,3,v1
e-20260830-010837,e-20260830-010837-t007,e-20260830-010837-t007-c12,e-20260830-010837-t007-c12-s012,12,2,p5,ENTP,villager,villager,99,question|intent,,,,,v1
e-20260830-010837,e-20260830-010837-t007,e-20260830-010837-t007-c12,e-20260830-010837-t007-c12-s013,13,2,p3,ENTP,thief,thief,103,question|intent,,,,,v1
e-20260830-010837,e-20260830-010837-t007,e-20260830-010837-t007-c12,e-20260830-010837-t007-c12-s014,14,2,p7,ENTP,werewolf,werewolf,87,claim|suspect|intent,p2,p2,suspect,3,v1
e-20260830-010837,e-20260830-010837-t007,e-20260830-010837-t007-c12,e-20260830-010837-t007-c12-s015,15,3,p5,ENTP,villager,villager,95,question|intent,,,,,v1
e-20260830-010837,e-20260830-010837-t007,e-20260830-010837-t007-c12,e-20260830-010837-t007-c12-s016,16,3,p1,ENTP,villager,villager,80,intent,,,,,v1
e-20260830-010837,e-20260830-010837-t007,e-20260830-010837-t007-c12,e-20260830-010837-t007-c12-s017,17,4,p2,ENTP,werewolf,werewolf,120,claim|question|suspect,p7|p4,p4,suspect,2,v1
e-20260830-010837,e-20260830-010837-t007,e-20260830-010837-t007-c12,e-20260830-010837-t007-c12-s018,18,4,p7,ENTP,werewolf,werewolf,113,suspect,p2,p2,suspect,2,v1
e-20260830-010837,e-20260830-010837-t007,e-20260830-010837-t007-c12,e-20260830-010837-t007-c12-s019,19,4,p3,ENTP,thief,thief,84,suspect|intent,p2,p2,suspect,3,v1
e-20260830-010837,e-20260830-010837-t007,e-20260830-010837-t007-c12,e-20260830-010837-t007-c12-s020,20,5,p3,ENTP,thief,thief,112,agree|suspect|intent,p2,p2,suspect,2,v1
e-20260830-010837,e-20260830-010837-t007,e-20260830-010837-t007-c12,e-20260830-010837-t007-c12-s021,21,5,p7,ENTP,werewolf,werewolf,154,suspect|question,p2,p2,suspect,3,v1
e-20260830-010837,e-20260830-010837-t007,e-20260830-010837-t007-c12,e-20260830-010837-t007-c12-s022,22,5,p6,ENTP,villager,villager,148,agree|question,p2,p2,suspect,2,v1
e-20260830-010837,e-20260830-010837-t007,e-20260830-010837-t007-c12,e-20260830-010837-t007-c12-s023,23,5,p5,ENTP,villager,villager,148,agree|question,p2,p2,suspect,2,v1
e-20260830-010837,e-20260830-010837-t007,e-20260830-010837-t007-c12,e-20260830-010837-t007-c12-s024,24,5,p1,ENTP,villager,villager,173,agree|suspect|question,p2,p2,suspect,2,v1
e-20260830-010837,e-20260830-010837-t007,e-20260830-010837-t007-c13,e-20260830-010837-t007-c13-s001,1,1,p8,ESTJ,villager,villager,82,question|other,,,,,v1
e-20260830-010837,e-20260830-010837-t007,e-20260830-010837-t007-c13,e-20260830-010837-t007-c13-s002,2,1,p1,ESTJ,villager,villager,74,question,p2|p3|p4|p5|p6|p7|p8,,,,v1
e-20260830-010837,e-20260830-010837-t007,e-20260830-010837-t007-c13,e-20260830-010837-t007-c13-s003,3,1,p5,ESTJ,villager,villager,88,question|other,,,,,v1
e-20260830-010837,e-20260830-010837-t007,e-20260830-010837-t007-c13,e-20260830-010837-t007-c13-s004,4,1,p7,ESTJ,werewolf,werewolf,39,suspect|question,p2,p2,suspect,2,v1
e-20260830-010837,e-20260830-010837-t007,e-20260830-010837-t007-c13,e-20260830-010837-t007-c13-s005,5,1,p3,ESTJ,thief,thief,104,claim|question,,,,,v1
e-20260830-010837,e-20260830-010837-t007,e-20260830-010837-t007-c13,e-20260830-010837-t007-c13-s006,6,1,p4,ESTJ,seer,seer,102,claim|suspect|question,p2,p2,suspect,3,v1
e-20260830-010837,e-20260830-010837-t007,e-20260830-010837-t007-c13,e-20260830-010837-t007-c13-s007,7,1,p2,ESTJ,werewolf,werewolf,91,suspect|intent,p7,p7,suspect,3,v1
e-20260830-010837,e-20260830-010837-t007,e-20260830-010837-t007-c13,e-20260830-010837-t007-c13-s008,8,2,p4,ESTJ,seer,seer,100,question|suspect,p2,p2,suspect,2,v1
e-20260830-010837,e-20260830-010837-t007,e-20260830-010837-t007-c13,e-20260830-010837-t007-c13-s009,9,2,p1,ESTJ,villager,villager,109,claim,p4,,,,v1
e-20260830-010837,e-20260830-010837-t007,e-20260830-010837-t007-c13,e-20260830-010837-t007-c13-s010,10,2,p8,ESTJ,villager,villager,65,agree,p2,,,,v1
e-20260830-010837,e-20260830-010837-t007,e-20260830-010837-t007-c13,e-20260830-010837-t007-c13-s011,11,2,p2,ESTJ,werewolf,werewolf,119,suspect|claim,p4|p7,p7,suspect,3,v1
e-20260830-010837,e-20260830-010837-t007,e-20260830-010837-t007-c13,e-20260830-010837-t007-c13-s012,12,2,p3,ESTJ,thief,thief,124,rebut|hypothesis|suspect,p2|p7|p4,p7,suspect,2,v1
e-20260830-010837,e-20260830-010837-t007,e-20260830-010837-t007-c13,e-20260830-010837-t007-c13-s013,13,2,p7,ESTJ,werewolf,werewolf,136,agree|question,p3|p2|p4,,,,v1
e-20260830-010837,e-20260830-010837-t007,e-20260830-010837-t007-c14,e-20260830-010837-t007-c14-s001,1,1,p1,ESFJ,villager,villager,48,question,,,,,v1
e-20260830-010837,e-20260830-010837-t007,e-20260830-010837-t007-c14,e-20260830-010837-t007-c14-s002,2,1,p7,ESFJ,werewolf,werewolf,75,question|other,,,,,v1
e-20260830-010837,e-20260830-010837-t007,e-20260830-010837-t007-c14,e-20260830-010837-t007-c14-s003,3,1,p3,ESFJ,thief,thief,33,other,,,,,v1
e-20260830-010837,e-20260830-010837-t007,e-20260830-010837-t007-c14,e-20260830-010837-t007-c14-s004,4,1,p4,ESFJ,seer,seer,53,claim,,,,,v1
e-20260830-010837,e-20260830-010837-t007,e-20260830-010837-t007-c14,e-20260830-010837-t007-c14-s005,5,1,p6,ESFJ,villager,villager,58,other,,,,,v1
e-20260830-010837,e-20260830-010837-t007,e-20260830-010837-t007-c14,e-20260830-010837-t007-c14-s006,6,1,p2,ESFJ,werewolf,werewolf,58,other,,,,,v1
e-20260830-010837,e-20260830-010837-t007,e-20260830-010837-t007-c14,e-20260830-010837-t007-c14-s007,7,2,p6,ESFJ,villager,villager,66,question,,,,,v1
e-20260830-010837,e-20260830-010837-t007,e-20260830-010837-t007-c14,e-20260830-010837-t007-c14-s008,8,2,p4,ESFJ,seer,seer,72,claim|suspect,p2,p2,suspect,3,v1
e-20260830-010837,e-20260830-010837-t007,e-20260830-010837-t007-c14,e-20260830-010837-t007-c14-s009,9,2,p1,ESFJ,villager,villager,106,question|suspect,p4,p4,suspect,1,v1
e-20260830-010837,e-20260830-010837-t007,e-20260830-010837-t007-c14,e-20260830-010837-t007-c14-s010,10,2,p8,ESFJ,villager,villager,92,agree|suspect|question,p4|p2,p2,suspect,1,v1
e-20260830-010837,e-20260830-010837-t007,e-20260830-010837-t007-c14,e-20260830-010837-t007-c14-s011,11,2,p2,ESFJ,werewolf,werewolf,104,question,p4,,,,v1
e-20260830-010837,e-20260830-010837-t007,e-20260830-010837-t007-c14,e-20260830-010837-t007-c14-s012,12,2,p5,ESFJ,villager,villager,114,agree|suspect|question,p4|p2,p2,suspect,1,v1
e-20260830-010837,e-20260830-010837-t007,e-20260830-010837-t007-c14,e-20260830-010837-t007-c14-s013,13,2,p3,ESFJ,thief,thief,89,claim,p4,,,,v1
e-20260830-010837,e-20260830-010837-t007,e-20260830-010837-t007-c14,e-20260830-010837-t007-c14-s014,14,2,p7,ESFJ,werewolf,werewolf,67,agree|suspect|hypothesis,p2,p2,suspect,1,v1
e-20260830-010837,e-20260830-010837-t007,e-20260830-010837-t007-c14,e-20260830-010837-t007-c14-s015,15,3,p5,ESFJ,villager,villager,76,agree|suspect|hypothesis,p2,p2,suspect,1,v1
e-20260830-010837,e-20260830-010837-t007,e-20260830-010837-t007-c14,e-20260830-010837-t007-c14-s016,16,3,p8,ESFJ,villager,villager,76,agree|suspect|hypothesis,p2,p2,suspect,1,v1
e-20260830-010837,e-20260830-010837-t007,e-20260830-010837-t007-c14,e-20260830-010837-t007-c14-s017,17,4,p1,ESFJ,villager,villager,89,suspect|agree|hypothesis,p2|p4,p2,suspect,1,v1
e-20260830-010837,e-20260830-010837-t007,e-20260830-010837-t007-c14,e-20260830-010837-t007-c14-s018,18,4,p2,ESFJ,werewolf,werewolf,97,agree|suspect|intent,p4|p2,,,,v1
e-20260830-010837,e-20260830-010837-t007,e-20260830-010837-t007-c14,e-20260830-010837-t007-c14-s019,19,4,p7,ESFJ,werewolf,werewolf,93,claim|agree|rebut|intent,p2,p2,suspect,1,v1
e-20260830-010837,e-20260830-010837-t007,e-20260830-010837-t007-c14,e-20260830-010837-t007-c14-s020,20,4,p4,ESFJ,seer,seer,120,agree|rebut|intent,p2,p2,suspect,1,v1
e-20260830-010837,e-20260830-010837-t007,e-20260830-010837-t007-c14,e-20260830-010837-t007-c14-s021,21,5,p7,ESFJ,werewolf,werewolf,95,agree|rebut|hypothesis,p4|p2,p2,suspect,1,v1
e-20260830-010837,e-20260830-010837-t007,e-20260830-010837-t007-c15,e-20260830-010837-t007-c15-s001,1,1,p1,ENFJ,villager,villager,87,other,,,,,v1
e-20260830-010837,e-20260830-010837-t007,e-20260830-010837-t007-c15,e-20260830-010837-t007-c15-s002,2,1,p7,ENFJ,werewolf,werewolf,95,other,,,,,v1
e-20260830-010837,e-20260830-010837-t007,e-20260830-010837-t007-c15,e-20260830-010837-t007-c15-s003,3,1,p3,ENFJ,thief,thief,70,other,,,,,v1
e-20260830-010837,e-20260830-010837-t007,e-20260830-010837-t007-c15,e-20260830-010837-t007-c15-s004,4,1,p4,ENFJ,seer,seer,80,claim,,,,,v1
e-20260830-010837,e-20260830-010837-t007,e-20260830-010837-t007-c15,e-20260830-010837-t007-c15-s005,5,1,p6,ENFJ,villager,villager,97,other,,,,,v1
e-20260830-010837,e-20260830-010837-t007,e-20260830-010837-t007-c15,e-20260830-010837-t007-c15-s006,6,1,p2,ENFJ,werewolf,werewolf,106,intent,,,,,v1
e-20260830-010837,e-20260830-010837-t007,e-20260830-010837-t007-c15,e-20260830-010837-t007-c15-s007,7,2,p4,ENFJ,seer,seer,106,claim|suspect,p2,p2,suspect,3,v1
e-20260830-010837,e-20260830-010837-t007,e-20260830-010837-t007-c15,e-20260830-010837-t007-c15-s008,8,2,p1,ENFJ,villager,villager,79,other,p4,,,,v1
e-20260830-010837,e-20260830-010837-t007,e-20260830-010837-t007-c15,e-20260830-010837-t007-c15-s009,9,2,p2,ENFJ,werewolf,werewolf,100,suspect|claim|intent,p7,p7,suspect,3,v1
e-20260830-010837,e-20260830-010837-t007,e-20260830-010837-t007-c15,e-20260830-010837-t007-c15-s010,10,2,p5,ENFJ,villager,villager,91,other,,,,,v1
e-20260830-010837,e-20260830-010837-t007,e-20260830-010837-t007-c15,e-20260830-010837-t007-c15-s011,11,2,p3,ENFJ,thief,thief,68,claim|defend,p1,p1,defend,2,v1
e-20260830-010837,e-20260830-010837-t007,e-20260830-010837-t007-c15,e-20260830-010837-t007-c15-s012,12,3,p7,ENFJ,werewolf,werewolf,87,claim|intent,,,,,v1
e-20260830-010837,e-20260830-010837-t007,e-20260830-010837-t007-c15,e-20260830-010837-t007-c15-s013,13,4,p1,ENFJ,villager,villager,83,claim,p4,,,,v1
e-20260830-010837,e-20260830-010837-t007,e-20260830-010837-t007-c15,e-20260830-010837-t007-c15-s014,14,4,p4,ENFJ,seer,seer,111,suspect,p2,p2,suspect,3,v1
e-20260830-010837,e-20260830-010837-t007,e-20260830-010837-t007-c15,e-20260830-010837-t007-c15-s015,15,5,p4,ENFJ,seer,seer,87,suspect,p2,p2,suspect,2,v1
e-20260830-010837,e-20260830-010837-t007,e-20260830-010837-t007-c15,e-20260830-010837-t007-c15-s016,16,5,p1,ENFJ,villager,villager,124,suspect|intent,p2,p2,suspect,3,v1
e-20260830-010837,e-20260830-010837-t007,e-20260830-010837-t007-c16,e-20260830-010837-t007-c16-s001,1,1,p8,ENTJ,villager,villager,50,question,,,,,v1
e-20260830-010837,e-20260830-010837-t007,e-20260830-010837-t007-c16,e-20260830-010837-t007-c16-s002,2,1,p7,ENTJ,werewolf,werewolf,90,suspect,p2,p2,suspect,2,v1
e-20260830-010837,e-20260830-010837-t007,e-20260830-010837-t007-c16,e-20260830-010837-t007-c16-s003,3,1,p3,ENTJ,thief,thief,110,claim|question,,,,,v1
e-20260830-010837,e-20260830-010837-t007,e-20260830-010837-t007-c16,e-20260830-010837-t007-c16-s004,4,1,p4,ENTJ,seer,seer,88,claim|suspect|agree,p2|p7,p2,suspect,3,v1
e-20260830-010837,e-20260830-010837-t007,e-20260830-010837-t007-c16,e-20260830-010837-t007-c16-s005,5,1,p6,ENTJ,villager,villager,122,claim|hypothesis,,,,,v1
e-20260830-010837,e-20260830-010837-t007,e-20260830-010837-t007-c16,e-20260830-010837-t007-c16-s006,6,1,p2,ENTJ,werewolf,werewolf,146,claim|rebut|intent,p7,,,,v1
e-20260830-010837,e-20260830-010837-t007,e-20260830-010837-t007-c16,e-20260830-010837-t007-c16-s007,7,2,p4,ENTJ,seer,seer,134,claim|suspect|rebut,p2|p7,p2,suspect,3,v1
e-20260830-010837,e-20260830-010837-t007,e-20260830-010837-t007-c16,e-20260830-010837-t007-c16-s008,8,2,p2,ENTJ,werewolf,werewolf,132,rebut|intent,p4|p7,,,,v1
e-20260830-010837,e-20260830-010837-t007,e-20260830-010837-t007-c16,e-20260830-010837-t007-c16-s009,9,2,p7,ENTJ,werewolf,werewolf,159,hypothesis|suspect,p4|p2,p2,suspect,1,v1
e-20260830-010837,e-20260830-010837-t007,e-20260830-010837-t007-c16,e-20260830-010837-t007-c16-s010,10,3,p8,ENTJ,villager,villager,115,suspect|question|hypothesis,p2,p2,suspect,3,v1
e-20260830-010837,e-20260830-010837-t007,e-20260830-010837-t007-c16,e-20260830-010837-t007-c16-s011,11,3,p3,ENTJ,thief,thief,159,hypothesis|intent,p8,,,,v1
e-20260830-010837,e-20260830-010837-t007,e-20260830-010837-t007-c16,e-20260830-010837-t007-c16-s012,12,4,p2,ENTJ,werewolf,werewolf,190,hypothesis|intent,p8,,,,v1
e-20260830-010837,e-20260830-010837-t008,e-20260830-010837-t008-c00,e-20260830-010837-t008-c00-s001,1,1,p3,INFP,villager,villager,81,intent,,,,,v1
e-20260830-010837,e-20260830-010837-t008,e-20260830-010837-t008-c00,e-20260830-010837-t008-c00-s002,2,1,p2,ISFP,villager,villager,67,intent,,,,,v1
e-20260830-010837,e-20260830-010837-t008,e-20260830-010837-t008-c00,e-20260830-010837-t008-c00-s003,3,1,p7,ESTJ,seer,seer,101,claim|intent,,,,,v1
e-20260830-010837,e-20260830-010837-t008,e-20260830-010837-t008-c00,e-20260830-010837-t008-c00-s004,4,1,p5,ESFP,werewolf,werewolf,80,intent,,,,,v1
e-20260830-010837,e-20260830-010837-t008,e-20260830-010837-t008-c00,e-20260830-010837-t008-c00-s005,5,1,p6,ISFJ,thief,thief,99,claim|intent,,,,,v1
e-20260830-010837,e-20260830-010837-t008,e-20260830-010837-t008-c00,e-20260830-010837-t008-c00-s006,6,1,p8,ESTJ,werewolf,werewolf,82,claim|intent,,,,,v1
e-20260830-010837,e-20260830-010837-t008,e-20260830-010837-t008-c00,e-20260830-010837-t008-c00-s007,7,1,p1,ENFP,villager,villager,92,intent,,,,,v1
e-20260830-010837,e-20260830-010837-t008,e-20260830-010837-t008-c00,e-20260830-010837-t008-c00-s008,8,2,p5,ESFP,werewolf,werewolf,86,claim|intent,p8,p8,defend,1,v1
e-20260830-010837,e-20260830-010837-t008,e-20260830-010837-t008-c00,e-20260830-010837-t008-c00-s009,9,2,p7,ESTJ,seer,seer,94,claim|defend,p1,p1,defend,3,v1
e-20260830-010837,e-20260830-010837-t008,e-20260830-010837-t008-c00,e-20260830-010837-t008-c00-s010,10,2,p8,ESTJ,werewolf,werewolf,123,claim|intent,p5,p5,defend,1,v1
e-20260830-010837,e-20260830-010837-t008,e-20260830-010837-t008-c00,e-20260830-010837-t008-c00-s011,11,2,p3,INFP,villager,villager,91,intent|suspect,p8|p5,p5,suspect,1,v1
e-20260830-010837,e-20260830-010837-t008,e-20260830-010837-t008-c00,e-20260830-010837-t008-c00-s012,12,3,p6,ISFJ,thief,thief,89,intent|suspect,p8|p5,p5,suspect,1,v1
e-20260830-010837,e-20260830-010837-t008,e-20260830-010837-t008-c00,e-20260830-010837-t008-c00-s013,13,4,p6,ISFJ,thief,thief,63,question|suspect,p5,p5,suspect,1,v1
e-20260830-010837,e-20260830-010837-t008,e-20260830-010837-t008-c00,e-20260830-010837-t008-c00-s014,14,4,p3,INFP,villager,villager,110,question|suspect,p5,p5,suspect,1,v1
e-20260830-010837,e-20260830-010837-t008,e-20260830-010837-t008-c00,e-20260830-010837-t008-c00-s015,15,5,p5,ESFP,werewolf,werewolf,120,claim|question|intent,p8,,,,v1
e-20260830-010837,e-20260830-010837-t008,e-20260830-010837-t008-c00,e-20260830-010837-t008-c00-s016,16,6,p6,ISFJ,thief,thief,156,hypothesis|intent|suspect,p5|p8|p1,p1,suspect,1,v1
e-20260830-010837,e-20260830-010837-t008,e-20260830-010837-t008-c01,e-20260830-010837-t008-c01-s001,1,1,p2,ISTJ,villager,villager,63,question|intent,,,,,v1
e-20260830-010837,e-20260830-010837-t008,e-20260830-010837-t008-c01,e-20260830-010837-t008-c01-s002,2,1,p5,ISTJ,werewolf,werewolf,62,claim,,,,,v1
e-20260830-010837,e-20260830-010837-t008,e-20260830-010837-t008-c01,e-20260830-010837-t008-c01-s003,3,1,p6,ISTJ,thief,thief,58,claim|intent,,,,,v1
e-20260830-010837,e-20260830-010837-t008,e-20260830-010837-t008-c01,e-20260830-010837-t008-c01-s004,4,1,p8,ISTJ,werewolf,werewolf,59,claim|intent,,,,,v1
e-20260830-010837,e-20260830-010837-t008,e-20260830-010837-t008-c01,e-20260830-010837-t008-c01-s005,5,1,p1,ISTJ,villager,villager,63,intent,,,,,v1
e-20260830-010837,e-20260830-010837-t008,e-20260830-010837-t008-c01,e-20260830-010837-t008-c01-s006,6,2,p2,ISTJ,villager,villager,84,intent,,,,,v1
e-20260830-010837,e-20260830-010837-t008,e-20260830-010837-t008-c01,e-20260830-010837-t008-c01-s007,7,2,p5,ISTJ,werewolf,werewolf,93,claim|intent,p8,,,,v1
e-20260830-010837,e-20260830-010837-t008,e-20260830-010837-t008-c01,e-20260830-010837-t008-c01-s008,8,2,p7,ISTJ,seer,seer,76,claim|intent,,,,,v1
e-20260830-010837,e-20260830-010837-t008,e-20260830-010837-t008-c01,e-20260830-010837-t008-c01-s009,9,2,p6,ISTJ,thief,thief,106,claim,,,,,v1
e-20260830-010837,e-20260830-010837-t008,e-20260830-010837-t008-c01,e-20260830-010837-t008-c01-s010,10,2,p8,ISTJ,werewolf,werewolf,121,claim|hypothesis,p5,,,,v1
e-20260830-010837,e-20260830-010837-t008,e-20260830-010837-t008-c01,e-20260830-010837-t008-c01-s011,11,2,p1,ISTJ,villager,villager,87,claim|question,,,,,v1
e-20260830-010837,e-20260830-010837-t008,e-20260830-010837-t008-c01,e-20260830-010837-t008-c01-s012,12,2,p3,ISTJ,villager,villager,105,question,,,,,v1
e-20260830-010837,e-20260830-010837-t008,e-20260830-010837-t008-c01,e-20260830-010837-t008-c01-s013,13,3,p3,ISTJ,villager,villager,81,question,,,,,v1
e-20260830-010837,e-20260830-010837-t008,e-20260830-010837-t008-c01,e-20260830-010837-t008-c01-s014,14,3,p7,ISTJ,seer,seer,100,claim|question,,,,,v1
e-20260830-010837,e-20260830-010837-t008,e-20260830-010837-t008-c01,e-20260830-010837-t008-c01-s015,15,4,p8,ISTJ,werewolf,werewolf,116,question|hypothesis,p5,p5,suspect,1,v1
e-20260830-010837,e-20260830-010837-t008,e-20260830-010837-t008-c01,e-20260830-010837-t008-c01-s016,16,4,p6,ISTJ,thief,thief,118,suspect|intent,p5|p7|p8,p5,suspect,2,v1
e-20260830-010837,e-20260830-010837-t008,e-20260830-010837-t008-c01,e-20260830-010837-t008-c01-s017,17,4,p5,ISTJ,werewolf,werewolf,87,agree|hypothesis|suspect,p6|p5|p8,p8,suspect,1,v1
e-20260830-010837,e-20260830-010837-t008,e-20260830-010837-t008-c01,e-20260830-010837-t008-c01-s018,18,5,p3,ISTJ,villager,villager,93,question,,,,,v1
e-20260830-010837,e-20260830-010837-t008,e-20260830-010837-t008-c01,e-20260830-010837-t008-c01-s019,19,5,p8,ISTJ,werewolf,werewolf,66,question|hypothesis|suspect,p5,p5,suspect,1,v1
e-20260830-010837,e-20260830-010837-t008,e-20260830-010837-t008-c01,e-20260830-010837-t008-c01-s020,20,5,p2,ISTJ,villager,villager,89,question,,,,,v1
e-20260830-010837,e-20260830-010837-t008,e-20260830-010837-t008-c01,e-20260830-010837-t008-c01-s021,21,5,p5,ISTJ,werewolf,werewolf,121,rebut|defend|suspect|intent,p6|p5|p8,p8,suspect,2,v1
e-20260830-010837,e-20260830-010837-t008,e-20260830-010837-t008-c01,e-20260830-010837-t008-c01-s022,22,6,p3,ISTJ,villager,villager,106,question,p1,,,,v1
e-20260830-010837,e-20260830-010837-t008,e-20260830-010837-t008-c02,e-20260830-010837-t008-c02-s001,1,1,p7,ISFJ,seer,seer,86,intent,,,,,v1
e-20260830-010837,e-20260830-010837-t008,e-20260830-010837-t008-c02,e-20260830-010837-t008-c02-s002,2,1,p5,ISFJ,werewolf,werewolf,89,intent,,,,,v1
e-20260830-010837,e-20260830-010837-t008,e-20260830-010837-t008-c02,e-20260830-010837-t008-c02-s003,3,1,p6,ISFJ,thief,thief,75,claim|intent,p1,p1,defend,2,v1
e-20260830-010837,e-20260830-010837-t008,e-20260830-010837-t008-c02,e-20260830-010837-t008-c02-s004,4,1,p8,ISFJ,werewolf,werewolf,82,claim|intent,p5,p5,defend,2,v1
e-20260830-010837,e-20260830-010837-t008,e-20260830-010837-t008-c02,e-20260830-010837-t008-c02-s005,5,1,p1,ISFJ,villager,villager,79,intent,,,,,v1
e-20260830-010837,e-20260830-010837-t008,e-20260830-010837-t008-c02,e-20260830-010837-t008-c02-s006,6,2,p2,ISFJ,villager,villager,87,question|intent,,,,,v1
e-20260830-010837,e-20260830-010837-t008,e-20260830-010837-t008-c02,e-20260830-010837-t008-c02-s007,7,2,p5,ISFJ,werewolf,werewolf,111,claim|hypothesis|intent,p8|p1|p6,p8,defend,2,v1
e-20260830-010837,e-20260830-010837-t008,e-20260830-010837-t008-c02,e-20260830-010837-t008-c02-s008,8,2,p7,ISFJ,seer,seer,82,claim|intent,p8,p8,suspect,1,v1
e-20260830-010837,e-20260830-010837-t008,e-20260830-010837-t008-c02,e-20260830-010837-t008-c02-s009,9,2,p6,ISFJ,thief,thief,107,claim|hypothesis,p1|p5,p1,defend,2,v1
e-20260830-010837,e-20260830-010837-t008,e-20260830-010837-t008-c02,e-20260830-010837-t008-c02-s010,10,2,p8,ISFJ,werewolf,werewolf,86,claim|hypothesis,p5,p5,defend,2,v1
e-20260830-010837,e-20260830-010837-t008,e-20260830-010837-t008-c03,e-20260830-010837-t008-c03-s001,1,1,p7,INFJ,seer,seer,79,claim|question,,,,,v1
e-20260830-010837,e-20260830-010837-t008,e-20260830-010837-t008-c03,e-20260830-010837-t008-c03-s002,2,1,p5,INFJ,werewolf,werewolf,78,claim|question,,,,,v1
e-20260830-010837,e-20260830-010837-t008,e-20260830-010837-t008-c03,e-20260830-010837-t008-c03-s003,3,1,p6,INFJ,thief,thief,65,question|other,,,,,v1
e-20260830-010837,e-20260830-010837-t008,e-20260830-010837-t008-c03,e-20260830-010837-t008-c03-s004,4,1,p8,INFJ,werewolf,werewolf,84,claim|question,,,,,v1
e-20260830-010837,e-20260830-010837-t008,e-20260830-010837-t008-c03,e-20260830-010837-t008-c03-s005,5,2,p5,INFJ,werewolf,werewolf,99,claim|question,,,,,v1
e-20260830-010837,e-20260830-010837-t008,e-20260830-010837-t008-c03,e-20260830-010837-t008-c03-s006,6,2,p7,INFJ,seer,seer,85,claim|question,,,,,v1
e-20260830-010837,e-20260830-010837-t008,e-20260830-010837-t008-c03,e-20260830-010837-t008-c03-s007,7,2,p6,INFJ,thief,thief,74,question|suspect,p1|p2|p3,p3,suspect,1,v1
e-20260830-010837,e-20260830-010837-t008,e-20260830-010837-t008-c03,e-20260830-010837-t008-c03-s008,8,2,p8,INFJ,werewolf,werewolf,94,question|suspect,p1|p6,p6,suspect,1,v1
e-20260830-010837,e-20260830-010837-t008,e-20260830-010837-t008-c03,e-20260830-010837-t008-c03-s009,9,2,p1,INFJ,villager,villager,55,other,,,,,v1
e-20260830-010837,e-20260830-010837-t008,e-20260830-010837-t008-c03,e-20260830-010837-t008-c03-s010,10,3,p2,INFJ,villager,villager,95,suspect|question,p1,p1,suspect,2,v1
e-20260830-010837,e-20260830-010837-t008,e-20260830-010837-t008-c03,e-20260830-010837-t008-c03-s011,11,3,p3,INFJ,villager,villager,82,question|other,,,,,v1
e-20260830-010837,e-20260830-010837-t008,e-20260830-010837-t008-c03,e-20260830-010837-t008-c03-s012,12,3,p1,INFJ,villager,villager,54,claim,,,,,v1
e-20260830-010837,e-20260830-010837-t008,e-20260830-010837-t008-c03,e-20260830-010837-t008-c03-s013,13,3,p4,INFJ,villager,villager,51,question,p1,,,,v1
e-20260830-010837,e-20260830-010837-t008,e-20260830-010837-t008-c03,e-20260830-010837-t008-c03-s014,14,4,p8,INFJ,werewolf,werewolf,58,other,p1,,,,v1
e-20260830-010837,e-20260830-010837-t008,e-20260830-010837-t008-c03,e-20260830-010837-t008-c03-s015,15,4,p2,INFJ,villager,villager,30,question,p8,,,,v1
e-20260830-010837,e-20260830-010837-t008,e-20260830-010837-t008-c03,e-20260830-010837-t008-c03-s016,16,4,p4,INFJ,villager,villager,56,intent|other,p8|p1,,,,v1
e-20260830-010837,e-20260830-010837-t008,e-20260830-010837-t008-c03,e-20260830-010837-t008-c03-s017,17,4,p7,INFJ,seer,seer,91,suspect|hypothesis,p8|p1,p1,suspect,2,v1
e-20260830-010837,e-20260830-010837-t008,e-20260830-010837-t008-c03,e-20260830-010837-t008-c03-s018,18,5,p7,INFJ,seer,seer,52,question,p1,,,,v1
e-20260830-010837,e-20260830-010837-t008,e-20260830-010837-t008-c04,e-20260830-010837-t008-c04-s001,1,1,p7,INTJ,seer,seer,98,intent,,,,,v1
e-20260830-010837,e-20260830-010837-t008,e-20260830-010837-t008-c04,e-20260830-010837-t008-c04-s002,2,1,p5,INTJ,werewolf,werewolf,97,claim|intent,,,,,v1
e-20260830-010837,e-20260830-010837-t008,e-20260830-010837-t008-c04,e-20260830-010837-t008-c04-s003,3,1,p6,INTJ,thief,thief,101,claim|defend|intent,p1,p1,defend,2,v1
e-20260830-010837,e-20260830-010837-t008,e-20260830-010837-t008-c04,e-20260830-010837-t008-c04-s004,4,1,p8,INTJ,werewolf,werewolf,99,claim|suspect|intent,p5,p5,suspect,3,v1
e-20260830-010837,e-20260830-010837-t008,e-20260830-010837-t008-c04,e-20260830-010837-t008-c04-s005,5,1,p1,INTJ,villager,villager,96,intent,,,,,v1
e-20260830-010837,e-20260830-010837-t008,e-20260830-010837-t008-c04,e-20260830-010837-t008-c04-s006,6,2,p5,INTJ,werewolf,werewolf,113,claim|suspect|intent,p8,p8,suspect,3,v1
e-20260830-010837,e-20260830-010837-t008,e-20260830-010837-t008-c04,e-20260830-010837-t008-c04-s007,7,2,p7,INTJ,seer,seer,76,claim|intent,,,,,v1
e-20260830-010837,e-20260830-010837-t008,e-20260830-010837-t008-c04,e-20260830-010837-t008-c04-s008,8,2,p6,INTJ,thief,thief,120,claim|suspect|intent,p5,p5,suspect,3,v1
e-20260830-010837,e-20260830-010837-t008,e-20260830-010837-t008-c04,e-20260830-010837-t008-c04-s009,9,2,p8,INTJ,werewolf,werewolf,126,suspect|claim|intent,p5,p5,suspect,3,v1
e-20260830-010837,e-20260830-010837-t008,e-20260830-010837-t008-c05,e-20260830-010837-t008-c05-s001,1,1,p5,ISTP,werewolf,werewolf,51,claim|intent,,,,,v1
e-20260830-010837,e-20260830-010837-t008,e-20260830-010837-t008-c05,e-20260830-010837-t008-c05-s002,2,1,p8,ISTP,werewolf,werewolf,64,question|intent,,,,,v1
e-20260830-010837,e-20260830-010837-t008,e-20260830-010837-t008-c05,e-20260830-010837-t008-c05-s003,3,2,p5,ISTP,werewolf,werewolf,63,intent|question,,,,,v1
e-20260830-010837,e-20260830-010837-t008,e-20260830-010837-t008-c05,e-20260830-010837-t008-c05-s004,4,2,p6,ISTP,thief,thief,97,claim|hypothesis|defend,p1,p1,defend,2,v1
e-20260830-010837,e-20260830-010837-t008,e-20260830-010837-t008-c05,e-20260830-010837-t008-c05-s005,5,2,p8,ISTP,werewolf,werewolf,104,claim|question|defend,p5,p5,defend,2,v1
e-20260830-010837,e-20260830-010837-t008,e-20260830-010837-t008-c05,e-20260830-010837-t008-c05-s006,6,2,p1,ISTP,villager,villager,57,intent,,,,,v1
e-20260830-010837,e-20260830-010837-t008,e-20260830-010837-t008-c05,e-20260830-010837-t008-c05-s007,7,3,p2,ISTP,villager,villager,84,intent,,,,,v1
e-20260830-010837,e-20260830-010837-t008,e-20260830-010837-t008-c05,e-20260830-010837-t008-c05-s008,8,3,p6,ISTP,thief,thief,88,claim|hypothesis|suspect,p1,p1,suspect,2,v1
e-20260830-010837,e-20260830-010837-t008,e-20260830-010837-t008-c05,e-20260830-010837-t008-c05-s009,9,3,p3,ISTP,villager,villager,101,other,,,,,v1
e-20260830-010837,e-20260830-010837-t008,e-20260830-010837-t008-c05,e-20260830-010837-t008-c05-s010,10,3,p7,ISTP,seer,seer,41,question,p5|p1,,,,v1
e-20260830-010837,e-20260830-010837-t008,e-20260830-010837-t008-c05,e-20260830-010837-t008-c05-s011,11,3,p1,ISTP,villager,villager,84,question,p5,,,,v1
e-20260830-010837,e-20260830-010837-t008,e-20260830-010837-t008-c05,e-20260830-010837-t008-c05-s012,12,3,p4,ISTP,villager,villager,39,question,p5,,,,v1
e-20260830-010837,e-20260830-010837-t008,e-20260830-010837-t008-c05,e-20260830-010837-t008-c05-s013,13,4,p8,ISTP,werewolf,werewolf,123,question|agree,p5|p1,p1,defend,2,v1
e-20260830-010837,e-20260830-010837-t008,e-20260830-010837-t008-c05,e-20260830-010837-t008-c05-s014,14,4,p2,ISTP,villager,villager,106,question|agree,p5|p1,p1,defend,2,v1
e-20260830-010837,e-20260830-010837-t008,e-20260830-010837-t008-c05,e-20260830-010837-t008-c05-s015,15,4,p3,ISTP,villager,villager,134,question|agree,p5|p1,p1,defend,2,v1
e-20260830-010837,e-20260830-010837-t008,e-20260830-010837-t008-c05,e-20260830-010837-t008-c05-s016,16,4,p5,ISTP,werewolf,werewolf,99,suspect|hypothesis,p1,p1,suspect,1,v1
e-20260830-010837,e-20260830-010837-t008,e-20260830-010837-t008-c05,e-20260830-010837-t008-c05-s017,17,4,p7,ISTP,seer,seer,84,agree|defend,p5|p1,p1,defend,1,v1
e-20260830-010837,e-20260830-010837-t008,e-20260830-010837-t008-c05,e-20260830-010837-t008-c05-s018,18,5,p5,ISTP,werewolf,werewolf,100,question,p1,,,,v1
e-20260830-010837,e-20260830-010837-t008,e-20260830-010837-t008-c05,e-20260830-010837-t008-c05-s019,19,6,p7,ISTP,seer,seer,109,hypothesis|suspect,p5|p1,p1,suspect,1,v1
e-20260830-010837,e-20260830-010837-t008,e-20260830-010837-t008-c06,e-20260830-010837-t008-c06-s001,1,1,p7,ISFP,seer,seer,67,claim|question|defend,p1,p1,defend,2,v1
e-20260830-010837,e-20260830-010837-t008,e-20260830-010837-t008-c06,e-20260830-010837-t008-c06-s002,2,1,p5,ISFP,werewolf,werewolf,43,claim|question|defend,p8,p8,defend,2,v1
e-20260830-010837,e-20260830-010837-t008,e-20260830-010837-t008-c06,e-20260830-010837-t008-c06-s003,3,1,p8,ISFP,werewolf,werewolf,84,claim|intent,p1|p5,,,,v1
e-20260830-010837,e-20260830-010837-t008,e-20260830-010837-t008-c06,e-20260830-010837-t008-c06-s004,4,2,p7,ISFP,seer,seer,82,claim|agree,p1|p8,p1,defend,2,v1
e-20260830-010837,e-20260830-010837-t008,e-20260830-010837-t008-c06,e-20260830-010837-t008-c06-s005,5,2,p8,ISFP,werewolf,werewolf,98,defend|intent|hypothesis,p1|p5,p5,defend,1,v1
e-20260830-010837,e-20260830-010837-t008,e-20260830-010837-t008-c06,e-20260830-010837-t008-c06-s006,6,3,p6,ISFP,thief,thief,98,defend|intent|hypothesis,p1|p5,p5,defend,1,v1
e-20260830-010837,e-20260830-010837-t008,e-20260830-010837-t008-c06,e-20260830-010837-t008-c06-s007,7,4,p6,ISFP,thief,thief,98,defend|intent|hypothesis,p1|p5,p5,defend,1,v1
e-20260830-010837,e-20260830-010837-t008,e-20260830-010837-t008-c06,e-20260830-010837-t008-c06-s008,8,4,p5,ISFP,werewolf,werewolf,73,suspect|question,p1|p5,p1,suspect,2,v1
e-20260830-010837,e-20260830-010837-t008,e-20260830-010837-t008-c06,e-20260830-010837-t008-c06-s009,9,4,p7,ISFP,seer,seer,78,suspect|question|agree,p5|p1,p1,suspect,1,v1
e-20260830-010837,e-20260830-010837-t008,e-20260830-010837-t008-c06,e-20260830-010837-t008-c06-s010,10,5,p8,ISFP,werewolf,werewolf,120,suspect|agree,p1|p5,p1,suspect,1,v1
e-20260830-010837,e-20260830-010837-t008,e-20260830-010837-t008-c06,e-20260830-010837-t008-c06-s011,11,5,p7,ISFP,seer,seer,123,suspect|agree|intent,p5|p1,p1,suspect,2,v1
e-20260830-010837,e-20260830-010837-t008,e-20260830-010837-t008-c06,e-20260830-010837-t008-c06-s012,12,5,p5,ISFP,werewolf,werewolf,93,suspect|question,p1,p1,suspect,2,v1
e-20260830-010837,e-20260830-010837-t008,e-20260830-010837-t008-c06,e-20260830-010837-t008-c06-s013,13,6,p6,ISFP,thief,thief,133,suspect,p1,p1,suspect,2,v1
e-20260830-010837,e-20260830-010837-t008,e-20260830-010837-t008-c07,e-20260830-010837-t008-c07-s001,1,1,p3,INFP,villager,villager,81,other,,,,,v1
e-20260830-010837,e-20260830-010837-t008,e-20260830-010837-t008-c07,e-20260830-010837-t008-c07-s002,2,1,p2,INFP,villager,villager,99,intent|other,,,,,v1
e-20260830-010837,e-20260830-010837-t008,e-20260830-010837-t008-c07,e-20260830-010837-t008-c07-s003,3,1,p7,INFP,seer,seer,94,claim|intent,,,,,v1
e-20260830-010837,e-20260830-010837-t008,e-20260830-010837-t008-c07,e-20260830-010837-t008-c07-s004,4,1,p5,INFP,werewolf,werewolf,81,claim|intent,p8,p8,defend,2,v1
e-20260830-010837,e-20260830-010837-t008,e-20260830-010837-t008-c07,e-20260830-010837-t008-c07-s005,5,1,p6,INFP,thief,thief,79,claim|intent,p1,p1,defend,2,v1
e-20260830-010837,e-20260830-010837-t008,e-20260830-010837-t008-c07,e-20260830-010837-t008-c07-s006,6,1,p8,INFP,werewolf,werewolf,78,claim|intent,p5,p5,defend,2,v1
e-20260830-010837,e-20260830-010837-t008,e-20260830-010837-t008-c07,e-20260830-010837-t008-c07-s007,7,1,p1,INFP,villager,villager,74,claim|other,,,,,v1
e-20260830-010837,e-20260830-010837-t008,e-20260830-010837-t008-c07,e-20260830-010837-t008-c07-s008,8,2,p2,INFP,villager,villager,109,question,,,,,v1
e-20260830-010837,e-20260830-010837-t008,e-20260830-010837-t008-c07,e-20260830-010837-t008-c07-s009,9,2,p5,INFP,werewolf,werewolf,93,claim|question|defend,p8,p8,defend,2,v1
e-20260830-010837,e-20260830-010837-t008,e-20260830-010837-t008-c07,e-20260830-010837-t008-c07-s010,10,2,p7,INFP,seer,seer,118,claim|intent,p1,p1,defend,3,v1
e-20260830-010837,e-20260830-010837-t008,e-20260830-010837-t008-c07,e-20260830-010837-t008-c07-s011,11,2,p6,INFP,thief,thief,116,claim|question|intent,p1,p1,defend,3,v1
e-20260830-010837,e-20260830-010837-t008,e-20260830-010837-t008-c07,e-20260830-010837-t008-c07-s012,12,2,p3,INFP,villager,villager,108,agree|intent,p7,p7,defend,1,v1
e-20260830-010837,e-20260830-010837-t008,e-20260830-010837-t008-c07,e-20260830-010837-t008-c07-s013,13,3,p8,INFP,werewolf,werewolf,153,defend|suspect|hypothesis|rebut,p5,p5,suspect,2,v1
e-20260830-010837,e-20260830-010837-t008,e-20260830-010837-t008-c07,e-20260830-010837-t008-c07-s014,14,4,p8,INFP,werewolf,werewolf,127,agree|hypothesis|rebut,p5,p5,suspect,1,v1
e-20260830-010837,e-20260830-010837-t008,e-20260830-010837-t008-c07,e-20260830-010837-t008-c07-s015,15,4,p3,INFP,villager,villager,151,agree|hypothesis|intent,p8|p5,p5,suspect,1,v1
e-20260830-010837,e-20260830-010837-t008,e-20260830-010837-t008-c07,e-20260830-010837-t008-c07-s016,16,4,p5,INFP,werewolf,werewolf,151,agree|hypothesis|intent,p8|p5,,,,v1
e-20260830-010837,e-20260830-010837-t008,e-20260830-010837-t008-c07,e-20260830-010837-t008-c07-s017,17,4,p1,INFP,villager,villager,200,question|suspect,p2|p5|p7,p5,suspect,3,v1
e-20260830-010837,e-20260830-010837-t008,e-20260830-010837-t008-c07,e-20260830-010837-t008-c07-s018,18,4,p4,INFP,villager,villager,149,agree|hypothesis|intent,p1|p5|p7,p7,suspect,1,v1
e-20260830-010837,e-20260830-010837-t008,e-20260830-010837-t008-c07,e-20260830-010837-t008-c07-s019,19,5,p3,INFP,villager,villager,107,agree|intent,p1|p5,p5,suspect,1,v1
e-20260830-010837,e-20260830-010837-t008,e-20260830-010837-t008-c07,e-20260830-010837-t008-c07-s020,20,5,p4,INFP,villager,villager,107,agree|intent,p3|p5,p5,suspect,1,v1
e-20260830-010837,e-20260830-010837-t008,e-20260830-010837-t008-c08,e-20260830-010837-t008-c08-s001,1,1,p2,INTP,villager,villager,62,intent,,,,,v1
e-20260830-010837,e-20260830-010837-t008,e-20260830-010837-t008-c08,e-20260830-010837-t008-c08-s002,2,1,p5,INTP,werewolf,werewolf,87,suspect,p8,p8,suspect,2,v1
e-20260830-010837,e-20260830-010837-t008,e-20260830-010837-t008-c08,e-20260830-010837-t008-c08-s003,3,1,p6,INTP,thief,thief,80,claim|suspect,p1|p7,p7,suspect,1,v1
e-20260830-010837,e-20260830-010837-t008,e-20260830-010837-t008-c08,e-20260830-010837-t008-c08-s004,4,1,p8,INTP,werewolf,werewolf,85,claim|suspect,p1|p7,p7,suspect,1,v1
e-20260830-010837,e-20260830-010837-t008,e-20260830-010837-t008-c08,e-20260830-010837-t008-c08-s005,5,1,p1,INTP,villager,villager,90,suspect,p2|p3|p4|p5|p6|p7,p7,suspect,1,v1
e-20260830-010837,e-20260830-010837-t008,e-20260830-010837-t008-c08,e-20260830-010837-t008-c08-s006,6,2,p2,INTP,villager,villager,71,suspect,p5|p8,p8,suspect,1,v1
e-20260830-010837,e-20260830-010837-t008,e-20260830-010837-t008-c08,e-20260830-010837-t008-c08-s007,7,2,p5,INTP,werewolf,werewolf,79,claim|suspect,p1|p7,p7,suspect,1,v1
e-20260830-010837,e-20260830-010837-t008,e-20260830-010837-t008-c08,e-20260830-010837-t008-c08-s008,8,2,p6,INTP,thief,thief,77,claim|suspect,p1|p7,p7,suspect,2,v1
e-20260830-010837,e-20260830-010837-t008,e-20260830-010837-t008-c08,e-20260830-010837-t008-c08-s009,9,2,p4,INTP,villager,villager,63,suspect|hypothesis,p3|p5,p5,suspect,1,v1
e-20260830-010837,e-20260830-010837-t008,e-20260830-010837-t008-c08,e-20260830-010837-t008-c08-s010,10,2,p8,INTP,werewolf,werewolf,99,claim|suspect|intent,p1|p7,p7,suspect,1,v1
e-20260830-010837,e-20260830-010837-t008,e-20260830-010837-t008-c09,e-20260830-010837-t008-c09-s001,1,1,p4,ESTP,villager,villager,81,question,,,,,v1
e-20260830-010837,e-20260830-010837-t008,e-20260830-010837-t008-c09,e-20260830-010837-t008-c09-s002,2,1,p3,ESTP,villager,villager,41,question,,,,,v1
e-20260830-010837,e-20260830-010837-t008,e-20260830-010837-t008-c09,e-20260830-010837-t008-c09-s003,3,1,p2,ESTP,villager,villager,93,claim|question,,,,,v1
e-20260830-010837,e-20260830-010837-t008,e-20260830-010837-t008-c09,e-20260830-010837-t008-c09-s004,4,1,p7,ESTP,seer,seer,87,claim|question,,,,,v1
e-20260830-010837,e-20260830-010837-t008,e-20260830-010837-t008-c09,e-20260830-010837-t008-c09-s005,5,1,p5,ESTP,werewolf,werewolf,88,claim|question,,,,,v1
e-20260830-010837,e-20260830-010837-t008,e-20260830-010837-t008-c09,e-20260830-010837-t008-c09-s006,6,1,p6,ESTP,thief,thief,80,claim|question,,,,,v1
e-20260830-010837,e-20260830-010837-t008,e-20260830-010837-t008-c09,e-20260830-010837-t008-c09-s007,7,1,p8,ESTP,werewolf,werewolf,82,claim|question,,,,,v1
e-20260830-010837,e-20260830-010837-t008,e-20260830-010837-t008-c09,e-20260830-010837-t008-c09-s008,8,1,p1,ESTP,villager,villager,83,claim|question,,,,,v1
e-20260830-010837,e-20260830-010837-t008,e-20260830-010837-t008-c09,e-20260830-010837-t008-c09-s009,9,2,p2,ESTP,villager,villager,99,suspect|question,p1|p7,p7,suspect,2,v1
e-20260830-010837,e-20260830-010837-t008,e-20260830-010837-t008-c09,e-20260830-010837-t008-c09-s010,10,2,p5,ESTP,werewolf,werewolf,90,suspect|question,p8|p1,p1,suspect,1,v1
e-20260830-010837,e-20260830-010837-t008,e-20260830-010837-t008-c09,e-20260830-010837-t008-c09-s011,11,2,p7,ESTP,seer,seer,115,claim|question|hypothesis,,,,,v1
e-20260830-010837,e-20260830-010837-t008,e-20260830-010837-t008-c09,e-20260830-010837-t008-c09-s012,12,2,p6,ESTP,thief,thief,77,question|other,,,,,v1
e-20260830-010837,e-20260830-010837-t008,e-20260830-010837-t008-c09,e-20260830-010837-t008-c09-s013,13,2,p4,ESTP,villager,villager,95,suspect|question,p7,p7,suspect,2,v1
e-20260830-010837,e-20260830-010837-t008,e-20260830-010837-t008-c09,e-20260830-010837-t008-c09-s014,14,2,p8,ESTP,werewolf,werewolf,104,suspect|question,p5|p1,p1,suspect,1,v1
e-20260830-010837,e-20260830-010837-t008,e-20260830-010837-t008-c09,e-20260830-010837-t008-c09-s015,15,3,p3,ESTP,villager,villager,75,agree|suspect,p7,p7,suspect,1,v1
e-20260830-010837,e-20260830-010837-t008,e-20260830-010837-t008-c09,e-20260830-010837-t008-c09-s016,16,4,p8,ESTP,werewolf,werewolf,111,suspect|question,p5|p1,p1,suspect,1,v1
e-20260830-010837,e-20260830-010837-t008,e-20260830-010837-t008-c09,e-20260830-010837-t008-c09-s017,17,4,p5,ESTP,werewolf,werewolf,96,suspect|other,p8|p1,p1,suspect,1,v1
e-20260830-010837,e-20260830-010837-t008,e-20260830-010837-t008-c09,e-20260830-010837-t008-c09-s018,18,4,p1,ESTP,villager,villager,77,suspect,p7,p7,suspect,1,v1
e-20260830-010837,e-20260830-010837-t008,e-20260830-010837-t008-c09,e-20260830-010837-t008-c09-s019,19,4,p4,ESTP,villager,villager,72,suspect,p7,p7,suspect,2,v1
e-20260830-010837,e-20260830-010837-t008,e-20260830-010837-t008-c09,e-20260830-010837-t008-c09-s020,20,4,p7,ESTP,seer,seer,138,claim|suspect|intent,p1|p2|p5,p5,suspect,1,v1
e-20260830-010837,e-20260830-010837-t008,e-20260830-010837-t008-c09,e-20260830-010837-t008-c09-s021,21,5,p3,ESTP,villager,villager,104,agree|suspect,p7,p7,suspect,1,v1
e-20260830-010837,e-20260830-010837-t008,e-20260830-010837-t008-c09,e-20260830-010837-t008-c09-s022,22,5,p8,ESTP,werewolf,werewolf,111,suspect,p5|p1,p1,suspect,1,v1
e-20260830-010837,e-20260830-010837-t008,e-20260830-010837-t008-c09,e-20260830-010837-t008-c09-s023,23,5,p4,ESTP,villager,villager,112,suspect|intent,p7,p7,suspect,2,v1
e-20260830-010837,e-20260830-010837-t008,e-20260830-010837-t008-c09,e-20260830-010837-t008-c09-s024,24,5,p2,ESTP,villager,villager,104,agree|suspect,p7,p7,suspect,1,v1
e-20260830-010837,e-20260830-010837-t008,e-20260830-010837-t008-c09,e-20260830-010837-t008-c09-s025,25,5,p5,ESTP,werewolf,werewolf,110,suspect|agree|intent,p7,p7,suspect,1,v1
e-20260830-010837,e-20260830-010837-t008,e-20260830-010837-t008-c10,e-20260830-010837-t008-c10-s001,1,1,p4,ESFP,villager,villager,55,other,,,,,v1
e-20260830-010837,e-20260830-010837-t008,e-20260830-010837-t008-c10,e-20260830-010837-t008-c10-s002,2,1,p3,ESFP,villager,villager,43,other,,,,,v1
e-20260830-010837,e-20260830-010837-t008,e-20260830-010837-t008-c10,e-20260830-010837-t008-c10-s003,3,1,p2,ESFP,villager,villager,88,agree|question,,,,,v1
e-20260830-010837,e-20260830-010837-t008,e-20260830-010837-t008-c10,e-20260830-010837-t008-c10-s004,4,1,p7,ESFP,seer,seer,97,claim|defend|question,p1,p1,defend,3,v1
e-20260830-010837,e-20260830-010837-t008,e-20260830-010837-t008-c10,e-20260830-010837-t008-c10-s005,5,1,p5,ESFP,werewolf,werewolf,75,claim|suspect|question,p8,p8,suspect,2,v1
e-20260830-010837,e-20260830-010837-t008,e-20260830-010837-t008-c10,e-20260830-010837-t008-c10-s006,6,1,p6,ESFP,thief,thief,93,claim|intent|question,,,,,v1
e-20260830-010837,e-20260830-010837-t008,e-20260830-010837-t008-c10,e-20260830-010837-t008-c10-s007,7,1,p8,ESFP,werewolf,werewolf,63,question|suspect,p5,p5,suspect,2,v1
e-20260830-010837,e-20260830-010837-t008,e-20260830-010837-t008-c10,e-20260830-010837-t008-c10-s008,8,1,p1,ESFP,villager,villager,98,other|question,,,,,v1
e-20260830-010837,e-20260830-010837-t008,e-20260830-010837-t008-c10,e-20260830-010837-t008-c10-s009,9,2,p2,ESFP,villager,villager,103,intent,,,,,v1
e-20260830-010837,e-20260830-010837-t008,e-20260830-010837-t008-c10,e-20260830-010837-t008-c10-s010,10,2,p5,ESFP,werewolf,werewolf,78,claim|suspect,p8,p8,suspect,3,v1
e-20260830-010837,e-20260830-010837-t008,e-20260830-010837-t008-c10,e-20260830-010837-t008-c10-s011,11,2,p7,ESFP,seer,seer,85,claim|agree|question,p5|p8,p8,suspect,2,v1
e-20260830-010837,e-20260830-010837-t008,e-20260830-010837-t008-c10,e-20260830-010837-t008-c10-s012,12,2,p6,ESFP,thief,thief,69,intent,,,,,v1
e-20260830-010837,e-20260830-010837-t008,e-20260830-010837-t008-c10,e-20260830-010837-t008-c10-s013,13,2,p4,ESFP,villager,villager,109,other,,,,,v1
e-20260830-010837,e-20260830-010837-t008,e-20260830-010837-t008-c10,e-20260830-010837-t008-c10-s014,14,2,p8,ESFP,werewolf,werewolf,120,claim|suspect|question,p5,p5,suspect,3,v1
e-20260830-010837,e-20260830-010837-t008,e-20260830-010837-t008-c10,e-20260830-010837-t008-c10-s015,15,2,p1,ESFP,villager,villager,94,suspect|question,p8,p8,suspect,2,v1
e-20260830-010837,e-20260830-010837-t008,e-20260830-010837-t008-c11,e-20260830-010837-t008-c11-s001,1,1,p4,ENFP,villager,villager,77,question,,,,,v1
e-20260830-010837,e-20260830-010837-t008,e-20260830-010837-t008-c11,e-20260830-010837-t008-c11-s002,2,1,p7,ENFP,seer,seer,64,suspect|hypothesis,p5,p5,suspect,1,v1
e-20260830-010837,e-20260830-010837-t008,e-20260830-010837-t008-c11,e-20260830-010837-t008-c11-s003,3,1,p5,ENFP,werewolf,werewolf,93,hypothesis|question|agree,p7|p5,,,,v1
e-20260830-010837,e-20260830-010837-t008,e-20260830-010837-t008-c11,e-20260830-010837-t008-c11-s004,4,1,p6,ENFP,thief,thief,144,suspect|hypothesis|question|agree,p7|p5,p5,suspect,2,v1
e-20260830-010837,e-20260830-010837-t008,e-20260830-010837-t008-c11,e-20260830-010837-t008-c11-s005,5,1,p8,ENFP,werewolf,werewolf,112,suspect|hypothesis|agree,p7|p5,p5,suspect,2,v1
e-20260830-010837,e-20260830-010837-t008,e-20260830-010837-t008-c11,e-20260830-010837-t008-c11-s006,6,1,p1,ENFP,villager,villager,122,suspect|hypothesis|agree,p7|p6|p8|p5,p5,suspect,2,v1
e-20260830-010837,e-20260830-010837-t008,e-20260830-010837-t008-c11,e-20260830-010837-t008-c11-s007,7,2,p2,ENFP,villager,villager,163,suspect|hypothesis|agree,p7|p6|p8|p5,p5,suspect,2,v1
e-20260830-010837,e-20260830-010837-t008,e-20260830-010837-t008-c11,e-20260830-010837-t008-c11-s008,8,2,p5,ENFP,werewolf,werewolf,77,agree|defend|hypothesis,p2,,,,v1
e-20260830-010837,e-20260830-010837-t008,e-20260830-010837-t008-c11,e-20260830-010837-t008-c11-s009,9,2,p7,ENFP,seer,seer,133,defend|rebut|question,p5,p5,defend,2,v1
e-20260830-010837,e-20260830-010837-t008,e-20260830-010837-t008-c11,e-20260830-010837-t008-c11-s010,10,2,p6,ENFP,thief,thief,139,defend|rebut|question,p5,p5,defend,2,v1
e-20260830-010837,e-20260830-010837-t008,e-20260830-010837-t008-c11,e-20260830-010837-t008-c11-s011,11,2,p4,ENFP,villager,villager,87,question,p5,,,,v1
e-20260830-010837,e-20260830-010837-t008,e-20260830-010837-t008-c11,e-20260830-010837-t008-c11-s012,12,2,p8,ENFP,werewolf,werewolf,130,claim|defend,p4,,,,v1
e-20260830-010837,e-20260830-010837-t008,e-20260830-010837-t008-c11,e-20260830-010837-t008-c11-s013,13,3,p2,ENFP,villager,villager,78,agree|suspect|intent,p8|p5,p5,suspect,1,v1
e-20260830-010837,e-20260830-010837-t008,e-20260830-010837-t008-c11,e-20260830-010837-t008-c11-s014,14,4,p6,ENFP,thief,thief,112,agree|suspect|intent|question,p8|p5,p5,suspect,1,v1
e-20260830-010837,e-20260830-010837-t008,e-20260830-010837-t008-c11,e-20260830-010837-t008-c11-s015,15,5,p8,ENFP,werewolf,werewolf,146,question,p5,,,,v1
e-20260830-010837,e-20260830-010837-t008,e-20260830-010837-t008-c11,e-20260830-010837-t008-c11-s016,16,5,p5,ENFP,werewolf,werewolf,150,question,p8,,,,v1
e-20260830-010837,e-20260830-010837-t008,e-20260830-010837-t008-c11,e-20260830-010837-t008-c11-s017,17,6,p5,ENFP,werewolf,werewolf,147,question,p8,,,,v1
e-20260830-010837,e-20260830-010837-t008,e-20260830-010837-t008-c11,e-20260830-010837-t008-c11-s018,18,6,p2,ENFP,villager,villager,149,agree|question,p8,,,,v1
e-20260830-010837,e-20260830-010837-t008,e-20260830-010837-t008-c12,e-20260830-010837-t008-c12-s001,1,1,p3,ENTP,villager,villager,66,other,,,,,v1
e-20260830-010837,e-20260830-010837-t008,e-20260830-010837-t008-c12,e-20260830-010837-t008-c12-s002,2,1,p2,ENTP,villager,villager,82,other,,,,,v1
e-20260830-010837,e-20260830-010837-t008,e-20260830-010837-t008-c12,e-20260830-010837-t008-c12-s003,3,1,p7,ENTP,seer,seer,89,claim|other,,,,,v1
e-20260830-010837,e-20260830-010837-t008,e-20260830-010837-t008-c12,e-20260830-010837-t008-c12-s004,4,1,p5,ENTP,werewolf,werewolf,74,claim|intent,,,,,v1
e-20260830-010837,e-20260830-010837-t008,e-20260830-010837-t008-c12,e-20260830-010837-t008-c12-s005,5,1,p6,ENTP,thief,thief,65,claim|other,,,,,v1
e-20260830-010837,e-20260830-010837-t008,e-20260830-010837-t008-c12,e-20260830-010837-t008-c12-s006,6,1,p8,ENTP,werewolf,werewolf,93,claim|other,,,,,v1
e-20260830-010837,e-20260830-010837-t008,e-20260830-010837-t008-c12,e-20260830-010837-t008-c12-s007,7,2,p5,ENTP,werewolf,werewolf,77,claim|intent,p8,p8,defend,1,v1
e-20260830-010837,e-20260830-010837-t008,e-20260830-010837-t008-c12,e-20260830-010837-t008-c12-s008,8,2,p7,ENTP,seer,seer,118,claim|question,p1,,,,v1
e-20260830-010837,e-20260830-010837-t008,e-20260830-010837-t008-c12,e-20260830-010837-t008-c12-s009,9,2,p6,ENTP,thief,thief,87,question|defend,p1,p1,defend,1,v1
e-20260830-010837,e-20260830-010837-t008,e-20260830-010837-t008-c12,e-20260830-010837-t008-c12-s010,10,2,p8,ENTP,werewolf,werewolf,116,claim|agree|question,p5,,,,v1
e-20260830-010837,e-20260830-010837-t008,e-20260830-010837-t008-c12,e-20260830-010837-t008-c12-s011,11,2,p1,ENTP,villager,villager,101,question,,,,,v1
e-20260830-010837,e-20260830-010837-t008,e-20260830-010837-t008-c12,e-20260830-010837-t008-c12-s012,12,2,p3,ENTP,villager,villager,98,claim|question,p7,,,,v1
e-20260830-010837,e-20260830-010837-t008,e-20260830-010837-t008-c12,e-20260830-010837-t008-c12-s013,13,3,p2,ENTP,villager,villager,129,claim|hypothesis|intent|suspect,p7|p4,p4,suspect,1,v1
e-20260830-010837,e-20260830-010837-t008,e-20260830-010837-t008-c12,e-20260830-010837-t008-c12-s014,14,3,p1,ENTP,villager,villager,92,question|agree,p2|p4,p4,suspect,1,v1
e-20260830-010837,e-20260830-010837-t008,e-20260830-010837-t008-c12,e-20260830-010837-t008-c12-s015,15,3,p4,ENTP,villager,villager,123,agree|hypothesis|defend,p2,,,,v1
e-20260830-010837,e-20260830-010837-t008,e-20260830-010837-t008-c12,e-20260830-010837-t008-c12-s016,16,4,p8,ENTP,werewolf,werewolf,125,suspect|question|hypothesis,p4,p4,suspect,2,v1
e-20260830-010837,e-20260830-010837-t008,e-20260830-010837-t008-c12,e-20260830-010837-t008-c12-s017,17,4,p6,ENTP,thief,thief,165,suspect|claim|question,p4,p4,suspect,2,v1
e-20260830-010837,e-20260830-010837-t008,e-20260830-010837-t008-c12,e-20260830-010837-t008-c12-s018,18,4,p2,ENTP,villager,villager,128,defend|hypothesis|intent,p4,p4,defend,1,v1
e-20260830-010837,e-20260830-010837-t008,e-20260830-010837-t008-c12,e-20260830-010837-t008-c12-s019,19,4,p3,ENTP,villager,villager,128,defend|hypothesis|intent,p4,p4,defend,1,v1
e-20260830-010837,e-20260830-010837-t008,e-20260830-010837-t008-c12,e-20260830-010837-t008-c12-s020,20,4,p4,ENTP,villager,villager,131,agree|hypothesis|question,p2|p3,,,,v1
e-20260830-010837,e-20260830-010837-t008,e-20260830-010837-t008-c12,e-20260830-010837-t008-c12-s021,21,5,p3,ENTP,villager,villager,129,hypothesis|intent,p4,,,,v1
e-20260830-010837,e-20260830-010837-t008,e-20260830-010837-t008-c13,e-20260830-010837-t008-c13-s001,1,1,p3,ESTJ,villager,villager,63,other,,,,,v1
e-20260830-010837,e-20260830-010837-t008,e-20260830-010837-t008-c13,e-20260830-010837-t008-c13-s002,2,1,p2,ESTJ,villager,villager,87,other,,,,,v1
e-20260830-010837,e-20260830-010837-t008,e-20260830-010837-t008-c13,e-20260830-010837-t008-c13-s003,3,1,p7,ESTJ,seer,seer,83,claim,,,,,v1
e-20260830-010837,e-20260830-010837-t008,e-20260830-010837-t008-c13,e-20260830-010837-t008-c13-s004,4,1,p5,ESTJ,werewolf,werewolf,94,other,,,,,v1
e-20260830-010837,e-20260830-010837-t008,e-20260830-010837-t008-c13,e-20260830-010837-t008-c13-s005,5,1,p6,ESTJ,thief,thief,84,claim,p1,p1,defend,3,v1
e-20260830-010837,e-20260830-010837-t008,e-20260830-010837-t008-c13,e-20260830-010837-t008-c13-s006,6,1,p8,ESTJ,werewolf,werewolf,113,claim,p5,p5,defend,3,v1
e-20260830-010837,e-20260830-010837-t008,e-20260830-010837-t008-c13,e-20260830-010837-t008-c13-s007,7,1,p1,ESTJ,villager,villager,78,question,p7,,,,v1
e-20260830-010837,e-20260830-010837-t008,e-20260830-010837-t008-c13,e-20260830-010837-t008-c13-s008,8,2,p2,ESTJ,villager,villager,103,claim|intent,p5,p5,defend,1,v1
e-20260830-010837,e-20260830-010837-t008,e-20260830-010837-t008-c13,e-20260830-010837-t008-c13-s009,9,2,p5,ESTJ,werewolf,werewolf,80,claim|intent,p8,p8,defend,1,v1
e-20260830-010837,e-20260830-010837-t008,e-20260830-010837-t008-c13,e-20260830-010837-t008-c13-s010,10,2,p7,ESTJ,seer,seer,133,claim|defend,p1,p1,defend,3,v1
e-20260830-010837,e-20260830-010837-t008,e-20260830-010837-t008-c13,e-20260830-010837-t008-c13-s011,11,2,p6,ESTJ,thief,thief,108,agree|defend,p7|p1,p1,defend,2,v1
e-20260830-010837,e-20260830-010837-t008,e-20260830-010837-t008-c13,e-20260830-010837-t008-c13-s012,12,2,p8,ESTJ,werewolf,werewolf,116,question,p1|p7,,,,v1
e-20260830-010837,e-20260830-010837-t008,e-20260830-010837-t008-c13,e-20260830-010837-t008-c13-s013,13,2,p1,ESTJ,villager,villager,200,claim|intent,,,,,v1
e-20260830-010837,e-20260830-010837-t008,e-20260830-010837-t008-c13,e-20260830-010837-t008-c13-s014,14,2,p3,ESTJ,villager,villager,143,question,p7|p8,,,,v1
e-20260830-010837,e-20260830-010837-t008,e-20260830-010837-t008-c14,e-20260830-010837-t008-c14-s001,1,1,p3,ESFJ,villager,villager,67,other,,,,,v1
e-20260830-010837,e-20260830-010837-t008,e-20260830-010837-t008-c14,e-20260830-010837-t008-c14-s002,2,1,p2,ESFJ,villager,villager,74,intent,,,,,v1
e-20260830-010837,e-20260830-010837-t008,e-20260830-010837-t008-c14,e-20260830-010837-t008-c14-s003,3,1,p7,ESFJ,seer,seer,74,claim,,,,,v1
e-20260830-010837,e-20260830-010837-t008,e-20260830-010837-t008-c14,e-20260830-010837-t008-c14-s004,4,1,p5,ESFJ,werewolf,werewolf,87,intent,,,,,v1
e-20260830-010837,e-20260830-010837-t008,e-20260830-010837-t008-c14,e-20260830-010837-t008-c14-s005,5,1,p6,ESFJ,thief,thief,99,claim|intent,,,,,v1
e-20260830-010837,e-20260830-010837-t008,e-20260830-010837-t008-c14,e-20260830-010837-t008-c14-s006,6,1,p8,ESFJ,werewolf,werewolf,83,claim,,,,,v1
e-20260830-010837,e-20260830-010837-t008,e-20260830-010837-t008-c14,e-20260830-010837-t008-c14-s007,7,1,p1,ESFJ,villager,villager,85,intent,,,,,v1
e-20260830-010837,e-20260830-010837-t008,e-20260830-010837-t008-c14,e-20260830-010837-t008-c14-s008,8,2,p2,ESFJ,villager,villager,82,intent,,,,,v1
e-20260830-010837,e-20260830-010837-t008,e-20260830-010837-t008-c14,e-20260830-010837-t008-c14-s009,9,2,p5,ESFJ,werewolf,werewolf,111,question,p8|p1|p6,,,,v1
e-20260830-010837,e-20260830-010837-t008,e-20260830-010837-t008-c14,e-20260830-010837-t008-c14-s010,10,2,p7,ESFJ,seer,seer,76,claim|defend,p1,p1,defend,3,v1
e-20260830-010837,e-20260830-010837-t008,e-20260830-010837-t008-c14,e-20260830-010837-t008-c14-s011,11,2,p6,ESFJ,thief,thief,71,claim|question,p1,p1,defend,2,v1
e-20260830-010837,e-20260830-010837-t008,e-20260830-010837-t008-c14,e-20260830-010837-t008-c14-s012,12,2,p8,ESFJ,werewolf,werewolf,101,other,p5|p7|p1,,,,v1
e-20260830-010837,e-20260830-010837-t008,e-20260830-010837-t008-c14,e-20260830-010837-t008-c14-s013,13,2,p3,ESFJ,villager,villager,75,question,,,,,v1
e-20260830-010837,e-20260830-010837-t008,e-20260830-010837-t008-c15,e-20260830-010837-t008-c15-s001,1,1,p3,ENFJ,villager,villager,69,intent|hypothesis,,,,,v1
e-20260830-010837,e-20260830-010837-t008,e-20260830-010837-t008-c15,e-20260830-010837-t008-c15-s002,2,1,p7,ENFJ,seer,seer,87,claim|intent,,,,,v1
e-20260830-010837,e-20260830-010837-t008,e-20260830-010837-t008-c15,e-20260830-010837-t008-c15-s003,3,1,p5,ENFJ,werewolf,werewolf,75,other,,,,,v1
e-20260830-010837,e-20260830-010837-t008,e-20260830-010837-t008-c15,e-20260830-010837-t008-c15-s004,4,1,p6,ENFJ,thief,thief,76,claim|intent,,,,,v1
e-20260830-010837,e-20260830-010837-t008,e-20260830-010837-t008-c15,e-20260830-010837-t008-c15-s005,5,1,p8,ENFJ,werewolf,werewolf,88,claim|intent,,,,,v1
e-20260830-010837,e-20260830-010837-t008,e-20260830-010837-t008-c15,e-20260830-010837-t008-c15-s006,6,1,p1,ENFJ,villager,villager,84,intent,,,,,v1
e-20260830-010837,e-20260830-010837-t008,e-20260830-010837-t008-c15,e-20260830-010837-t008-c15-s007,7,2,p5,ENFJ,werewolf,werewolf,101,other,,,,,v1
e-20260830-010837,e-20260830-010837-t008,e-20260830-010837-t008-c15,e-20260830-010837-t008-c15-s008,8,2,p7,ENFJ,seer,seer,102,claim|intent,,,,,v1
e-20260830-010837,e-20260830-010837-t008,e-20260830-010837-t008-c15,e-20260830-010837-t008-c15-s009,9,2,p6,ENFJ,thief,thief,72,intent,,,,,v1
e-20260830-010837,e-20260830-010837-t008,e-20260830-010837-t008-c15,e-20260830-010837-t008-c15-s010,10,2,p8,ENFJ,werewolf,werewolf,111,claim|intent,p5,,,,v1
e-20260830-010837,e-20260830-010837-t008,e-20260830-010837-t008-c15,e-20260830-010837-t008-c15-s011,11,2,p1,ENFJ,villager,villager,104,intent,,,,,v1
e-20260830-010837,e-20260830-010837-t008,e-20260830-010837-t008-c15,e-20260830-010837-t008-c15-s012,12,2,p3,ENFJ,villager,villager,92,defend|intent,p6,p6,defend,1,v1
e-20260830-010837,e-20260830-010837-t008,e-20260830-010837-t008-c16,e-20260830-010837-t008-c16-s001,1,1,p4,ENTJ,villager,villager,81,question,,,,,v1
e-20260830-010837,e-20260830-010837-t008,e-20260830-010837-t008-c16,e-20260830-010837-t008-c16-s002,2,1,p5,ENTJ,werewolf,werewolf,56,question,,,,,v1
e-20260830-010837,e-20260830-010837-t008,e-20260830-010837-t008-c16,e-20260830-010837-t008-c16-s003,3,1,p6,ENTJ,thief,thief,75,question,,,,,v1
e-20260830-010837,e-20260830-010837-t008,e-20260830-010837-t008-c16,e-20260830-010837-t008-c16-s004,4,1,p8,ENTJ,werewolf,werewolf,70,question|intent,,,,,v1
e-20260830-010837,e-20260830-010837-t008,e-20260830-010837-t008-c16,e-20260830-010837-t008-c16-s005,5,2,p5,ENTJ,werewolf,werewolf,101,suspect|hypothesis|agree,p8,p8,suspect,1,v1
e-20260830-010837,e-20260830-010837-t008,e-20260830-010837-t008-c16,e-20260830-010837-t008-c16-s006,6,2,p7,ENTJ,seer,seer,111,suspect|agree|question,p8|p5,p8,suspect,2,v1
e-20260830-010837,e-20260830-010837-t008,e-20260830-010837-t008-c16,e-20260830-010837-t008-c16-s007,7,2,p6,ENTJ,thief,thief,85,question|suspect,p8,p8,suspect,1,v1
e-20260830-010837,e-20260830-010837-t008,e-20260830-010837-t008-c16,e-20260830-010837-t008-c16-s008,8,2,p4,ENTJ,villager,villager,104,question|suspect|intent,p8,p8,suspect,2,v1
e-20260830-010837,e-20260830-010837-t008,e-20260830-010837-t008-c16,e-20260830-010837-t008-c16-s009,9,2,p8,ENTJ,werewolf,werewolf,116,question|suspect,p5,p5,suspect,1,v1
e-20260830-010837,e-20260830-010837-t008,e-20260830-010837-t008-c16,e-20260830-010837-t008-c16-s010,10,3,p2,ENTJ,villager,villager,129,question|suspect,p5,p5,suspect,1,v1
e-20260830-010837,e-20260830-010837-t008,e-20260830-010837-t008-c16,e-20260830-010837-t008-c16-s011,11,3,p3,ENTJ,villager,villager,97,question|suspect,p5,p5,suspect,1,v1
e-20260830-010837,e-20260830-010837-t008,e-20260830-010837-t008-c16,e-20260830-010837-t008-c16-s012,12,3,p7,ENTJ,seer,seer,94,question|suspect,p5,p5,suspect,1,v1
e-20260830-010837,e-20260830-010837-t008,e-20260830-010837-t008-c16,e-20260830-010837-t008-c16-s013,13,4,p8,ENTJ,werewolf,werewolf,111,question|suspect,p5,p5,suspect,1,v1
e-20260830-010837,e-20260830-010837-t008,e-20260830-010837-t008-c16,e-20260830-010837-t008-c16-s014,14,4,p2,ENTJ,villager,villager,137,question|suspect,p5,p5,suspect,2,v1
e-20260830-010837,e-20260830-010837-t008,e-20260830-010837-t008-c16,e-20260830-010837-t008-c16-s015,15,5,p3,ENTJ,villager,villager,109,question|suspect|agree,p5,p5,suspect,2,v1
e-20260830-010837,e-20260830-010837-t008,e-20260830-010837-t008-c16,e-20260830-010837-t008-c16-s016,16,5,p7,ENTJ,seer,seer,153,question|suspect|agree,p5,p5,suspect,2,v1
e-20260830-010837,e-20260830-010837-t008,e-20260830-010837-t008-c16,e-20260830-010837-t008-c16-s017,17,5,p5,ENTJ,werewolf,werewolf,128,claim|suspect,p4,p4,suspect,2,v1
e-20260830-010837,e-20260830-010837-t008,e-20260830-010837-t008-c16,e-20260830-010837-t008-c16-s018,18,6,p7,ENTJ,seer,seer,136,agree|question|suspect,p5|p4,p4,suspect,1,v1
e-20260830-010837,e-20260830-010837-t008,e-20260830-010837-t008-c16,e-20260830-010837-t008-c16-s019,19,6,p8,ENTJ,werewolf,werewolf,86,claim|rebut,p4,,,,v1
e-20260830-010837,e-20260830-010837-t008,e-20260830-010837-t008-c16,e-20260830-010837-t008-c16-s020,20,6,p5,ENTJ,werewolf,werewolf,157,defend|claim,p4,p4,defend,2,v1
e-20260830-010837,e-20260830-010837-t009,e-20260830-010837-t009-c00,e-20260830-010837-t009-c00-s001,1,1,p6,ENTP,seer,seer,72,claim|intent,p2,,,,v1
e-20260830-010837,e-20260830-010837-t009,e-20260830-010837-t009-c00,e-20260830-010837-t009-c00-s002,2,1,p1,ESTJ,werewolf,werewolf,67,claim|intent,p4,,,,v1
e-20260830-010837,e-20260830-010837-t009,e-20260830-010837-t009-c00,e-20260830-010837-t009-c00-s003,3,1,p7,ENFP,villager,villager,90,intent|question|agree,p2|p1,,,,v1
e-20260830-010837,e-20260830-010837-t009,e-20260830-010837-t009-c00,e-20260830-010837-t009-c00-s004,4,1,p3,ESTP,villager,villager,83,intent|question|agree,p1|p2,,,,v1
e-20260830-010837,e-20260830-010837-t009,e-20260830-010837-t009-c00,e-20260830-010837-t009-c00-s005,5,1,p5,ENFP,villager,villager,85,intent|agree,p1|p2,,,,v1
e-20260830-010837,e-20260830-010837-t009,e-20260830-010837-t009-c00,e-20260830-010837-t009-c00-s006,6,1,p2,ISFJ,thief,thief,74,question|intent|agree,p1|p2,,,,v1
e-20260830-010837,e-20260830-010837-t009,e-20260830-010837-t009-c00,e-20260830-010837-t009-c00-s007,7,1,p4,ENTP,werewolf,werewolf,49,suspect|question|intent,p1,p1,suspect,1,v1
e-20260830-010837,e-20260830-010837-t009,e-20260830-010837-t009-c00,e-20260830-010837-t009-c00-s008,8,2,p7,ENFP,villager,villager,86,suspect|question|intent,p1|p2,p1,suspect,2,v1
e-20260830-010837,e-20260830-010837-t009,e-20260830-010837-t009-c00,e-20260830-010837-t009-c00-s009,9,2,p6,ENTP,seer,seer,97,question|hypothesis,p1|p2,p1,defend,1,v1
e-20260830-010837,e-20260830-010837-t009,e-20260830-010837-t009-c00,e-20260830-010837-t009-c00-s010,10,2,p1,ESTJ,werewolf,werewolf,59,question,p1,,,,v1
e-20260830-010837,e-20260830-010837-t009,e-20260830-010837-t009-c00,e-20260830-010837-t009-c00-s011,11,2,p4,ENTP,werewolf,werewolf,88,question|hypothesis,p1,p1,defend,1,v1
e-20260830-010837,e-20260830-010837-t009,e-20260830-010837-t009-c00,e-20260830-010837-t009-c00-s012,12,2,p3,ESTP,villager,villager,59,question,p1,,,,v1
e-20260830-010837,e-20260830-010837-t009,e-20260830-010837-t009-c01,e-20260830-010837-t009-c01-s001,1,1,p6,ISTJ,seer,seer,62,claim|hypothesis|intent,p2,,,,v1
e-20260830-010837,e-20260830-010837-t009,e-20260830-010837-t009-c01,e-20260830-010837-t009-c01-s002,2,1,p1,ISTJ,werewolf,werewolf,69,claim|intent,p4,,,,v1
e-20260830-010837,e-20260830-010837-t009,e-20260830-010837-t009-c01,e-20260830-010837-t009-c01-s003,3,1,p2,ISTJ,thief,thief,56,suspect|hypothesis|intent,p1|p4,p4,suspect,1,v1
e-20260830-010837,e-20260830-010837-t009,e-20260830-010837-t009-c01,e-20260830-010837-t009-c01-s004,4,2,p6,ISTJ,seer,seer,74,claim|suspect|intent,p2|p1|p4,p4,suspect,1,v1
e-20260830-010837,e-20260830-010837-t009,e-20260830-010837-t009-c01,e-20260830-010837-t009-c01-s005,5,2,p1,ISTJ,werewolf,werewolf,65,claim|intent,p4,,,,v1
e-20260830-010837,e-20260830-010837-t009,e-20260830-010837-t009-c01,e-20260830-010837-t009-c01-s006,6,2,p4,ISTJ,werewolf,werewolf,67,claim|intent,p1,p1,suspect,1,v1
e-20260830-010837,e-20260830-010837-t009,e-20260830-010837-t009-c01,e-20260830-010837-t009-c01-s007,7,3,p4,ISTJ,werewolf,werewolf,119,claim|hypothesis|intent|rebut,p1,p1,suspect,1,v1
e-20260830-010837,e-20260830-010837-t009,e-20260830-010837-t009-c01,e-20260830-010837-t009-c01-s008,8,4,p2,ISTJ,thief,thief,104,question|hypothesis|intent,p1,p1,suspect,1,v1
e-20260830-010837,e-20260830-010837-t009,e-20260830-010837-t009-c01,e-20260830-010837-t009-c01-s009,9,4,p1,ISTJ,werewolf,werewolf,114,suspect|question|intent,p1|p4,p4,suspect,1,v1
e-20260830-010837,e-20260830-010837-t009,e-20260830-010837-t009-c01,e-20260830-010837-t009-c01-s010,10,4,p6,ISTJ,seer,seer,121,question,p1|p4,,,,v1
e-20260830-010837,e-20260830-010837-t009,e-20260830-010837-t009-c01,e-20260830-010837-t009-c01-s011,11,5,p1,ISTJ,werewolf,werewolf,137,question|hypothesis,p1|p4,p4,suspect,1,v1
e-20260830-010837,e-20260830-010837-t009,e-20260830-010837-t009-c01,e-20260830-010837-t009-c01-s012,12,5,p6,ISTJ,seer,seer,152,defend|hypothesis|intent,p1|p4,p4,defend,2,v1
e-20260830-010837,e-20260830-010837-t009,e-20260830-010837-t009-c01,e-20260830-010837-t009-c01-s013,13,5,p4,ISTJ,werewolf,werewolf,154,question|hypothesis|claim,p1,,,,v1
e-20260830-010837,e-20260830-010837-t009,e-20260830-010837-t009-c01,e-20260830-010837-t009-c01-s014,14,5,p3,ISTJ,villager,villager,79,hypothesis|question,p1,,,,v1
e-20260830-010837,e-20260830-010837-t009,e-20260830-010837-t009-c02,e-20260830-010837-t009-c02-s001,1,1,p6,ISFJ,seer,seer,72,claim|hypothesis|question,p2,,,,v1
e-20260830-010837,e-20260830-010837-t009,e-20260830-010837-t009-c02,e-20260830-010837-t009-c02-s002,2,1,p1,ISFJ,werewolf,werewolf,81,claim|question,p4,,,,v1
e-20260830-010837,e-20260830-010837-t009,e-20260830-010837-t009-c02,e-20260830-010837-t009-c02-s003,3,1,p2,ISFJ,thief,thief,56,claim|intent,p4,,,,v1
e-20260830-010837,e-20260830-010837-t009,e-20260830-010837-t009-c02,e-20260830-010837-t009-c02-s004,4,1,p4,ISFJ,werewolf,werewolf,91,claim|hypothesis|intent,p4,,,,v1
e-20260830-010837,e-20260830-010837-t009,e-20260830-010837-t009-c02,e-20260830-010837-t009-c02-s005,5,2,p6,ISFJ,seer,seer,91,claim|intent|hypothesis,p4,,,,v1
e-20260830-010837,e-20260830-010837-t009,e-20260830-010837-t009-c02,e-20260830-010837-t009-c02-s006,6,2,p1,ISFJ,werewolf,werewolf,86,claim|intent|hypothesis,p4,,,,v1
e-20260830-010837,e-20260830-010837-t009,e-20260830-010837-t009-c02,e-20260830-010837-t009-c02-s007,7,2,p4,ISFJ,werewolf,werewolf,122,claim|question|suspect|hypothesis,p4|p1|p6,p6,suspect,1,v1
e-20260830-010837,e-20260830-010837-t009,e-20260830-010837-t009-c03,e-20260830-010837-t009-c03-s001,1,1,p1,INFJ,werewolf,werewolf,49,other,,,,,v1
e-20260830-010837,e-20260830-010837-t009,e-20260830-010837-t009-c03,e-20260830-010837-t009-c03-s002,2,1,p2,INFJ,thief,thief,62,claim|intent,,,,,v1
e-20260830-010837,e-20260830-010837-t009,e-20260830-010837-t009-c03,e-20260830-010837-t009-c03-s003,3,1,p4,INFJ,werewolf,werewolf,74,claim,,,,,v1
e-20260830-010837,e-20260830-010837-t009,e-20260830-010837-t009-c03,e-20260830-010837-t009-c03-s004,4,2,p1,INFJ,werewolf,werewolf,74,claim|suspect,p2,p2,suspect,1,v1
e-20260830-010837,e-20260830-010837-t009,e-20260830-010837-t009-c03,e-20260830-010837-t009-c03-s005,5,2,p4,INFJ,werewolf,werewolf,75,intent|claim,p2,,,,v1
e-20260830-010837,e-20260830-010837-t009,e-20260830-010837-t009-c03,e-20260830-010837-t009-c03-s006,6,2,p2,INFJ,thief,thief,83,intent,,,,,v1
e-20260830-010837,e-20260830-010837-t009,e-20260830-010837-t009-c03,e-20260830-010837-t009-c03-s007,7,3,p6,INFJ,seer,seer,86,intent,,,,,v1
e-20260830-010837,e-20260830-010837-t009,e-20260830-010837-t009-c03,e-20260830-010837-t009-c03-s008,8,4,p1,INFJ,werewolf,werewolf,76,claim|suspect,,,,,v1
e-20260830-010837,e-20260830-010837-t009,e-20260830-010837-t009-c03,e-20260830-010837-t009-c03-s009,9,4,p4,INFJ,werewolf,werewolf,89,suspect|intent,p2,p2,suspect,2,v1
e-20260830-010837,e-20260830-010837-t009,e-20260830-010837-t009-c03,e-20260830-010837-t009-c03-s010,10,4,p6,INFJ,seer,seer,98,suspect|intent,p2,p2,suspect,1,v1
e-20260830-010837,e-20260830-010837-t009,e-20260830-010837-t009-c04,e-20260830-010837-t009-c04-s001,1,1,p6,INTJ,seer,seer,80,claim|hypothesis,p2,p2,suspect,1,v1
e-20260830-010837,e-20260830-010837-t009,e-20260830-010837-t009-c04,e-20260830-010837-t009-c04-s002,2,1,p1,INTJ,werewolf,werewolf,75,claim|suspect,p4,p4,suspect,2,v1
e-20260830-010837,e-20260830-010837-t009,e-20260830-010837-t009-c04,e-20260830-010837-t009-c04-s003,3,1,p2,INTJ,thief,thief,136,agree|claim|suspect,p6|p1|p4,p4,suspect,1,v1
e-20260830-010837,e-20260830-010837-t009,e-20260830-010837-t009-c04,e-20260830-010837-t009-c04-s004,4,1,p4,INTJ,werewolf,werewolf,85,claim|suspect|intent,p1,p1,suspect,3,v1
e-20260830-010837,e-20260830-010837-t009,e-20260830-010837-t009-c04,e-20260830-010837-t009-c04-s005,5,2,p7,INTJ,villager,villager,78,suspect|intent,p1,p1,suspect,3,v1
e-20260830-010837,e-20260830-010837-t009,e-20260830-010837-t009-c04,e-20260830-010837-t009-c04-s006,6,2,p6,INTJ,seer,seer,100,suspect|intent,p1,p1,suspect,3,v1
e-20260830-010837,e-20260830-010837-t009,e-20260830-010837-t009-c04,e-20260830-010837-t009-c04-s007,7,2,p1,INTJ,werewolf,werewolf,100,claim|suspect|intent,p1|p4,p4,suspect,1,v1
e-20260830-010837,e-20260830-010837-t009,e-20260830-010837-t009-c04,e-20260830-010837-t009-c04-s008,8,2,p4,INTJ,werewolf,werewolf,119,claim|intent,p1,,,,v1
e-20260830-010837,e-20260830-010837-t009,e-20260830-010837-t009-c04,e-20260830-010837-t009-c04-s009,9,2,p2,INTJ,thief,thief,70,claim|agree|suspect|intent,p4|p1,p1,suspect,1,v1
e-20260830-010837,e-20260830-010837-t009,e-20260830-010837-t009-c05,e-20260830-010837-t009-c05-s001,1,1,p6,ISTP,seer,seer,85,claim|hypothesis|intent,p2,p2,suspect,1,v1
e-20260830-010837,e-20260830-010837-t009,e-20260830-010837-t009-c06,e-20260830-010837-t009-c06-s001,1,1,p6,ISFP,seer,seer,82,claim|suspect|intent,p2,p2,suspect,2,v1
e-20260830-010837,e-20260830-010837-t009,e-20260830-010837-t009-c06,e-20260830-010837-t009-c06-s002,2,1,p1,ISFP,werewolf,werewolf,69,claim|suspect|intent,p4,p4,suspect,2,v1
e-20260830-010837,e-20260830-010837-t009,e-20260830-010837-t009-c06,e-20260830-010837-t009-c06-s003,3,1,p2,ISFP,thief,thief,74,claim|suspect|intent,p4,p4,suspect,2,v1
e-20260830-010837,e-20260830-010837-t009,e-20260830-010837-t009-c06,e-20260830-010837-t009-c06-s004,4,1,p4,ISFP,werewolf,werewolf,84,claim|hypothesis|intent,p4,,,,v1
e-20260830-010837,e-20260830-010837-t009,e-20260830-010837-t009-c06,e-20260830-010837-t009-c06-s005,5,2,p6,ISFP,seer,seer,98,claim|suspect|intent,p4,p4,suspect,2,v1
e-20260830-010837,e-20260830-010837-t009,e-20260830-010837-t009-c06,e-20260830-010837-t009-c06-s006,6,2,p1,ISFP,werewolf,werewolf,80,claim|suspect|intent,p4,p4,suspect,2,v1
e-20260830-010837,e-20260830-010837-t009,e-20260830-010837-t009-c07,e-20260830-010837-t009-c07-s001,1,1,p6,INFP,seer,seer,48,claim|suspect,p2,p2,suspect,1,v1
e-20260830-010837,e-20260830-010837-t009,e-20260830-010837-t009-c07,e-20260830-010837-t009-c07-s002,2,1,p1,INFP,werewolf,werewolf,79,claim|suspect|intent,p2,p2,suspect,2,v1
e-20260830-010837,e-20260830-010837-t009,e-20260830-010837-t009-c07,e-20260830-010837-t009-c07-s003,3,1,p8,INFP,villager,villager,73,claim|suspect|intent,p2,p2,suspect,2,v1
e-20260830-010837,e-20260830-010837-t009,e-20260830-010837-t009-c07,e-20260830-010837-t009-c07-s004,4,1,p2,INFP,thief,thief,81,claim|suspect|intent,p1,p1,suspect,3,v1
e-20260830-010837,e-20260830-010837-t009,e-20260830-010837-t009-c07,e-20260830-010837-t009-c07-s005,5,1,p4,INFP,werewolf,werewolf,90,claim|agree|suspect|intent,p2|p1,p1,suspect,2,v1
e-20260830-010837,e-20260830-010837-t009,e-20260830-010837-t009-c07,e-20260830-010837-t009-c07-s006,6,2,p6,INFP,seer,seer,70,claim|suspect|intent,p2|p1,p1,suspect,2,v1
e-20260830-010837,e-20260830-010837-t009,e-20260830-010837-t009-c07,e-20260830-010837-t009-c07-s007,7,2,p1,INFP,werewolf,werewolf,112,suspect|intent,p2|p4,p4,suspect,2,v1
e-20260830-010837,e-20260830-010837-t009,e-20260830-010837-t009-c07,e-20260830-010837-t009-c07-s008,8,2,p4,INFP,werewolf,werewolf,79,intent|suspect|hypothesis,p2,p2,suspect,1,v1
e-20260830-010837,e-20260830-010837-t009,e-20260830-010837-t009-c08,e-20260830-010837-t009-c08-s001,1,1,p6,INTP,seer,seer,35,question|claim,p2,,,,v1
e-20260830-010837,e-20260830-010837-t009,e-20260830-010837-t009-c08,e-20260830-010837-t009-c08-s002,2,2,p6,INTP,seer,seer,35,question|claim,p2,,,,v1
e-20260830-010837,e-20260830-010837-t009,e-20260830-010837-t009-c08,e-20260830-010837-t009-c08-s003,3,2,p1,INTP,werewolf,werewolf,35,question|claim,p2,,,,v1
e-20260830-010837,e-20260830-010837-t009,e-20260830-010837-t009-c08,e-20260830-010837-t009-c08-s004,4,3,p1,INTP,werewolf,werewolf,35,question|claim,p2,,,,v1
e-20260830-010837,e-20260830-010837-t009,e-20260830-010837-t009-c08,e-20260830-010837-t009-c08-s005,5,4,p4,INTP,werewolf,werewolf,35,question|claim,p2,,,,v1
e-20260830-010837,e-20260830-010837-t009,e-20260830-010837-t009-c08,e-20260830-010837-t009-c08-s006,6,4,p6,INTP,seer,seer,35,question|claim,p2,,,,v1
e-20260830-010837,e-20260830-010837-t009,e-20260830-010837-t009-c08,e-20260830-010837-t009-c08-s007,7,5,p1,INTP,werewolf,werewolf,35,question|claim,p2,,,,v1
e-20260830-010837,e-20260830-010837-t009,e-20260830-010837-t009-c08,e-20260830-010837-t009-c08-s008,8,5,p6,INTP,seer,seer,35,question|claim,p2,,,,v1
e-20260830-010837,e-20260830-010837-t009,e-20260830-010837-t009-c08,e-20260830-010837-t009-c08-s009,9,5,p4,INTP,werewolf,werewolf,35,question,p2,,,,v1
e-20260830-010837,e-20260830-010837-t009,e-20260830-010837-t009-c08,e-20260830-010837-t009-c08-s010,10,6,p1,INTP,werewolf,werewolf,35,question,p2,,,,v1
e-20260830-010837,e-20260830-010837-t009,e-20260830-010837-t009-c09,e-20260830-010837-t009-c09-s001,1,1,p6,ESTP,seer,seer,72,claim|hypothesis|intent,p2,p2,suspect,3,v1
e-20260830-010837,e-20260830-010837-t009,e-20260830-010837-t009-c09,e-20260830-010837-t009-c09-s002,2,1,p1,ESTP,werewolf,werewolf,65,claim|hypothesis|intent,p4,p4,suspect,3,v1
e-20260830-010837,e-20260830-010837-t009,e-20260830-010837-t009-c09,e-20260830-010837-t009-c09-s003,3,1,p8,ESTP,villager,villager,74,claim|hypothesis|intent|agree,p4|p1,p4,suspect,3,v1
e-20260830-010837,e-20260830-010837-t009,e-20260830-010837-t009-c09,e-20260830-010837-t009-c09-s004,4,1,p7,ESTP,villager,villager,113,agree|hypothesis|intent,p1|p8|p4|p6,p4,suspect,3,v1
e-20260830-010837,e-20260830-010837-t009,e-20260830-010837-t009-c09,e-20260830-010837-t009-c09-s005,5,1,p3,ESTP,villager,villager,90,agree|hypothesis|intent,p4,p4,suspect,2,v1
e-20260830-010837,e-20260830-010837-t009,e-20260830-010837-t009-c09,e-20260830-010837-t009-c09-s006,6,1,p5,ESTP,villager,villager,115,agree|hypothesis|intent,p4,p4,suspect,2,v1
e-20260830-010837,e-20260830-010837-t009,e-20260830-010837-t009-c09,e-20260830-010837-t009-c09-s007,7,1,p2,ESTP,thief,thief,103,agree|intent|suspect,p4|p5,p4,suspect,2,v1
e-20260830-010837,e-20260830-010837-t009,e-20260830-010837-t009-c09,e-20260830-010837-t009-c09-s008,8,1,p4,ESTP,werewolf,werewolf,122,agree|intent,p2|p1|p3,p3,defend,1,v1
e-20260830-010837,e-20260830-010837-t009,e-20260830-010837-t009-c09,e-20260830-010837-t009-c09-s009,9,2,p7,ESTP,villager,villager,125,agree|suspect|intent,p1|p8|p4,p4,suspect,2,v1
e-20260830-010837,e-20260830-010837-t009,e-20260830-010837-t009-c09,e-20260830-010837-t009-c09-s010,10,2,p6,ESTP,seer,seer,112,suspect|intent,p4,p4,suspect,2,v1
e-20260830-010837,e-20260830-010837-t009,e-20260830-010837-t009-c09,e-20260830-010837-t009-c09-s011,11,2,p1,ESTP,werewolf,werewolf,130,suspect|intent|question,p3|p4,p4,suspect,2,v1
e-20260830-010837,e-20260830-010837-t009,e-20260830-010837-t009-c09,e-20260830-010837-t009-c09-s012,12,2,p4,ESTP,werewolf,werewolf,100,intent|suspect|agree,p1|p3|p7|p5,p5,suspect,1,v1
e-20260830-010837,e-20260830-010837-t009,e-20260830-010837-t009-c09,e-20260830-010837-t009-c09-s013,13,2,p8,ESTP,villager,villager,55,intent|agree|suspect,p5,p5,suspect,1,v1
e-20260830-010837,e-20260830-010837-t009,e-20260830-010837-t009-c09,e-20260830-010837-t009-c09-s014,14,2,p2,ESTP,thief,thief,105,intent|agree|suspect,p5|p4,p5,suspect,1,v1
e-20260830-010837,e-20260830-010837-t009,e-20260830-010837-t009-c09,e-20260830-010837-t009-c09-s015,15,2,p5,ESTP,villager,villager,133,defend|intent|question,p4,,,,v1
e-20260830-010837,e-20260830-010837-t009,e-20260830-010837-t009-c09,e-20260830-010837-t009-c09-s016,16,2,p3,ESTP,villager,villager,80,agree|suspect|intent,p4|p5,p4,suspect,2,v1
e-20260830-010837,e-20260830-010837-t009,e-20260830-010837-t009-c09,e-20260830-010837-t009-c09-s017,17,4,p7,ESTP,villager,villager,99,suspect|question,p4,p4,suspect,2,v1
e-20260830-010837,e-20260830-010837-t009,e-20260830-010837-t009-c09,e-20260830-010837-t009-c09-s018,18,4,p6,ESTP,seer,seer,77,suspect|question,p4,p4,suspect,2,v1
e-20260830-010837,e-20260830-010837-t009,e-20260830-010837-t009-c09,e-20260830-010837-t009-c09-s019,19,4,p8,ESTP,villager,villager,77,suspect|question,p4,p4,suspect,2,v1
e-20260830-010837,e-20260830-010837-t009,e-20260830-010837-t009-c09,e-20260830-010837-t009-c09-s020,20,5,p6,ESTP,seer,seer,114,suspect|question|intent,p4,p4,suspect,2,v1
e-20260830-010837,e-20260830-010837-t009,e-20260830-010837-t009-c09,e-20260830-010837-t009-c09-s021,21,5,p8,ESTP,villager,villager,151,suspect|question,p4,p4,suspect,2,v1
e-20260830-010837,e-20260830-010837-t009,e-20260830-010837-t009-c09,e-20260830-010837-t009-c09-s022,22,5,p7,ESTP,villager,villager,136,suspect|question,p4,p4,suspect,2,v1
e-20260830-010837,e-20260830-010837-t009,e-20260830-010837-t009-c10,e-20260830-010837-t009-c10-s001,1,1,p6,ESFP,seer,seer,76,claim|intent|suspect,p2,p2,suspect,1,v1
e-20260830-010837,e-20260830-010837-t009,e-20260830-010837-t009-c10,e-20260830-010837-t009-c10-s002,2,1,p1,ESFP,werewolf,werewolf,67,claim|intent|suspect,p4,p4,suspect,2,v1
e-20260830-010837,e-20260830-010837-t009,e-20260830-010837-t009-c10,e-20260830-010837-t009-c10-s003,3,1,p8,ESFP,villager,villager,69,claim|intent|suspect,p4,p4,suspect,2,v1
e-20260830-010837,e-20260830-010837-t009,e-20260830-010837-t009-c10,e-20260830-010837-t009-c10-s004,4,1,p7,ESFP,villager,villager,69,claim|intent|suspect,p4,p4,suspect,2,v1
e-20260830-010837,e-20260830-010837-t009,e-20260830-010837-t009-c10,e-20260830-010837-t009-c10-s005,5,1,p3,ESFP,villager,villager,72,claim|intent|suspect,p4,p4,suspect,2,v1
e-20260830-010837,e-20260830-010837-t009,e-20260830-010837-t009-c10,e-20260830-010837-t009-c10-s006,6,1,p5,ESFP,villager,villager,72,claim|intent|suspect,p4,p4,suspect,2,v1
e-20260830-010837,e-20260830-010837-t009,e-20260830-010837-t009-c10,e-20260830-010837-t009-c10-s007,7,1,p2,ESFP,thief,thief,88,claim|agree|intent|suspect,p4,p4,suspect,3,v1
e-20260830-010837,e-20260830-010837-t009,e-20260830-010837-t009-c10,e-20260830-010837-t009-c10-s008,8,1,p4,ESFP,werewolf,werewolf,94,claim|rebut|intent|suspect,p2,p2,suspect,2,v1
e-20260830-010837,e-20260830-010837-t009,e-20260830-010837-t009-c10,e-20260830-010837-t009-c10-s009,9,2,p7,ESFP,villager,villager,64,intent,p4|p2,,,,v1
e-20260830-010837,e-20260830-010837-t009,e-20260830-010837-t009-c10,e-20260830-010837-t009-c10-s010,10,2,p6,ESFP,seer,seer,83,suspect|hypothesis|intent,p2,p2,suspect,2,v1
e-20260830-010837,e-20260830-010837-t009,e-20260830-010837-t009-c10,e-20260830-010837-t009-c10-s011,11,2,p1,ESFP,werewolf,werewolf,99,suspect|hypothesis|intent,p4|p2,p4,suspect,2,v1
e-20260830-010837,e-20260830-010837-t009,e-20260830-010837-t009-c10,e-20260830-010837-t009-c10-s012,12,2,p4,ESFP,werewolf,werewolf,85,suspect|hypothesis|intent,p2,p2,suspect,2,v1
e-20260830-010837,e-20260830-010837-t009,e-20260830-010837-t009-c10,e-20260830-010837-t009-c10-s013,13,2,p2,ESFP,thief,thief,93,suspect|hypothesis|intent,p4|p2,,,,v1
e-20260830-010837,e-20260830-010837-t009,e-20260830-010837-t009-c11,e-20260830-010837-t009-c11-s001,1,1,p6,ENFP,seer,seer,74,hypothesis|intent,p2,,,,v1
e-20260830-010837,e-20260830-010837-t009,e-20260830-010837-t009-c11,e-20260830-010837-t009-c11-s002,2,1,p1,ENFP,werewolf,werewolf,169,agree|intent,p6|p2,,,,v1
e-20260830-010837,e-20260830-010837-t009,e-20260830-010837-t009-c11,e-20260830-010837-t009-c11-s003,3,1,p8,ENFP,villager,villager,110,intent,p2,,,,v1
e-20260830-010837,e-20260830-010837-t009,e-20260830-010837-t009-c11,e-20260830-010837-t009-c11-s004,4,1,p7,ENFP,villager,villager,89,intent,p2,,,,v1
e-20260830-010837,e-20260830-010837-t009,e-20260830-010837-t009-c11,e-20260830-010837-t009-c11-s005,5,1,p3,ENFP,villager,villager,113,intent,p2,,,,v1
e-20260830-010837,e-20260830-010837-t009,e-20260830-010837-t009-c11,e-20260830-010837-t009-c11-s006,6,1,p5,ENFP,villager,villager,108,intent,p2,,,,v1
e-20260830-010837,e-20260830-010837-t009,e-20260830-010837-t009-c11,e-20260830-010837-t009-c11-s007,7,1,p2,ENFP,thief,thief,127,suspect|claim|hypothesis,p1,p1,suspect,3,v1
e-20260830-010837,e-20260830-010837-t009,e-20260830-010837-t009-c11,e-20260830-010837-t009-c11-s008,8,1,p4,ENFP,werewolf,werewolf,125,agree|rebut|hypothesis,p2|p1,,,,v1
e-20260830-010837,e-20260830-010837-t009,e-20260830-010837-t009-c11,e-20260830-010837-t009-c11-s009,9,2,p7,ENFP,villager,villager,108,suspect|intent|hypothesis,p2,p2,suspect,2,v1
e-20260830-010837,e-20260830-010837-t009,e-20260830-010837-t009-c11,e-20260830-010837-t009-c11-s010,10,2,p6,ENFP,seer,seer,89,suspect|intent,p2|p1,p2,suspect,2,v1
e-20260830-010837,e-20260830-010837-t009,e-20260830-010837-t009-c11,e-20260830-010837-t009-c11-s011,11,2,p1,ENFP,werewolf,werewolf,95,suspect|intent,p2,p2,suspect,2,v1
e-20260830-010837,e-20260830-010837-t009,e-20260830-010837-t009-c11,e-20260830-010837-t009-c11-s012,12,2,p5,ENFP,villager,villager,113,intent|hypothesis,p2,p2,suspect,1,v1
e-20260830-010837,e-20260830-010837-t009,e-20260830-010837-t009-c11,e-20260830-010837-t009-c11-s013,13,2,p3,ENFP,villager,villager,85,suspect|intent,p2,p2,suspect,2,v1
e-20260830-010837,e-20260830-010837-t009,e-20260830-010837-t009-c12,e-20260830-010837-t009-c12-s001,1,1,p6,ENTP,seer,seer,72,claim|hypothesis|intent,p2,,,,v1
e-20260830-010837,e-20260830-010837-t009,e-20260830-010837-t009-c12,e-20260830-010837-t009-c12-s002,2,1,p1,ENTP,werewolf,werewolf,72,claim|hypothesis|intent,p4,,,,v1
e-20260830-010837,e-20260830-010837-t009,e-20260830-010837-t009-c12,e-20260830-010837-t009-c12-s003,3,1,p8,ENTP,villager,villager,72,claim|hypothesis|intent,p2,,,,v1
e-20260830-010837,e-20260830-010837-t009,e-20260830-010837-t009-c12,e-20260830-010837-t009-c12-s004,4,1,p2,ENTP,thief,thief,86,claim|suspect|hypothesis|intent,p1,p1,suspect,3,v1
e-20260830-010837,e-20260830-010837-t009,e-20260830-010837-t009-c12,e-20260830-010837-t009-c12-s005,5,1,p4,ENTP,werewolf,werewolf,70,claim|suspect|hypothesis|intent,p1,p1,suspect,3,v1
e-20260830-010837,e-20260830-010837-t009,e-20260830-010837-t009-c12,e-20260830-010837-t009-c12-s006,6,2,p6,ENTP,seer,seer,120,claim|hypothesis|intent,p2,,,,v1
e-20260830-010837,e-20260830-010837-t009,e-20260830-010837-t009-c12,e-20260830-010837-t009-c12-s007,7,2,p1,ENTP,werewolf,werewolf,131,claim|hypothesis|intent,p2,,,,v1
e-20260830-010837,e-20260830-010837-t009,e-20260830-010837-t009-c12,e-20260830-010837-t009-c12-s008,8,2,p4,ENTP,werewolf,werewolf,116,claim|hypothesis|suspect|intent,p1|p2,p1,suspect,1,v1
e-20260830-010837,e-20260830-010837-t009,e-20260830-010837-t009-c12,e-20260830-010837-t009-c12-s009,9,2,p2,ENTP,thief,thief,78,suspect|intent,p1,p1,suspect,3,v1
e-20260830-010837,e-20260830-010837-t009,e-20260830-010837-t009-c13,e-20260830-010837-t009-c13-s001,1,1,p6,ESTJ,seer,seer,75,claim|hypothesis|intent,p2,,,,v1
e-20260830-010837,e-20260830-010837-t009,e-20260830-010837-t009-c13,e-20260830-010837-t009-c13-s002,2,1,p1,ESTJ,werewolf,werewolf,76,claim|suspect|intent,p4,p4,suspect,2,v1
e-20260830-010837,e-20260830-010837-t009,e-20260830-010837-t009-c13,e-20260830-010837-t009-c13-s003,3,1,p2,ESTJ,thief,thief,67,claim|suspect|hypothesis|intent,p1,p1,suspect,2,v1
e-20260830-010837,e-20260830-010837-t009,e-20260830-010837-t009-c13,e-20260830-010837-t009-c13-s004,4,1,p4,ESTJ,werewolf,werewolf,80,claim|suspect|intent,p1|p4,p1,suspect,2,v1
e-20260830-010837,e-20260830-010837-t009,e-20260830-010837-t009-c13,e-20260830-010837-t009-c13-s005,5,2,p1,ESTJ,werewolf,werewolf,114,claim|suspect|intent,p4,p4,suspect,2,v1
e-20260830-010837,e-20260830-010837-t009,e-20260830-010837-t009-c14,e-20260830-010837-t009-c14-s001,1,1,p6,ESFJ,seer,seer,72,claim|hypothesis|intent,p2,p2,suspect,2,v1
e-20260830-010837,e-20260830-010837-t009,e-20260830-010837-t009-c14,e-20260830-010837-t009-c14-s002,2,1,p1,ESFJ,werewolf,werewolf,87,claim|suspect|hypothesis|intent,p4,p4,suspect,2,v1
e-20260830-010837,e-20260830-010837-t009,e-20260830-010837-t009-c14,e-20260830-010837-t009-c14-s003,3,1,p8,ESFJ,villager,villager,76,agree|intent,p6|p1,,,,v1
e-20260830-010837,e-20260830-010837-t009,e-20260830-010837-t009-c14,e-20260830-010837-t009-c14-s004,4,1,p7,ESFJ,villager,villager,56,question,,,,,v1
e-20260830-010837,e-20260830-010837-t009,e-20260830-010837-t009-c14,e-20260830-010837-t009-c14-s005,5,1,p3,ESFJ,villager,villager,75,suspect|claim|hypothesis|intent,p1|p4,p4,suspect,3,v1
e-20260830-010837,e-20260830-010837-t009,e-20260830-010837-t009-c14,e-20260830-010837-t009-c14-s006,6,1,p5,ESFJ,villager,villager,130,suspect|claim|hypothesis|intent,p1|p4,p4,suspect,3,v1
e-20260830-010837,e-20260830-010837-t009,e-20260830-010837-t009-c14,e-20260830-010837-t009-c14-s007,7,1,p2,ESFJ,thief,thief,79,claim|suspect|intent,p1|p4,p4,suspect,2,v1
e-20260830-010837,e-20260830-010837-t009,e-20260830-010837-t009-c14,e-20260830-010837-t009-c14-s008,8,1,p4,ESFJ,werewolf,werewolf,128,agree|claim|hypothesis|intent,p2|p1,p1,suspect,1,v1
e-20260830-010837,e-20260830-010837-t009,e-20260830-010837-t009-c14,e-20260830-010837-t009-c14-s009,9,2,p7,ESFJ,villager,villager,126,claim|intent|hypothesis,p1,,,,v1
e-20260830-010837,e-20260830-010837-t009,e-20260830-010837-t009-c14,e-20260830-010837-t009-c14-s010,10,2,p6,ESFJ,seer,seer,107,suspect|intent,p1|p4,p4,suspect,2,v1
e-20260830-010837,e-20260830-010837-t009,e-20260830-010837-t009-c14,e-20260830-010837-t009-c14-s011,11,2,p1,ESFJ,werewolf,werewolf,119,claim|intent|hypothesis,p2|p1,,,,v1
e-20260830-010837,e-20260830-010837-t009,e-20260830-010837-t009-c14,e-20260830-010837-t009-c14-s012,12,2,p4,ESFJ,werewolf,werewolf,133,rebut|intent|hypothesis,p1|p2,,,,v1
e-20260830-010837,e-20260830-010837-t009,e-20260830-010837-t009-c14,e-20260830-010837-t009-c14-s013,13,2,p8,ESFJ,villager,villager,109,intent,p1|p2|p4,,,,v1
e-20260830-010837,e-20260830-010837-t009,e-20260830-010837-t009-c14,e-20260830-010837-t009-c14-s014,14,2,p2,ESFJ,thief,thief,104,agree|intent,p1|p4,,,,v1
e-20260830-010837,e-20260830-010837-t009,e-20260830-010837-t009-c15,e-20260830-010837-t009-c15-s001,1,1,p6,ENFJ,seer,seer,74,claim|suspect,p2,p2,suspect,2,v1
e-20260830-010837,e-20260830-010837-t009,e-20260830-010837-t009-c15,e-20260830-010837-t009-c15-s002,2,1,p1,ENFJ,werewolf,werewolf,98,claim|suspect|question,p2,p2,suspect,2,v1
e-20260830-010837,e-20260830-010837-t009,e-20260830-010837-t009-c15,e-20260830-010837-t009-c15-s003,3,1,p2,ENFJ,thief,thief,110,other,p6|p2,,,,v1
e-20260830-010837,e-20260830-010837-t009,e-20260830-010837-t009-c15,e-20260830-010837-t009-c15-s004,4,1,p4,ENFJ,werewolf,werewolf,101,question|suspect,p6|p2,p2,suspect,1,v1
e-20260830-010837,e-20260830-010837-t009,e-20260830-010837-t009-c15,e-20260830-010837-t009-c15-s005,5,2,p6,ENFJ,seer,seer,92,question|suspect,p2,p2,suspect,2,v1
e-20260830-010837,e-20260830-010837-t009,e-20260830-010837-t009-c15,e-20260830-010837-t009-c15-s006,6,2,p1,ENFJ,werewolf,werewolf,117,hypothesis|suspect|defend|intent,p6|p2,p2,defend,1,v1
e-20260830-010837,e-20260830-010837-t009,e-20260830-010837-t009-c15,e-20260830-010837-t009-c15-s007,7,2,p4,ENFJ,werewolf,werewolf,124,question|hypothesis|defend,p1|p2,p2,defend,1,v1
e-20260830-010837,e-20260830-010837-t009,e-20260830-010837-t009-c15,e-20260830-010837-t009-c15-s008,8,3,p2,ENFJ,thief,thief,118,agree|defend|intent,p6|p1|p2,,,,v1
e-20260830-010837,e-20260830-010837-t009,e-20260830-010837-t009-c15,e-20260830-010837-t009-c15-s009,9,4,p4,ENFJ,werewolf,werewolf,73,question|suspect,p2,p2,suspect,1,v1
e-20260830-010837,e-20260830-010837-t009,e-20260830-010837-t009-c15,e-20260830-010837-t009-c15-s010,10,4,p6,ENFJ,seer,seer,122,agree|question|suspect,p4|p2,p2,suspect,2,v1
e-20260830-010837,e-20260830-010837-t009,e-20260830-010837-t009-c15,e-20260830-010837-t009-c15-s011,11,4,p8,ENFJ,villager,villager,111,claim|intent,p2|p6,,,,v1
e-20260830-010837,e-20260830-010837-t009,e-20260830-010837-t009-c15,e-20260830-010837-t009-c15-s012,12,5,p6,ENFJ,seer,seer,109,question|suspect,p8|p2,p2,suspect,1,v1
e-20260830-010837,e-20260830-010837-t009,e-20260830-010837-t009-c15,e-20260830-010837-t009-c15-s013,13,6,p8,ENFJ,villager,villager,121,question|suspect,p2,p2,suspect,1,v1
e-20260830-010837,e-20260830-010837-t009,e-20260830-010837-t009-c16,e-20260830-010837-t009-c16-s001,1,1,p6,ENTJ,seer,seer,72,claim|hypothesis|intent,p2,,,,v1
e-20260830-010837,e-20260830-010837-t009,e-20260830-010837-t009-c16,e-20260830-010837-t009-c16-s002,2,1,p1,ENTJ,werewolf,werewolf,86,claim|hypothesis|intent,p4,,,,v1
e-20260830-010837,e-20260830-010837-t009,e-20260830-010837-t009-c16,e-20260830-010837-t009-c16-s003,3,1,p2,ENTJ,thief,thief,102,claim|hypothesis|intent,p1|p4,,,,v1
e-20260830-010837,e-20260830-010837-t009,e-20260830-010837-t009-c16,e-20260830-010837-t009-c16-s004,4,1,p4,ENTJ,werewolf,werewolf,127,claim|agree|hypothesis,p2|p1|p4,,,,v1
e-20260830-010837,e-20260830-010837-t009,e-20260830-010837-t009-c16,e-20260830-010837-t009-c16-s005,5,2,p6,ENTJ,seer,seer,90,claim|agree|hypothesis|intent,p2|p4,,,,v1
e-20260830-010837,e-20260830-010837-t009,e-20260830-010837-t009-c16,e-20260830-010837-t009-c16-s006,6,2,p1,ENTJ,werewolf,werewolf,119,claim|agree|intent|hypothesis,p6|p2|p4,,,,v1
e-20260830-010837,e-20260830-010837-t009,e-20260830-010837-t009-c16,e-20260830-010837-t009-c16-s007,7,2,p4,ENTJ,werewolf,werewolf,152,rebut|question|suspect,p1,p1,suspect,2,v1
e-20260830-010837,e-20260830-010837-t009,e-20260830-010837-t009-c16,e-20260830-010837-t009-c16-s008,8,2,p2,ENTJ,thief,thief,123,agree|claim|suspect|hypothesis,p4|p1,p4,suspect,2,v1
e-20260830-010837,e-20260830-010837-t010,e-20260830-010837-t010-c00,e-20260830-010837-t010-c00-s001,1,1,p2,ESFJ,seer,seer,59,claim|intent,p1,,,,v1
e-20260830-010837,e-20260830-010837-t010,e-20260830-010837-t010-c00,e-20260830-010837-t010-c00-s002,2,1,p8,INTP,thief,thief,77,hypothesis|intent,p1,,,,v1
e-20260830-010837,e-20260830-010837-t010,e-20260830-010837-t010-c00,e-20260830-010837-t010-c00-s003,3,1,p6,ESFP,villager,villager,104,agree|intent,p2|p1,,,,v1
e-20260830-010837,e-20260830-010837-t010,e-20260830-010837-t010-c00,e-20260830-010837-t010-c00-s004,4,1,p1,ESTP,villager,villager,97,agree|intent|suspect,p2|p8|p3|p5,p5,suspect,1,v1
e-20260830-010837,e-20260830-010837-t010,e-20260830-010837-t010-c00,e-20260830-010837-t010-c00-s005,5,1,p4,ESTP,werewolf,werewolf,98,agree|intent|defend,p1|p3|p5|p2|p8|p6,p1,defend,2,v1
e-20260830-010837,e-20260830-010837-t010,e-20260830-010837-t010-c00,e-20260830-010837-t010-c00-s006,6,1,p3,ENTP,werewolf,werewolf,91,agree|intent|suspect,p2|p8|p6|p4|p1|p5,p5,suspect,2,v1
e-20260830-010837,e-20260830-010837-t010,e-20260830-010837-t010-c00,e-20260830-010837-t010-c00-s007,7,2,p8,INTP,thief,thief,62,agree|suspect,p5|p1,p5,suspect,2,v1
e-20260830-010837,e-20260830-010837-t010,e-20260830-010837-t010-c00,e-20260830-010837-t010-c00-s008,8,2,p7,ESTJ,villager,villager,89,agree|suspect|intent,p5|p1,p5,suspect,2,v1
e-20260830-010837,e-20260830-010837-t010,e-20260830-010837-t010-c00,e-20260830-010837-t010-c00-s009,9,2,p5,ESFJ,villager,villager,121,agree|suspect|intent,p7|p5|p1,,,,v1
e-20260830-010837,e-20260830-010837-t010,e-20260830-010837-t010-c00,e-20260830-010837-t010-c00-s010,10,2,p3,ENTP,werewolf,werewolf,47,intent,p5,p5,suspect,1,v1
e-20260830-010837,e-20260830-010837-t010,e-20260830-010837-t010-c00,e-20260830-010837-t010-c00-s011,11,2,p6,ESFP,villager,villager,72,intent|agree,p5,p5,suspect,1,v1
e-20260830-010837,e-20260830-010837-t010,e-20260830-010837-t010-c00,e-20260830-010837-t010-c00-s012,12,2,p1,ESTP,villager,villager,71,intent|agree,p5,p5,suspect,1,v1
e-20260830-010837,e-20260830-010837-t010,e-20260830-010837-t010-c00,e-20260830-010837-t010-c00-s013,13,2,p2,ESFJ,seer,seer,62,intent,p5,p5,suspect,1,v1
e-20260830-010837,e-20260830-010837-t010,e-20260830-010837-t010-c00,e-20260830-010837-t010-c00-s014,14,2,p4,ESTP,werewolf,werewolf,93,intent|suspect,p5|p1,p5,suspect,2,v1
e-20260830-010837,e-20260830-010837-t010,e-20260830-010837-t010-c00,e-20260830-010837-t010-c00-s015,15,3,p7,ESTJ,villager,villager,72,intent|hypothesis,p5,p5,suspect,1,v1
e-20260830-010837,e-20260830-010837-t010,e-20260830-010837-t010-c00,e-20260830-010837-t010-c00-s016,16,3,p5,ESFJ,villager,villager,68,question,p5,,,,v1
e-20260830-010837,e-20260830-010837-t010,e-20260830-010837-t010-c01,e-20260830-010837-t010-c01-s001,1,1,p2,ISTJ,seer,seer,34,claim|defend,p1,p1,defend,3,v1
e-20260830-010837,e-20260830-010837-t010,e-20260830-010837-t010-c01,e-20260830-010837-t010-c01-s002,2,1,p4,ISTJ,werewolf,werewolf,64,claim|intent,p1,p1,defend,2,v1
e-20260830-010837,e-20260830-010837-t010,e-20260830-010837-t010-c01,e-20260830-010837-t010-c01-s003,3,1,p3,ISTJ,werewolf,werewolf,68,claim|defend,p1,p1,defend,2,v1
e-20260830-010837,e-20260830-010837-t010,e-20260830-010837-t010-c01,e-20260830-010837-t010-c01-s004,4,2,p8,ISTJ,thief,thief,55,defend|intent,p1,p1,defend,1,v1
e-20260830-010837,e-20260830-010837-t010,e-20260830-010837-t010-c01,e-20260830-010837-t010-c01-s005,5,2,p7,ISTJ,villager,villager,50,defend,p1|p4,p4,defend,2,v1
e-20260830-010837,e-20260830-010837-t010,e-20260830-010837-t010-c01,e-20260830-010837-t010-c01-s006,6,2,p3,ISTJ,werewolf,werewolf,78,claim|defend|question,p1,p1,defend,2,v1
e-20260830-010837,e-20260830-010837-t010,e-20260830-010837-t010-c01,e-20260830-010837-t010-c01-s007,7,2,p6,ISTJ,villager,villager,82,defend|question,p1,p1,defend,2,v1
e-20260830-010837,e-20260830-010837-t010,e-20260830-010837-t010-c01,e-20260830-010837-t010-c01-s008,8,2,p2,ISTJ,seer,seer,88,defend|intent,p1,p1,defend,3,v1
e-20260830-010837,e-20260830-010837-t010,e-20260830-010837-t010-c01,e-20260830-010837-t010-c01-s009,9,2,p4,ISTJ,werewolf,werewolf,83,claim|intent,p1,,,,v1
e-20260830-010837,e-20260830-010837-t010,e-20260830-010837-t010-c01,e-20260830-010837-t010-c01-s010,10,3,p7,ISTJ,villager,villager,65,intent,p1,,,,v1
e-20260830-010837,e-20260830-010837-t010,e-20260830-010837-t010-c01,e-20260830-010837-t010-c01-s011,11,3,p8,ISTJ,thief,thief,69,question,p1,,,,v1
e-20260830-010837,e-20260830-010837-t010,e-20260830-010837-t010-c01,e-20260830-010837-t010-c01-s012,12,4,p2,ISTJ,seer,seer,102,question,p1,,,,v1
e-20260830-010837,e-20260830-010837-t010,e-20260830-010837-t010-c01,e-20260830-010837-t010-c01-s013,13,4,p4,ISTJ,werewolf,werewolf,71,claim|intent,p1,,,,v1
e-20260830-010837,e-20260830-010837-t010,e-20260830-010837-t010-c01,e-20260830-010837-t010-c01-s014,14,5,p7,ISTJ,villager,villager,123,question,p1,,,,v1
e-20260830-010837,e-20260830-010837-t010,e-20260830-010837-t010-c01,e-20260830-010837-t010-c01-s015,15,5,p3,ISTJ,werewolf,werewolf,93,claim|question,p1,,,,v1
e-20260830-010837,e-20260830-010837-t010,e-20260830-010837-t010-c01,e-20260830-010837-t010-c01-s016,16,5,p8,ISTJ,thief,thief,155,claim|intent,p1,,,,v1
e-20260830-010837,e-20260830-010837-t010,e-20260830-010837-t010-c01,e-20260830-010837-t010-c01-s017,17,6,p8,ISTJ,thief,thief,117,defend|intent,p1,p1,defend,2,v1
e-20260830-010837,e-20260830-010837-t010,e-20260830-010837-t010-c02,e-20260830-010837-t010-c02-s001,1,1,p2,ISFJ,seer,seer,60,claim|intent,p1,p1,defend,1,v1
e-20260830-010837,e-20260830-010837-t010,e-20260830-010837-t010-c02,e-20260830-010837-t010-c02-s002,2,1,p4,ISFJ,werewolf,werewolf,79,claim|hypothesis|intent,p3,p3,defend,2,v1
e-20260830-010837,e-20260830-010837-t010,e-20260830-010837-t010-c02,e-20260830-010837-t010-c02-s003,3,1,p3,ISFJ,werewolf,werewolf,50,claim|question,p4,p4,defend,1,v1
e-20260830-010837,e-20260830-010837-t010,e-20260830-010837-t010-c02,e-20260830-010837-t010-c02-s004,4,2,p3,ISFJ,werewolf,werewolf,76,claim|question,p4|p1,p4,defend,1,v1
e-20260830-010837,e-20260830-010837-t010,e-20260830-010837-t010-c02,e-20260830-010837-t010-c02-s005,5,2,p2,ISFJ,seer,seer,108,claim|question,p1|p3,p3,defend,1,v1
e-20260830-010837,e-20260830-010837-t010,e-20260830-010837-t010-c02,e-20260830-010837-t010-c02-s006,6,2,p4,ISFJ,werewolf,werewolf,80,claim|question|intent,p3,p3,defend,1,v1
e-20260830-010837,e-20260830-010837-t010,e-20260830-010837-t010-c03,e-20260830-010837-t010-c03-s001,1,1,p2,INFJ,seer,seer,90,claim|hypothesis|intent,p1,,,,v1
e-20260830-010837,e-20260830-010837-t010,e-20260830-010837-t010-c03,e-20260830-010837-t010-c03-s002,2,1,p8,INFJ,thief,thief,79,claim|intent,p1,,,,v1
e-20260830-010837,e-20260830-010837-t010,e-20260830-010837-t010-c03,e-20260830-010837-t010-c03-s003,3,1,p4,INFJ,werewolf,werewolf,75,claim|defend|intent,p3,p3,defend,2,v1
e-20260830-010837,e-20260830-010837-t010,e-20260830-010837-t010-c04,e-20260830-010837-t010-c04-s001,1,1,p2,INTJ,seer,seer,68,claim|hypothesis|intent,p1,p1,defend,1,v1
e-20260830-010837,e-20260830-010837-t010,e-20260830-010837-t010-c04,e-20260830-010837-t010-c04-s002,2,1,p8,INTJ,thief,thief,109,claim|hypothesis|agree|intent,p1,p1,defend,1,v1
e-20260830-010837,e-20260830-010837-t010,e-20260830-010837-t010-c04,e-20260830-010837-t010-c04-s003,3,1,p4,INTJ,werewolf,werewolf,109,claim|suspect|hypothesis|intent,p3,p3,suspect,2,v1
e-20260830-010837,e-20260830-010837-t010,e-20260830-010837-t010-c04,e-20260830-010837-t010-c04-s004,4,1,p3,INTJ,werewolf,werewolf,107,claim|suspect|intent,p4,p4,suspect,3,v1
e-20260830-010837,e-20260830-010837-t010,e-20260830-010837-t010-c04,e-20260830-010837-t010-c04-s005,5,2,p3,INTJ,werewolf,werewolf,122,suspect|intent,p4,p4,suspect,3,v1
e-20260830-010837,e-20260830-010837-t010,e-20260830-010837-t010-c04,e-20260830-010837-t010-c04-s006,6,2,p2,INTJ,seer,seer,122,suspect|hypothesis|intent,p1|p4|p3,p4,suspect,2,v1
e-20260830-010837,e-20260830-010837-t010,e-20260830-010837-t010-c05,e-20260830-010837-t010-c05-s001,1,1,p2,ISTP,seer,seer,25,claim,p1,,,,v1
e-20260830-010837,e-20260830-010837-t010,e-20260830-010837-t010-c05,e-20260830-010837-t010-c05-s002,2,1,p8,ISTP,thief,thief,38,defend|intent,p1,p1,defend,2,v1
e-20260830-010837,e-20260830-010837-t010,e-20260830-010837-t010-c05,e-20260830-010837-t010-c05-s003,3,1,p4,ISTP,werewolf,werewolf,50,defend|agree,p1,p1,defend,2,v1
e-20260830-010837,e-20260830-010837-t010,e-20260830-010837-t010-c05,e-20260830-010837-t010-c05-s004,4,1,p3,ISTP,werewolf,werewolf,61,suspect|hypothesis|intent,p1,p1,suspect,1,v1
e-20260830-010837,e-20260830-010837-t010,e-20260830-010837-t010-c05,e-20260830-010837-t010-c05-s005,5,2,p8,ISTP,thief,thief,77,defend|rebut|intent,p1,p1,defend,2,v1
e-20260830-010837,e-20260830-010837-t010,e-20260830-010837-t010-c05,e-20260830-010837-t010-c05-s006,6,2,p3,ISTP,werewolf,werewolf,97,suspect|hypothesis|rebut|intent,p1,p1,suspect,2,v1
e-20260830-010837,e-20260830-010837-t010,e-20260830-010837-t010-c05,e-20260830-010837-t010-c05-s007,7,2,p2,ISTP,seer,seer,82,intent|hypothesis,p1,,,,v1
e-20260830-010837,e-20260830-010837-t010,e-20260830-010837-t010-c06,e-20260830-010837-t010-c06-s001,1,1,p2,ISFP,seer,seer,58,claim|intent,p1,,,,v1
e-20260830-010837,e-20260830-010837-t010,e-20260830-010837-t010-c06,e-20260830-010837-t010-c06-s002,2,1,p4,ISFP,werewolf,werewolf,71,claim|intent,p3,,,,v1
e-20260830-010837,e-20260830-010837-t010,e-20260830-010837-t010-c06,e-20260830-010837-t010-c06-s003,3,1,p3,ISFP,werewolf,werewolf,71,claim|intent,p4,,,,v1
e-20260830-010837,e-20260830-010837-t010,e-20260830-010837-t010-c06,e-20260830-010837-t010-c06-s004,4,2,p2,ISFP,seer,seer,94,claim|intent,p1,,,,v1
e-20260830-010837,e-20260830-010837-t010,e-20260830-010837-t010-c06,e-20260830-010837-t010-c06-s005,5,2,p4,ISFP,werewolf,werewolf,102,claim|intent,p3,p3,defend,1,v1
e-20260830-010837,e-20260830-010837-t010,e-20260830-010837-t010-c06,e-20260830-010837-t010-c06-s006,6,3,p8,ISFP,thief,thief,78,intent,,,,,v1
e-20260830-010837,e-20260830-010837-t010,e-20260830-010837-t010-c06,e-20260830-010837-t010-c06-s007,7,4,p8,ISFP,thief,thief,98,claim|intent,p1|p3,,,,v1
e-20260830-010837,e-20260830-010837-t010,e-20260830-010837-t010-c06,e-20260830-010837-t010-c06-s008,8,4,p3,ISFP,werewolf,werewolf,74,claim|intent,p4,,,,v1
e-20260830-010837,e-20260830-010837-t010,e-20260830-010837-t010-c06,e-20260830-010837-t010-c06-s009,9,4,p2,ISFP,seer,seer,100,claim|question,p1|p3,,,,v1
e-20260830-010837,e-20260830-010837-t010,e-20260830-010837-t010-c06,e-20260830-010837-t010-c06-s010,10,5,p3,ISFP,werewolf,werewolf,124,claim|question,p4,,,,v1
e-20260830-010837,e-20260830-010837-t010,e-20260830-010837-t010-c06,e-20260830-010837-t010-c06-s011,11,5,p2,ISFP,seer,seer,133,claim|question,p1|p3,,,,v1
e-20260830-010837,e-20260830-010837-t010,e-20260830-010837-t010-c06,e-20260830-010837-t010-c06-s012,12,5,p5,ISFP,villager,villager,112,question|suspect,p1|p4,p4,suspect,1,v1
e-20260830-010837,e-20260830-010837-t010,e-20260830-010837-t010-c06,e-20260830-010837-t010-c06-s013,13,6,p5,ISFP,villager,villager,81,question|suspect,p1|p4,p4,suspect,1,v1
e-20260830-010837,e-20260830-010837-t010,e-20260830-010837-t010-c06,e-20260830-010837-t010-c06-s014,14,6,p8,ISFP,thief,thief,134,claim|question,p1|p3,,,,v1
e-20260830-010837,e-20260830-010837-t010,e-20260830-010837-t010-c07,e-20260830-010837-t010-c07-s001,1,1,p2,INFP,seer,seer,77,intent|other,p1,,,,v1
e-20260830-010837,e-20260830-010837-t010,e-20260830-010837-t010-c07,e-20260830-010837-t010-c07-s002,2,1,p8,INFP,thief,thief,66,claim|intent,p1,,,,v1
e-20260830-010837,e-20260830-010837-t010,e-20260830-010837-t010-c07,e-20260830-010837-t010-c07-s003,3,1,p4,INFP,werewolf,werewolf,119,suspect|claim,p1|p2|p8|p5,p5,suspect,2,v1
e-20260830-010837,e-20260830-010837-t010,e-20260830-010837-t010-c07,e-20260830-010837-t010-c07-s004,4,1,p3,INFP,werewolf,werewolf,107,agree|rebut|intent,p5,p5,suspect,1,v1
e-20260830-010837,e-20260830-010837-t010,e-20260830-010837-t010-c07,e-20260830-010837-t010-c07-s005,5,2,p8,INFP,thief,thief,65,agree|suspect|question,p5,p5,suspect,2,v1
e-20260830-010837,e-20260830-010837-t010,e-20260830-010837-t010-c07,e-20260830-010837-t010-c07-s006,6,2,p5,INFP,villager,villager,141,defend|other,p4|p3,,,,v1
e-20260830-010837,e-20260830-010837-t010,e-20260830-010837-t010-c07,e-20260830-010837-t010-c07-s007,7,2,p3,INFP,werewolf,werewolf,135,question,p5,,,,v1
e-20260830-010837,e-20260830-010837-t010,e-20260830-010837-t010-c07,e-20260830-010837-t010-c07-s008,8,2,p6,INFP,villager,villager,110,question,p5,,,,v1
e-20260830-010837,e-20260830-010837-t010,e-20260830-010837-t010-c07,e-20260830-010837-t010-c07-s009,9,2,p1,INFP,villager,villager,96,question,p5,,,,v1
e-20260830-010837,e-20260830-010837-t010,e-20260830-010837-t010-c07,e-20260830-010837-t010-c07-s010,10,2,p2,INFP,seer,seer,115,question,p5,,,,v1
e-20260830-010837,e-20260830-010837-t010,e-20260830-010837-t010-c07,e-20260830-010837-t010-c07-s011,11,2,p4,INFP,werewolf,werewolf,155,claim|other,p5,,,,v1
e-20260830-010837,e-20260830-010837-t010,e-20260830-010837-t010-c07,e-20260830-010837-t010-c07-s012,12,3,p5,INFP,villager,villager,168,claim,,,,,v1
e-20260830-010837,e-20260830-010837-t010,e-20260830-010837-t010-c07,e-20260830-010837-t010-c07-s013,13,3,p1,INFP,villager,villager,90,question,p5,,,,v1
e-20260830-010837,e-20260830-010837-t010,e-20260830-010837-t010-c08,e-20260830-010837-t010-c08-s001,1,1,p2,INTP,seer,seer,78,claim|intent,p1,p1,suspect,1,v1
e-20260830-010837,e-20260830-010837-t010,e-20260830-010837-t010-c08,e-20260830-010837-t010-c08-s002,2,1,p8,INTP,thief,thief,59,claim|agree|intent,p1,p1,suspect,1,v1
e-20260830-010837,e-20260830-010837-t010,e-20260830-010837-t010-c08,e-20260830-010837-t010-c08-s003,3,1,p4,INTP,werewolf,werewolf,65,claim|intent,p3,,,,v1
e-20260830-010837,e-20260830-010837-t010,e-20260830-010837-t010-c08,e-20260830-010837-t010-c08-s004,4,1,p3,INTP,werewolf,werewolf,98,claim|agree|intent,p4,,,,v1
e-20260830-010837,e-20260830-010837-t010,e-20260830-010837-t010-c09,e-20260830-010837-t010-c09-s001,1,1,p2,ESTP,seer,seer,63,claim|intent,p1,p1,defend,2,v1
e-20260830-010837,e-20260830-010837-t010,e-20260830-010837-t010-c09,e-20260830-010837-t010-c09-s002,2,1,p5,ESTP,villager,villager,60,agree|intent,p1,p1,defend,1,v1
e-20260830-010837,e-20260830-010837-t010,e-20260830-010837-t010-c09,e-20260830-010837-t010-c09-s003,3,1,p8,ESTP,thief,thief,70,agree|intent,p1,p1,defend,1,v1
e-20260830-010837,e-20260830-010837-t010,e-20260830-010837-t010-c09,e-20260830-010837-t010-c09-s004,4,1,p7,ESTP,villager,villager,75,intent,,,,,v1
e-20260830-010837,e-20260830-010837-t010,e-20260830-010837-t010-c09,e-20260830-010837-t010-c09-s005,5,1,p6,ESTP,villager,villager,99,agree|intent,p1,p1,defend,2,v1
e-20260830-010837,e-20260830-010837-t010,e-20260830-010837-t010-c09,e-20260830-010837-t010-c09-s006,6,1,p1,ESTP,villager,villager,117,claim|intent,,,,,v1
e-20260830-010837,e-20260830-010837-t010,e-20260830-010837-t010-c09,e-20260830-010837-t010-c09-s007,7,1,p4,ESTP,werewolf,werewolf,66,suspect|claim|intent,p3,p3,suspect,3,v1
e-20260830-010837,e-20260830-010837-t010,e-20260830-010837-t010-c09,e-20260830-010837-t010-c09-s008,8,1,p3,ESTP,werewolf,werewolf,127,claim|intent,p3|p1,p1,defend,2,v1
e-20260830-010837,e-20260830-010837-t010,e-20260830-010837-t010-c09,e-20260830-010837-t010-c09-s009,9,2,p8,ESTP,thief,thief,123,suspect|claim|hypothesis|intent,p1|p3,p3,suspect,3,v1
e-20260830-010837,e-20260830-010837-t010,e-20260830-010837-t010-c09,e-20260830-010837-t010-c09-s010,10,2,p7,ESTP,villager,villager,94,suspect|claim|intent,p3,p3,suspect,3,v1
e-20260830-010837,e-20260830-010837-t010,e-20260830-010837-t010-c09,e-20260830-010837-t010-c09-s011,11,2,p5,ESTP,villager,villager,84,suspect|claim|intent,p3,p3,suspect,3,v1
e-20260830-010837,e-20260830-010837-t010,e-20260830-010837-t010-c09,e-20260830-010837-t010-c09-s012,12,2,p3,ESTP,werewolf,werewolf,78,suspect|claim|intent,p3,,,,v1
e-20260830-010837,e-20260830-010837-t010,e-20260830-010837-t010-c10,e-20260830-010837-t010-c10-s001,1,1,p2,ESFP,seer,seer,93,claim|intent|question,p1,,,,v1
e-20260830-010837,e-20260830-010837-t010,e-20260830-010837-t010-c10,e-20260830-010837-t010-c10-s002,2,1,p8,ESFP,thief,thief,86,agree|suspect|question|claim,p1|p2|p5,p5,suspect,2,v1
e-20260830-010837,e-20260830-010837-t010,e-20260830-010837-t010-c10,e-20260830-010837-t010-c10-s003,3,1,p7,ESFP,villager,villager,108,agree|suspect|intent,p2|p8|p5,p5,suspect,2,v1
e-20260830-010837,e-20260830-010837-t010,e-20260830-010837-t010-c10,e-20260830-010837-t010-c10-s004,4,1,p6,ESFP,villager,villager,111,agree|suspect|intent|claim,p1|p5,p5,suspect,2,v1
e-20260830-010837,e-20260830-010837-t010,e-20260830-010837-t010-c10,e-20260830-010837-t010-c10-s005,5,1,p1,ESFP,villager,villager,111,defend|hypothesis|claim,,,,,v1
e-20260830-010837,e-20260830-010837-t010,e-20260830-010837-t010-c10,e-20260830-010837-t010-c10-s006,6,1,p4,ESFP,werewolf,werewolf,139,suspect|hypothesis|intent,p5,p5,suspect,2,v1
e-20260830-010837,e-20260830-010837-t010,e-20260830-010837-t010-c10,e-20260830-010837-t010-c10-s007,7,1,p3,ESFP,werewolf,werewolf,112,hypothesis|suspect,p5,p5,suspect,1,v1
e-20260830-010837,e-20260830-010837-t010,e-20260830-010837-t010-c10,e-20260830-010837-t010-c10-s008,8,2,p8,ESFP,thief,thief,117,hypothesis|suspect,p5,p5,suspect,2,v1
e-20260830-010837,e-20260830-010837-t010,e-20260830-010837-t010-c10,e-20260830-010837-t010-c10-s009,9,2,p7,ESFP,villager,villager,151,suspect|hypothesis,p5,p5,suspect,2,v1
e-20260830-010837,e-20260830-010837-t010,e-20260830-010837-t010-c10,e-20260830-010837-t010-c10-s010,10,2,p3,ESFP,werewolf,werewolf,156,suspect|question,p5,p5,suspect,2,v1
e-20260830-010837,e-20260830-010837-t010,e-20260830-010837-t010-c10,e-20260830-010837-t010-c10-s011,11,2,p6,ESFP,villager,villager,69,suspect,p5,p5,suspect,2,v1
e-20260830-010837,e-20260830-010837-t010,e-20260830-010837-t010-c10,e-20260830-010837-t010-c10-s012,12,2,p2,ESFP,seer,seer,126,agree|question|intent,p5|p6,p5,suspect,1,v1
e-20260830-010837,e-20260830-010837-t010,e-20260830-010837-t010-c10,e-20260830-010837-t010-c10-s013,13,2,p4,ESFP,werewolf,werewolf,101,question|suspect,p5,p5,suspect,1,v1
e-20260830-010837,e-20260830-010837-t010,e-20260830-010837-t010-c11,e-20260830-010837-t010-c11-s001,1,1,p2,ENFP,seer,seer,54,claim|intent,p1,,,,v1
e-20260830-010837,e-20260830-010837-t010,e-20260830-010837-t010-c11,e-20260830-010837-t010-c11-s002,2,1,p5,ENFP,villager,villager,84,agree|intent,p1,,,,v1
e-20260830-010837,e-20260830-010837-t010,e-20260830-010837-t010-c11,e-20260830-010837-t010-c11-s003,3,1,p8,ENFP,thief,thief,85,claim|question|intent,p2|p5,,,,v1
e-20260830-010837,e-20260830-010837-t010,e-20260830-010837-t010-c11,e-20260830-010837-t010-c11-s004,4,1,p1,ENFP,villager,villager,85,claim|intent,,,,,v1
e-20260830-010837,e-20260830-010837-t010,e-20260830-010837-t010-c11,e-20260830-010837-t010-c11-s005,5,1,p4,ENFP,werewolf,werewolf,107,claim|question,p3|p8,p3,suspect,3,v1
e-20260830-010837,e-20260830-010837-t010,e-20260830-010837-t010-c11,e-20260830-010837-t010-c11-s006,6,1,p3,ENFP,werewolf,werewolf,107,claim|question|defend,p8|p4,,,,v1
e-20260830-010837,e-20260830-010837-t010,e-20260830-010837-t010-c11,e-20260830-010837-t010-c11-s007,7,2,p8,ENFP,thief,thief,101,hypothesis|intent,p2|p5|p4|p3,p3,suspect,1,v1
e-20260830-010837,e-20260830-010837-t010,e-20260830-010837-t010-c11,e-20260830-010837-t010-c11-s008,8,2,p7,ENFP,villager,villager,97,question|hypothesis|intent,p8|p3|p4,,,,v1
e-20260830-010837,e-20260830-010837-t010,e-20260830-010837-t010-c11,e-20260830-010837-t010-c11-s009,9,2,p5,ENFP,villager,villager,154,suspect|hypothesis,p8|p3|p4,p3,suspect,2,v1
e-20260830-010837,e-20260830-010837-t010,e-20260830-010837-t010-c11,e-20260830-010837-t010-c11-s010,10,2,p3,ENFP,werewolf,werewolf,167,suspect|hypothesis|intent,p8|p4,p4,suspect,2,v1
e-20260830-010837,e-20260830-010837-t010,e-20260830-010837-t010-c11,e-20260830-010837-t010-c11-s011,11,2,p6,ENFP,villager,villager,154,suspect|hypothesis,p8|p3|p4,p3,suspect,2,v1
e-20260830-010837,e-20260830-010837-t010,e-20260830-010837-t010-c11,e-20260830-010837-t010-c11-s012,12,2,p4,ENFP,werewolf,werewolf,95,claim|intent,p8|p3,,,,v1
e-20260830-010837,e-20260830-010837-t010,e-20260830-010837-t010-c11,e-20260830-010837-t010-c11-s013,13,3,p2,ENFP,seer,seer,154,suspect|hypothesis,p8|p3|p4,p3,suspect,2,v1
e-20260830-010837,e-20260830-010837-t010,e-20260830-010837-t010-c11,e-20260830-010837-t010-c11-s014,14,4,p3,ENFP,werewolf,werewolf,130,claim|suspect|hypothesis,p8|p3,,,,v1
e-20260830-010837,e-20260830-010837-t010,e-20260830-010837-t010-c11,e-20260830-010837-t010-c11-s015,15,4,p4,ENFP,werewolf,werewolf,112,suspect|agree|hypothesis,p8|p3,p3,suspect,2,v1
e-20260830-010837,e-20260830-010837-t010,e-20260830-010837-t010-c11,e-20260830-010837-t010-c11-s016,16,5,p3,ENFP,werewolf,werewolf,111,suspect|rebut|hypothesis,p4|p3,,,,v1
e-20260830-010837,e-20260830-010837-t010,e-20260830-010837-t010-c11,e-20260830-010837-t010-c11-s017,17,5,p8,ENFP,thief,thief,144,suspect|hypothesis|intent,p3|p4,p3,suspect,2,v1
e-20260830-010837,e-20260830-010837-t010,e-20260830-010837-t010-c11,e-20260830-010837-t010-c11-s018,18,5,p4,ENFP,werewolf,werewolf,83,defend|rebut|question,p8,,,,v1
e-20260830-010837,e-20260830-010837-t010,e-20260830-010837-t010-c11,e-20260830-010837-t010-c11-s019,19,6,p8,ENFP,thief,thief,153,suspect|hypothesis|intent,p3|p4,p3,suspect,2,v1
e-20260830-010837,e-20260830-010837-t010,e-20260830-010837-t010-c12,e-20260830-010837-t010-c12-s001,1,1,p2,ENTP,seer,seer,59,question,p1,,,,v1
e-20260830-010837,e-20260830-010837-t010,e-20260830-010837-t010-c12,e-20260830-010837-t010-c12-s002,2,1,p8,ENTP,thief,thief,65,question,p1,,,,v1
e-20260830-010837,e-20260830-010837-t010,e-20260830-010837-t010-c12,e-20260830-010837-t010-c12-s003,3,1,p4,ENTP,werewolf,werewolf,109,agree|intent,p1|p8,,,,v1
e-20260830-010837,e-20260830-010837-t010,e-20260830-010837-t010-c12,e-20260830-010837-t010-c12-s004,4,1,p3,ENTP,werewolf,werewolf,107,suspect,p1|p5,p5,suspect,1,v1
e-20260830-010837,e-20260830-010837-t010,e-20260830-010837-t010-c12,e-20260830-010837-t010-c12-s005,5,2,p8,ENTP,thief,thief,91,intent,,,,,v1
e-20260830-010837,e-20260830-010837-t010,e-20260830-010837-t010-c12,e-20260830-010837-t010-c12-s006,6,2,p3,ENTP,werewolf,werewolf,94,question|suspect,p1|p5,p5,suspect,1,v1
e-20260830-010837,e-20260830-010837-t010,e-20260830-010837-t010-c12,e-20260830-010837-t010-c12-s007,7,2,p6,ENTP,villager,villager,87,agree|intent,p1,,,,v1
e-20260830-010837,e-20260830-010837-t010,e-20260830-010837-t010-c12,e-20260830-010837-t010-c12-s008,8,2,p2,ENTP,seer,seer,104,intent,,,,,v1
e-20260830-010837,e-20260830-010837-t010,e-20260830-010837-t010-c12,e-20260830-010837-t010-c12-s009,9,2,p4,ENTP,werewolf,werewolf,167,question|hypothesis,p3|p1|p5,p1,suspect,1,v1
e-20260830-010837,e-20260830-010837-t010,e-20260830-010837-t010-c12,e-20260830-010837-t010-c12-s010,10,3,p7,ENTP,villager,villager,128,agree|hypothesis,p3|p1|p5,p5,suspect,1,v1
e-20260830-010837,e-20260830-010837-t010,e-20260830-010837-t010-c12,e-20260830-010837-t010-c12-s011,11,3,p5,ENTP,villager,villager,162,defend|rebut,p4|p7|p1|p5,,,,v1
e-20260830-010837,e-20260830-010837-t010,e-20260830-010837-t010-c12,e-20260830-010837-t010-c12-s012,12,3,p1,ENTP,villager,villager,140,intent,p2|p8,,,,v1
e-20260830-010837,e-20260830-010837-t010,e-20260830-010837-t010-c12,e-20260830-010837-t010-c12-s013,13,3,p6,ENTP,villager,villager,91,agree|hypothesis,p1|p5,p1,suspect,1,v1
e-20260830-010837,e-20260830-010837-t010,e-20260830-010837-t010-c12,e-20260830-010837-t010-c12-s014,14,4,p7,ENTP,villager,villager,138,hypothesis|intent,p5|p1,p1,suspect,1,v1
e-20260830-010837,e-20260830-010837-t010,e-20260830-010837-t010-c13,e-20260830-010837-t010-c13-s001,1,1,p2,ESTJ,seer,seer,41,claim,p1,p1,defend,1,v1
e-20260830-010837,e-20260830-010837-t010,e-20260830-010837-t010-c13,e-20260830-010837-t010-c13-s002,2,1,p8,ESTJ,thief,thief,65,agree|intent,p1,p1,defend,1,v1
e-20260830-010837,e-20260830-010837-t010,e-20260830-010837-t010-c13,e-20260830-010837-t010-c13-s003,3,1,p7,ESTJ,villager,villager,70,question|intent,,,,,v1
e-20260830-010837,e-20260830-010837-t010,e-20260830-010837-t010-c13,e-20260830-010837-t010-c13-s004,4,1,p6,ESTJ,villager,villager,92,hypothesis|intent,,,,,v1
e-20260830-010837,e-20260830-010837-t010,e-20260830-010837-t010-c13,e-20260830-010837-t010-c13-s005,5,1,p1,ESTJ,villager,villager,128,hypothesis|intent,,,,,v1
e-20260830-010837,e-20260830-010837-t010,e-20260830-010837-t010-c13,e-20260830-010837-t010-c13-s006,6,1,p4,ESTJ,werewolf,werewolf,108,defend|question,p1,p1,defend,2,v1
e-20260830-010837,e-20260830-010837-t010,e-20260830-010837-t010-c13,e-20260830-010837-t010-c13-s007,7,1,p3,ESTJ,werewolf,werewolf,97,agree|hypothesis|intent,p1,,,,v1
e-20260830-010837,e-20260830-010837-t010,e-20260830-010837-t010-c13,e-20260830-010837-t010-c13-s008,8,2,p8,ESTJ,thief,thief,168,hypothesis|intent,p1,p1,defend,1,v1
e-20260830-010837,e-20260830-010837-t010,e-20260830-010837-t010-c13,e-20260830-010837-t010-c13-s009,9,2,p4,ESTJ,werewolf,werewolf,158,hypothesis|intent,p1,p1,suspect,1,v1
e-20260830-010837,e-20260830-010837-t010,e-20260830-010837-t010-c13,e-20260830-010837-t010-c13-s010,10,3,p7,ESTJ,villager,villager,102,question|hypothesis,p1,,,,v1
e-20260830-010837,e-20260830-010837-t010,e-20260830-010837-t010-c13,e-20260830-010837-t010-c13-s011,11,3,p1,ESTJ,villager,villager,149,hypothesis|intent|suspect,p7,p7,suspect,1,v1
e-20260830-010837,e-20260830-010837-t010,e-20260830-010837-t010-c13,e-20260830-010837-t010-c13-s012,12,3,p3,ESTJ,werewolf,werewolf,154,agree|hypothesis|intent|suspect,p7,p7,suspect,1,v1
e-20260830-010837,e-20260830-010837-t010,e-20260830-010837-t010-c14,e-20260830-010837-t010-c14-s001,1,1,p2,ESFJ,seer,seer,59,claim|intent,p1,,,,v1
e-20260830-010837,e-20260830-010837-t010,e-20260830-010837-t010-c14,e-20260830-010837-t010-c14-s002,2,1,p8,ESFJ,thief,thief,98,rebut|intent,p1,p1,suspect,1,v1
e-20260830-010837,e-20260830-010837-t010,e-20260830-010837-t010-c14,e-20260830-010837-t010-c14-s003,3,1,p7,ESFJ,villager,villager,107,suspect|hypothesis|intent,p1|p2,p2,suspect,2,v1
e-20260830-010837,e-20260830-010837-t010,e-20260830-010837-t010-c14,e-20260830-010837-t010-c14-s004,4,1,p1,ESFJ,villager,villager,121,agree|intent,p2,p2,suspect,1,v1
e-20260830-010837,e-20260830-010837-t010,e-20260830-010837-t010-c14,e-20260830-010837-t010-c14-s005,5,1,p4,ESFJ,werewolf,werewolf,107,suspect|intent,p1|p2,p2,suspect,2,v1
e-20260830-010837,e-20260830-010837-t010,e-20260830-010837-t010-c14,e-20260830-010837-t010-c14-s006,6,1,p3,ESFJ,werewolf,werewolf,112,suspect|intent,p1|p2,p2,suspect,2,v1
e-20260830-010837,e-20260830-010837-t010,e-20260830-010837-t010-c14,e-20260830-010837-t010-c14-s007,7,2,p8,ESFJ,thief,thief,100,rebut|intent,p2|p3|p4,p2,defend,1,v1
e-20260830-010837,e-20260830-010837-t010,e-20260830-010837-t010-c14,e-20260830-010837-t010-c14-s008,8,2,p3,ESFJ,werewolf,werewolf,140,agree|intent,p1|p2|p8,,,,v1
e-20260830-010837,e-20260830-010837-t010,e-20260830-010837-t010-c14,e-20260830-010837-t010-c14-s009,9,2,p1,ESFJ,villager,villager,140,agree|intent,p1|p2,,,,v1
e-20260830-010837,e-20260830-010837-t010,e-20260830-010837-t010-c14,e-20260830-010837-t010-c14-s010,10,2,p2,ESFJ,seer,seer,102,agree|intent,p2,,,,v1
e-20260830-010837,e-20260830-010837-t010,e-20260830-010837-t010-c15,e-20260830-010837-t010-c15-s001,1,1,p2,ENFJ,seer,seer,56,claim|intent,p1,p1,defend,2,v1
e-20260830-010837,e-20260830-010837-t010,e-20260830-010837-t010-c15,e-20260830-010837-t010-c15-s002,2,1,p8,ENFJ,thief,thief,86,rebut|intent,p1,p1,suspect,1,v1
e-20260830-010837,e-20260830-010837-t010,e-20260830-010837-t010-c15,e-20260830-010837-t010-c15-s003,3,1,p4,ENFJ,werewolf,werewolf,94,rebut|intent,p1,p1,defend,1,v1
e-20260830-010837,e-20260830-010837-t010,e-20260830-010837-t010-c15,e-20260830-010837-t010-c15-s004,4,1,p3,ENFJ,werewolf,werewolf,87,rebut|intent,p1,p1,suspect,1,v1
e-20260830-010837,e-20260830-010837-t010,e-20260830-010837-t010-c15,e-20260830-010837-t010-c15-s005,5,2,p8,ENFJ,thief,thief,88,hypothesis|intent,p1,p1,defend,1,v1
e-20260830-010837,e-20260830-010837-t010,e-20260830-010837-t010-c15,e-20260830-010837-t010-c15-s006,6,2,p3,ENFJ,werewolf,werewolf,114,hypothesis|suspect|intent,p1,p1,suspect,2,v1
e-20260830-010837,e-20260830-010837-t010,e-20260830-010837-t010-c15,e-20260830-010837-t010-c15-s007,7,2,p2,ENFJ,seer,seer,134,intent|agree,p1|p3|p4,p4,defend,1,v1
e-20260830-010837,e-20260830-010837-t010,e-20260830-010837-t010-c15,e-20260830-010837-t010-c15-s008,8,2,p4,ENFJ,werewolf,werewolf,134,agree|hypothesis|intent,p2|p3|p8|p1,p1,defend,1,v1
e-20260830-010837,e-20260830-010837-t010,e-20260830-010837-t010-c16,e-20260830-010837-t010-c16-s001,1,1,p2,ENTJ,seer,seer,52,question,,,,,v1
